show_eventDate,cablecast_show_id,cablecast_title,show_url,looks_like_a_board_meeting,note
2023-02-16,14911,SAU 6 Board Meeting - 2/16/23,https://reflect-claremont.cablecast.tv/internetchannel/show/14911?site=1,yes,"SAU 6 board meeting; the SAU 6 share's 2022/2023/2024 archive folders have never been opened, so its agenda/minutes may exist there."
2023-03-30,14986,SAU #6 Board Meeting 3/30/23,https://reflect-claremont.cablecast.tv/internetchannel/show/14986?site=1,yes,"SAU 6 board meeting; the SAU 6 share's 2022/2023/2024 archive folders have never been opened, so its agenda/minutes may exist there."
2023-04-13,15022,SAU 6 Board Meeting 4/13/23,https://reflect-claremont.cablecast.tv/internetchannel/show/15022?site=1,yes,"SAU 6 board meeting; the SAU 6 share's 2022/2023/2024 archive folders have never been opened, so its agenda/minutes may exist there."
2023-04-17,15029,Sullivan County Commissioners - SCSO - 4/17/23,https://reflect-claremont.cablecast.tv/internetchannel/show/15029?site=1,no - other programming,
2023-05-11,15073,SAU 6 Board Meeting 5/11/23,https://reflect-claremont.cablecast.tv/internetchannel/show/15073?site=1,yes,"SAU 6 board meeting; the SAU 6 share's 2022/2023/2024 archive folders have never been opened, so its agenda/minutes may exist there."
2023-05-25,15110,NH School Funding and Fairness - Claremont NH - 5/25/23,https://reflect-claremont.cablecast.tv/internetchannel/show/15110?site=1,no - other programming,
2023-06-08,15124,Stevens HS Graduation 6/8/23,https://reflect-claremont.cablecast.tv/internetchannel/show/15124?site=1,no - other programming,
2023-07-13,15193,SAU 6 Board Meeting 7/13/23,https://reflect-claremont.cablecast.tv/internetchannel/show/15193?site=1,yes,"SAU 6 board meeting; the SAU 6 share's 2022/2023/2024 archive folders have never been opened, so its agenda/minutes may exist there."
2023-08-17,15254,SAU 6 Board Meeting 8/17/23,https://reflect-claremont.cablecast.tv/internetchannel/show/15254?site=1,yes,"SAU 6 board meeting; the SAU 6 share's 2022/2023/2024 archive folders have never been opened, so its agenda/minutes may exist there."
2023-09-06,15286,Claremont School Board Meeting 9/6/23,https://reflect-claremont.cablecast.tv/internetchannel/show/15286?site=1,yes,
2023-09-19,15343,NH Public School Minimum Standards Listening Session - Plainfield NH 9/19/23,https://reflect-claremont.cablecast.tv/internetchannel/show/15343?site=1,no - other programming,
2023-10-17,15356,Public Storm water Education and Discussion 10/17/23,https://reflect-claremont.cablecast.tv/internetchannel/show/15356?site=1,no - other programming,
2023-11-09,15299,SAU 6 Board Meeting 11/9/23,https://reflect-claremont.cablecast.tv/internetchannel/show/15299?site=1,yes,"SAU 6 board meeting; the SAU 6 share's 2022/2023/2024 archive folders have never been opened, so its agenda/minutes may exist there."
2023-11-30,15443,Claremont School Board Finance Committee - 11/30/23,https://reflect-claremont.cablecast.tv/internetchannel/show/15443?site=1,yes,Finance Committee meetings have no packets or minutes posted anywhere in Drive.
2023-12-01,15444,Claremont School Board Finance Committee - 12/1/23,https://reflect-claremont.cablecast.tv/internetchannel/show/15444?site=1,yes,Finance Committee meetings have no packets or minutes posted anywhere in Drive.
2023-12-07,15455,SAU 6 Board Meeting 12/7/23,https://reflect-claremont.cablecast.tv/internetchannel/show/15455?site=1,yes,"SAU 6 board meeting; the SAU 6 share's 2022/2023/2024 archive folders have never been opened, so its agenda/minutes may exist there."
2023-12-13,15471,School Board Finance Mtg 12/13/23,https://reflect-claremont.cablecast.tv/internetchannel/show/15471?site=1,yes,Finance Committee meetings have no packets or minutes posted anywhere in Drive.
2023-12-14,15472,SAU 6 Board Meeting 12/14/23,https://reflect-claremont.cablecast.tv/internetchannel/show/15472?site=1,yes,"SAU 6 board meeting; the SAU 6 share's 2022/2023/2024 archive folders have never been opened, so its agenda/minutes may exist there."
2023-12-18,15451,School Board Finance Mtg 12/18/23,https://reflect-claremont.cablecast.tv/internetchannel/show/15451?site=1,yes,Finance Committee meetings have no packets or minutes posted anywhere in Drive.
2024-01-05,15510,School Board Finance Meeting 1/5/23,https://reflect-claremont.cablecast.tv/internetchannel/show/15510?site=1,yes,Finance Committee meetings have no packets or minutes posted anywhere in Drive.
2024-01-11,15523,SAU 6 Board Meeting 1/11/23,https://reflect-claremont.cablecast.tv/internetchannel/show/15523?site=1,yes,"SAU 6 board meeting; the SAU 6 share's 2022/2023/2024 archive folders have never been opened, so its agenda/minutes may exist there."
2024-02-15,15580,SAU 6 Board Meeting 2/15/24,https://reflect-claremont.cablecast.tv/internetchannel/show/15580?site=1,yes,"SAU 6 board meeting; the SAU 6 share's 2022/2023/2024 archive folders have never been opened, so its agenda/minutes may exist there."
2024-04-11,15687,SAU 6 Board Meeting 4/11/24,https://reflect-claremont.cablecast.tv/internetchannel/show/15687?site=1,yes,"SAU 6 board meeting; the SAU 6 share's 2022/2023/2024 archive folders have never been opened, so its agenda/minutes may exist there."
2024-06-06,15787,Stevens HS Graduation '24  6/6/24,https://reflect-claremont.cablecast.tv/internetchannel/show/15787?site=1,no - other programming,
2024-11-19,16155,Finance Committee School Board 11/19/24,https://reflect-claremont.cablecast.tv/internetchannel/show/16155?site=1,yes,Finance Committee meetings have no packets or minutes posted anywhere in Drive.
2024-12-13,16215,School Board Finance Meeting 12/13/24,https://reflect-claremont.cablecast.tv/internetchannel/show/16215?site=1,yes,Finance Committee meetings have no packets or minutes posted anywhere in Drive.
2025-01-16,16265,School Funding and Property Taxes in Sullivan County - Fair Funding Project,https://reflect-claremont.cablecast.tv/internetchannel/show/16265?site=1,no - other programming,
2025-03-04,16370,School Board Candidates Forum - 3/4/25,https://reflect-claremont.cablecast.tv/internetchannel/show/16370?site=1,no - other programming,
2025-06-04,16586,Stevens Class Night - 2025,https://reflect-claremont.cablecast.tv/internetchannel/show/16586?site=1,no - other programming,
2025-06-05,16585,Stevens HS Graduation '25 6/5/25,https://reflect-claremont.cablecast.tv/internetchannel/show/16585?site=1,no - other programming,
2026-04-06,17300,Claremont School Board - Dr. Tim Broderick Interview 4/6/26,https://reflect-claremont.cablecast.tv/internetchannel/show/17300?site=1,yes,
2026-06-10,17407,Stevens Graduation '26 - 6/11/26,https://reflect-claremont.cablecast.tv/internetchannel/show/17407?site=1,no - other programming,
2026-06-10,17410,Stevens Senior Class Night '26 - 6/10/26,https://reflect-claremont.cablecast.tv/internetchannel/show/17410?site=1,no - other programming,
