meeting_date,body_per_documents,documents_on_file,document_source,cablecast_show_id,cablecast_title,show_eventDate,show_url,match_basis,map_section,notes
2023-02-01,Claremont School Board,Minutes (Approved),2023 Meeting Minutes,14875,Claremont School Board Meeting 2/1/23,2023-02-01,https://reflect-claremont.cablecast.tv/internetchannel/show/14875?site=1,title-date,,
2023-02-08,Claremont School Board,Minutes (Approved),2023 Meeting Minutes,14892,Claremont School Board Deliberative Session 2/8/23,2023-02-08,https://reflect-claremont.cablecast.tv/internetchannel/show/14892?site=1,title-date,,
2023-02-15,Claremont School Board,Minutes (Approved),2023 Meeting Minutes,14909,Claremont School Board 2/15/23,2023-02-15,https://reflect-claremont.cablecast.tv/internetchannel/show/14909?site=1,title-date,,
2023-03-01,Claremont School Board,Minutes (Approved),2023 Meeting Minutes,14937,Claremont School Board Meeting 3/1/23,2023-03-01,https://reflect-claremont.cablecast.tv/internetchannel/show/14937?site=1,title-date,,
2023-04-05,Claremont School Board,Minutes (Approved),2023 Meeting Minutes,15003,School Board Meeting live 4/5/23,2023-04-05,https://reflect-claremont.cablecast.tv/internetchannel/show/15003?site=1,title-date,,
2023-04-19,Claremont School Board,Minutes (Approved),2023 Meeting Minutes,15028,Claremont School Board Meeting 4/19/23,2023-04-19,https://reflect-claremont.cablecast.tv/internetchannel/show/15028?site=1,title-date,,
2023-05-03,Claremont School Board,Minutes (Approved),2023 Meeting Minutes,15058,Claremont School Board Meeting 5/3/23,2023-05-03,https://reflect-claremont.cablecast.tv/internetchannel/show/15058?site=1,title-date,,
2023-06-07,Claremont School Board,Minutes (Approved),2023 Meeting Minutes,15123,School Board Meeting 6/7/23,2023-06-07,https://reflect-claremont.cablecast.tv/internetchannel/show/15123?site=1,title-date,,
2023-06-21,Claremont School Board,Minutes (Approved),2023 Meeting Minutes,15153,School Board Meeting 6/21/23,2023-06-21,https://reflect-claremont.cablecast.tv/internetchannel/show/15153?site=1,title-date,,
2023-07-19,Claremont School Board,Minutes (Approved),2023 Meeting Minutes,15205,Claremont School Board Meeting 7/19/23,2023-07-19,https://reflect-claremont.cablecast.tv/internetchannel/show/15205?site=1,title-date,,
2023-08-02,Claremont School Board,Minutes (Approved),2023 Meeting Minutes,15228,School Board Meeting 8/2/23,2023-08-02,https://reflect-claremont.cablecast.tv/internetchannel/show/15228?site=1,title-date,,
2023-08-09,Claremont School Board,Minutes (Approved),2023 Meeting Minutes,15240,School Board Meeting 8/9/23,2023-08-09,https://reflect-claremont.cablecast.tv/internetchannel/show/15240?site=1,title-date,,
2023-08-16,Claremont School Board,Minutes (Approved),2023 Meeting Minutes,15253,Claremont School Board Meeting 8/16/23,2023-08-16,https://reflect-claremont.cablecast.tv/internetchannel/show/15253?site=1,title-date,,
2023-09-20,Claremont School Board,Minutes (Approved),2023 Meeting Minutes,15311,Claremont School Board Meeting 9/20/23,2023-09-20,https://reflect-claremont.cablecast.tv/internetchannel/show/15311?site=1,title-date,,
2023-10-04,Claremont School Board,Minutes (Approved),2023 Meeting Minutes,15336,Claremont School Board 10/4/23,2023-10-04,https://reflect-claremont.cablecast.tv/internetchannel/show/15336?site=1,title-date,,
2023-10-18,Claremont School Board,Minutes (Approved),2023 Meeting Minutes,15357,Claremont School Board 10/18/23,2023-10-18,https://reflect-claremont.cablecast.tv/internetchannel/show/15357?site=1,title-date,,
2023-11-01,Claremont School Board,Minutes (Approved),2023 Meeting Minutes,15385,Claremont School Board 11/1/23,2023-11-01,https://reflect-claremont.cablecast.tv/internetchannel/show/15385?site=1,title-date,,
2023-11-15,Claremont School Board,Minutes (Approved),2023 Meeting Minutes,15413,Claremont School Board 11/15/23,2023-11-15,https://reflect-claremont.cablecast.tv/internetchannel/show/15413?site=1,title-date,,
2023-12-06,Claremont School Board,Minutes (Approved),2023 Meeting Minutes,15452,Claremont School Board Finance Committee 12/6/23,2023-12-06,https://reflect-claremont.cablecast.tv/internetchannel/show/15452?site=1,title-date,,"Finance Committee, same night as the full board (show 15453)."
2023-12-06,Claremont School Board,Minutes (Approved),2023 Meeting Minutes,15453,School Board Meeting 12/6/23,2023-12-06,https://reflect-claremont.cablecast.tv/internetchannel/show/15453?site=1,title-date,,
2023-12-20,Claremont School Board,Minutes (Approved),2023 Meeting Minutes,15483,Claremont School Board 12/20/23,2023-12-20,https://reflect-claremont.cablecast.tv/internetchannel/show/15483?site=1,title-date,,
2024-01-03,Claremont School Board,Minutes (Approved),2024 Meeting Minutes,15505,School Board Meeting 1/3/23,2024-01-03,https://reflect-claremont.cablecast.tv/internetchannel/show/15505?site=1,title-day + eventDate (title year typo: 1/3/23),,
2024-01-17,Claremont School Board,Minutes (Approved),2024 Meeting Minutes,15531,Claremont School Board 1/17/24,2024-01-17,https://reflect-claremont.cablecast.tv/internetchannel/show/15531?site=1,title-date,,
2024-01-29,Claremont School Board,Minutes (Approved),2024 Meeting Minutes,(no recording found),,,,"exhaustive date + term sweep, no hit",,Minutes are for a CSB working session; no Cablecast show on that date (only Cinemaniacs and Democracy Now).
2024-02-03,Claremont School Board,Minutes (Approved),2024 Meeting Minutes,15552,Claremont School Deliberative Session 2/3/24,2024-02-03,https://reflect-claremont.cablecast.tv/internetchannel/show/15552?site=1,title-date,,
2024-02-21,Claremont School Board,Minutes (Approved),2024 Meeting Minutes,15585,School Board Meeting 2/21/24,2024-02-21,https://reflect-claremont.cablecast.tv/internetchannel/show/15585?site=1,title-date,,
2024-03-06,Claremont School Board,Minutes (Approved),2024 Meeting Minutes,15607,School Board Meeting 3/6/24,2024-03-06,https://reflect-claremont.cablecast.tv/internetchannel/show/15607?site=1,title-date,,
2024-03-20,Claremont School Board,Minutes (Approved),2024 Meeting Minutes,15638,School Board Meeting 3/20/24,2024-03-20,https://reflect-claremont.cablecast.tv/internetchannel/show/15638?site=1,title-date,,
2024-04-17,Claremont School Board,Minutes (Approved),2024 Meeting Minutes,15693,School Board Meeting 4/17/24,2024-04-17,https://reflect-claremont.cablecast.tv/internetchannel/show/15693?site=1,title-date,,
2024-05-11,Claremont School Board,Minutes (Approved),2024 Meeting Minutes,(no recording found),,,,"exhaustive date + term sweep, no hit",,Minutes are for a CSB retreat (a Saturday); no Cablecast show on that date.
2024-05-15,Claremont School Board,Minutes (Approved),2024 Meeting Minutes,15722,School Board Meeting 5/15/24,2024-05-15,https://reflect-claremont.cablecast.tv/internetchannel/show/15722?site=1,title-date,,
2024-05-22,Claremont School Board,Minutes (Approved),2024 Meeting Minutes,(no recording found),,,,"exhaustive date + term sweep, no hit",,Approved CSB minutes exist but nothing was cablecast; only City Council 5/22/24 aired.
2024-06-05,Claremont School Board,Minutes (Approved),2024 Meeting Minutes,15786,Claremont School Board 6/5/24,2024-06-05,https://reflect-claremont.cablecast.tv/internetchannel/show/15786?site=1,title-date,,
2024-06-20,Claremont School Board,Minutes (Approved),2024 Meeting Minutes,15814,School Board Meeting 6/20/24,2024-06-20,https://reflect-claremont.cablecast.tv/internetchannel/show/15814?site=1,title-date,,
2024-08-07,Claremont School Board,Minutes (Approved),2024 Meeting Minutes,(no recording found),,,,"exhaustive date + term sweep, no hit",,Approved CSB minutes exist but nothing was cablecast; only Democracy Now and a NH Gov & Council meeting aired.
2024-08-21,Claremont School Board,Minutes (Approved),2024 Meeting Minutes,15947,Claremont School Board 8/21/24,2024-08-21,https://reflect-claremont.cablecast.tv/internetchannel/show/15947?site=1,title-date,,
2024-09-04,Claremont School Board,Minutes (Approved),2024 Meeting Minutes,15994,Claremont School Board - 09/4/24,2024-09-04,https://reflect-claremont.cablecast.tv/internetchannel/show/15994?site=1,title-date,,
2024-09-12,SAU 6 Board,Agenda/packet,SAU 6 'Schoolboard Packets' share,16011,SAU #6 Board Meeting - 9/12/24,2024-09-12,https://reflect-claremont.cablecast.tv/internetchannel/show/16011?site=1,title-date,section 1,
2024-09-18,Claremont School Board,Minutes (Approved),2024 Meeting Minutes,16021,Claremont School Board - 9/18/24,2024-09-18,https://reflect-claremont.cablecast.tv/internetchannel/show/16021?site=1,title-date,,
2024-09-30,Claremont School Board,Minutes (Approved),2024 Meeting Minutes,16046,Claremont School Board and City Council Mtg - 9/30/24,2024-09-30,https://reflect-claremont.cablecast.tv/internetchannel/show/16046?site=1,title-date,,
2024-10-02,Claremont School Board,Minutes (Approved),2024 Meeting Minutes,16049,School Board Meeting - 10/2/24,2024-10-02,https://reflect-claremont.cablecast.tv/internetchannel/show/16049?site=1,title-date,,
2024-10-16,Claremont School Board,Minutes (Approved),2024 Meeting Minutes,16070,School Board Meeting - 10/16/24,2024-10-16,https://reflect-claremont.cablecast.tv/internetchannel/show/16070?site=1,title-date,,
2024-11-14,SAU 6 Board,Minutes (Approved) + Agenda/packet,2024 Meeting Minutes | SAU 6 'Schoolboard Packets' share,16142,SAU 6 Board Meeting - 11/14/24,2024-11-14,https://reflect-claremont.cablecast.tv/internetchannel/show/16142?site=1,title-date,section 2,"Approved CSB minutes AND an SAU 6 agenda both carry 11/14/24, but the only recording that night is titled SAU 6. Body attribution unresolved."
2024-11-20,Claremont School Board,Minutes (Approved),2024 Meeting Minutes,16157,School Board Meeting 11/20/24,2024-11-20,https://reflect-claremont.cablecast.tv/internetchannel/show/16157?site=1,title-date,,
2024-11-21,"SAU 6 Board, Strategic Plan Presentation",Agenda/packet,SAU 6 'Schoolboard Packets' share,16158,SAU 6 Board Meeting - 11/21/24,2024-11-21,https://reflect-claremont.cablecast.tv/internetchannel/show/16158?site=1,title-date,section 3,
2024-12-03,SAU 6 Board,Agenda/packet,SAU 6 'Schoolboard Packets' share,(no recording found),,,,"exhaustive date + term sweep, no hit",section 4,SAU 6 agenda and FY26 budget only; no recording (only Democracy Now aired). Confirmed by date and multi-term sweeps.
2024-12-04,Claremont School Board,Minutes (Approved),2024 Meeting Minutes,16192,School Board Meeting 12/4/24,2024-12-04,https://reflect-claremont.cablecast.tv/internetchannel/show/16192?site=1,title-date,,
2024-12-12,"SAU 6 Board, Budget Public Hearing",Agenda/packet,SAU 6 'Schoolboard Packets' share,16213,SAU #6 Board Meeting - 12/12/24,2024-12-12,https://reflect-claremont.cablecast.tv/internetchannel/show/16213?site=1,title-date,section 5,
2024-12-18,Claremont School Board,Minutes (Approved),2024 Meeting Minutes,16222,School Board 12/18/24,2024-12-18,https://reflect-claremont.cablecast.tv/internetchannel/show/16222?site=1,title-date,,
2024-12-18,Claremont School Board,Minutes (Approved),2024 Meeting Minutes,16226,School Board Finance Meeting 12/18/24,2024-12-18,https://reflect-claremont.cablecast.tv/internetchannel/show/16226?site=1,title-date,,"Finance Committee, same night as the full board (show 16222)."
2025-01-06,Claremont School Board Finance Committee,(none on file - recording only),MAP.md section 6; no packet or minutes in any Drive share,16246,School Board Finance Meeting 1/6/24,2025-01-06,https://reflect-claremont.cablecast.tv/internetchannel/show/16246?site=1,title-day + eventDate (title year typo: 1/6/24),section 6,Finance Committee / special-format meetings have never had packets or minutes posted.
2025-01-07,Claremont School Board,Minutes (Approved) + Agenda/packet,2025 Meeting Minutes | 'Packets - Posted to website' share,16253,School Board Meeting - 1/7/24,2025-01-06,https://reflect-claremont.cablecast.tv/internetchannel/show/16253?site=1,title-day + eventDate off by one (title year typo: 1/7/24),section 7,"Also matched by title by show 17092 ('Claremont School Board - 1/7/25'), which is really the 1/7/26 meeting mis-titled."
2025-01-15,"Claremont School Board, Budget Public Hearing",Minutes (Approved) + Agenda/packet,2025 Meeting Minutes | 'Packets - Posted to website' share,16266,Claremont School Board - 1/15/25,2025-01-15,https://reflect-claremont.cablecast.tv/internetchannel/show/16266?site=1,title-date,section 8,"Show 16265 (Fair Funding forum, 1/16/25) sits next to this date but is a separate program."
2025-01-21,Claremont School Board,Minutes (Approved),2025 Meeting Minutes,16286,School Board Meeting 1/21/25,2025-01-21,https://reflect-claremont.cablecast.tv/internetchannel/show/16286?site=1,title-date,section 9,
2025-02-01,"Claremont School Board, Deliberative Session",Minutes (Approved) + Agenda/packet,2025 Meeting Minutes | 'Packets - Posted to website' share,16315,School Board Deliberative Session - 2/1/25,2025-01-30,https://reflect-claremont.cablecast.tv/internetchannel/show/16315?site=1,title-date (eventDate wrong),section 10,
2025-02-05,Claremont School Board,Minutes (Approved) + Agenda/packet,2025 Meeting Minutes | 'Packets - Posted to website' share,16322,School Board Meeting - 2/5/25,2025-02-05,https://reflect-claremont.cablecast.tv/internetchannel/show/16322?site=1,title-date,section 11,
2025-02-19,Claremont School Board,Minutes (Approved) + Agenda/packet,2025 Meeting Minutes | 'Packets - Posted to website' share,16351,Claremont School Board - 2/19/25,2025-02-19,https://reflect-claremont.cablecast.tv/internetchannel/show/16351?site=1,title-date,section 12,
2025-03-05,Claremont School Board,Minutes (Approved) + Agenda/packet,2025 Meeting Minutes | 'Packets - Posted to website' share,16371,School Board Meeting - 3/5/25,2025-03-05,https://reflect-claremont.cablecast.tv/internetchannel/show/16371?site=1,title-date,section 13,
2025-03-17,Claremont School Safety Public Discussion,(none on file - recording only),MAP.md section 14; no packet or minutes in any Drive share,16408,Claremont School Safety Public Discussion,2025-03-17,https://reflect-claremont.cablecast.tv/internetchannel/show/16408?site=1,eventDate (title carries no date),section 14,Finance Committee / special-format meetings have never had packets or minutes posted.
2025-03-19,Claremont School Board,Minutes (Approved) + Agenda/packet,2025 Meeting Minutes | 'Packets - Posted to website' share,16409,School Board Meeting 3/19/25,2025-03-19,https://reflect-claremont.cablecast.tv/internetchannel/show/16409?site=1,title-date,section 15,
2025-04-02,Claremont School Board,Minutes (Approved) + Agenda/packet,2025 Meeting Minutes | 'Packets - Posted to website' share,16433,School Board Meeting - 4/2/25,2025-04-02,https://reflect-claremont.cablecast.tv/internetchannel/show/16433?site=1,title-date,section 16,
2025-04-10,SAU 6 Board,Agenda/packet,SAU 6 'Schoolboard Packets' share,16463,SAU 6 Board Meeting 4/10/25,2025-04-10,https://reflect-claremont.cablecast.tv/internetchannel/show/16463?site=1,title-date,section 17,
2025-04-16,Claremont School Board,Minutes (Approved) + Agenda/packet,2025 Meeting Minutes | 'Packets - Posted to website' share,16477,School Board Meeting - 4/16/25,2025-04-16,https://reflect-claremont.cablecast.tv/internetchannel/show/16477?site=1,title-date,section 18,
2025-04-17,Claremont School Board,Minutes (Approved),2025 Meeting Minutes,(no recording found),,,,"exhaustive date + term sweep, no hit",,Approved CSB minutes exist; no Cablecast show of any kind carries that date.
2025-05-07,Claremont School Board,Minutes (Approved) + Agenda/packet,2025 Meeting Minutes | 'Packets - Posted to website' share,16530,School Board Meeting - 5/7/25,2025-05-07,https://reflect-claremont.cablecast.tv/internetchannel/show/16530?site=1,title-date,section 19,
2025-05-21,Claremont School Board,Minutes (Approved) + Agenda/packet,2025 Meeting Minutes | 'Packets - Posted to website' share,16556,School Board - 5/21/25,2025-05-21,https://reflect-claremont.cablecast.tv/internetchannel/show/16556?site=1,title-date,section 20,
2025-06-03,Claremont School Board,Minutes (Approved) + Agenda/packet,2025 Meeting Minutes | 'Packets - Posted to website' share,16580,School Board Meeting - 6/3/25,2025-06-03,https://reflect-claremont.cablecast.tv/internetchannel/show/16580?site=1,title-date,section 21,
2025-06-12,SAU 6 Board,Agenda/packet,SAU 6 'Schoolboard Packets' share,16596,SAU 6 Board Meeting - 6/12/25,2025-06-12,https://reflect-claremont.cablecast.tv/internetchannel/show/16596?site=1,title-date,section 22,
2025-06-18,Claremont School Board,Minutes (Approved) + Agenda/packet,2025 Meeting Minutes | 'Packets - Posted to website' share,16602,School Board - 6/18/25,2025-06-18,https://reflect-claremont.cablecast.tv/internetchannel/show/16602?site=1,title-date,section 23,
2025-08-14,Claremont School Board,Minutes (Approved) + Agenda/packet,2025 Meeting Minutes | 'Packets - Posted to website' share,16764,School Board Meeting 8/14/25,2025-08-14,https://reflect-claremont.cablecast.tv/internetchannel/show/16764?site=1,title-date,section 24,
2025-08-20,Claremont School Board,Minutes (Approved) + Agenda/packet,2025 Meeting Minutes | 'Packets - Posted to website' share,16776,School Board Meeting - 8/20/25,2025-08-20,https://reflect-claremont.cablecast.tv/internetchannel/show/16776?site=1,title-date,section 25,
2025-08-21,SAU 6 Board,Minutes (Approved) + Agenda/packet,2025 Meeting Minutes | SAU 6 'Schoolboard Packets' share,(no recording found),,,,"exhaustive date + term sweep, no hit",section 26,SAU 6 agenda + DRAFT SAU 6 minutes AND an approved CSB minutes file both carry this date; the only show that night is the Conservation Commission.
2025-08-25,Claremont School Board,Minutes (Approved) + Agenda/packet,2025 Meeting Minutes | 'Packets - Posted to website' share,16786,School Board Meeting 8/25/25,2025-08-25,https://reflect-claremont.cablecast.tv/internetchannel/show/16786?site=1,title-date,section 27,
2025-08-26,SAU 6 Board,Agenda/packet,SAU 6 'Schoolboard Packets' share,(no recording found),,,,"exhaustive date + term sweep, no hit",section 28,SAU 6 agenda + DRAFT SAU 6 minutes; only Democracy Now aired.
2025-09-03,Claremont School Board,Minutes (Draft) + Agenda/packet,2025 Meeting Minutes | 'Packets - Posted to website' share,16813,School Board Meeting - 9/3/25,2025-09-03,https://reflect-claremont.cablecast.tv/internetchannel/show/16813?site=1,title-date,section 29,
2025-09-04,SAU 6 Board,Agenda/packet,SAU 6 'Schoolboard Packets' share,16820,SAU 6 Board Meeting - 9/4/25,2025-09-04,https://reflect-claremont.cablecast.tv/internetchannel/show/16820?site=1,title-date,section 30,
2025-09-10,Claremont School Board,Minutes (Draft) + Agenda/packet,2025 Meeting Minutes | 'Packets - Posted to website' share,16831,Claremont School Board - 9/10/25,2025-09-10,https://reflect-claremont.cablecast.tv/internetchannel/show/16831?site=1,title-date,section 31,
2025-09-11,SAU 6 Board,Agenda/packet,SAU 6 'Schoolboard Packets' share,16833,SAU #6 Board Meeting - 9/11/25,2025-09-11,https://reflect-claremont.cablecast.tv/internetchannel/show/16833?site=1,title-date,section 32,
2025-09-17,Claremont School Board,Minutes (Approved) + Agenda/packet,2025 Meeting Minutes | 'Packets - Posted to website' share,16857,School Board Meeting - 9/17/25,2025-09-17,https://reflect-claremont.cablecast.tv/internetchannel/show/16857?site=1,title-date,section 33,
2025-10-01,Claremont School Board,Agenda/packet,'Packets - Posted to website' share,16872,Claremont School Board - 10/1/25,2025-09-26,https://reflect-claremont.cablecast.tv/internetchannel/show/16872?site=1,title-date (eventDate wrong),section 34,
2025-10-06,"SAU 6 Board, Special Meeting",Agenda/packet,SAU 6 'Schoolboard Packets' share,16881,Special School Board Meeting 10/6/25,2025-10-06,https://reflect-claremont.cablecast.tv/internetchannel/show/16881?site=1,title-date,section 35,Two separate recordings this night: a CSB special meeting and an SAU 6 special meeting.
2025-10-06,"SAU 6 Board, Special Meeting",Agenda/packet,SAU 6 'Schoolboard Packets' share,16882,Special SAU #6 Board Meeting - 10/6/25,2025-10-06,https://reflect-claremont.cablecast.tv/internetchannel/show/16882?site=1,title-date,section 35,SAU 6 special meeting; distinct from show 16881 the same night.
2025-10-15,Claremont School Board,Minutes (Draft) + Agenda/packet,2025 Meeting Minutes | 'Packets - Posted to website' share,16896,Claremont School Board 10/15/25,2025-10-15,https://reflect-claremont.cablecast.tv/internetchannel/show/16896?site=1,title-date,section 36,
2025-11-05,Claremont School Board,Minutes (Draft) + Agenda/packet,2025 Meeting Minutes | 'Packets - Posted to website' share,16951,Claremont School Board - 11/5/25,2025-11-05,https://reflect-claremont.cablecast.tv/internetchannel/show/16951?site=1,title-date,section 37,
2025-11-05,Claremont School Board,Minutes (Draft) + Agenda/packet,2025 Meeting Minutes | 'Packets - Posted to website' share,16958,Claremont School Board - School Board Vacancy Discussion - 11/5/25,2025-11-05,https://reflect-claremont.cablecast.tv/internetchannel/show/16958?site=1,title-date,section 37,Second recording the same night: board-vacancy discussion.
2025-11-13,SAU 6 Board,Agenda/packet,SAU 6 'Schoolboard Packets' share,16976,SAU 6 Board Meeting - 11/13/25,2025-11-13,https://reflect-claremont.cablecast.tv/internetchannel/show/16976?site=1,title-date,section 38,
2025-11-19,Claremont School Board,Minutes (Draft) + Agenda/packet,2025 Meeting Minutes | 'Packets - Posted to website' share,16982,Claremont School Board 11/19/26,2025-11-19,https://reflect-claremont.cablecast.tv/internetchannel/show/16982?site=1,title-day + eventDate (title year typo: 11/19/26),section 39,
2025-12-03,Claremont School Board,Minutes (Approved) + Agenda/packet,2025 Meeting Minutes | 'Packets - Posted to website' share,17017,School Board Meeting - 12/3/25,2025-12-03,https://reflect-claremont.cablecast.tv/internetchannel/show/17017?site=1,title-date,section 40,
2025-12-10,Claremont School Board Finance Committee,(none on file - recording only),MAP.md section 41; no packet or minutes in any Drive share,17029,Claremont School Board - Finance Committee - 12/10/25,2025-12-10,https://reflect-claremont.cablecast.tv/internetchannel/show/17029?site=1,title-date,section 41,Finance Committee / special-format meetings have never had packets or minutes posted.
2025-12-12,Claremont School Board Finance Committee,(none on file - recording only),MAP.md section 42; no packet or minutes in any Drive share,17037,Claremont School Board : Finance Committee - 12/12/25,2025-12-12,https://reflect-claremont.cablecast.tv/internetchannel/show/17037?site=1,title-date,section 42,Finance Committee / special-format meetings have never had packets or minutes posted.
2025-12-17,Claremont School Board,Minutes (Approved) + Agenda/packet,2025 Meeting Minutes | 'Packets - Posted to website' share,17046,Claremont School Board: 12/17/25,2025-12-17,https://reflect-claremont.cablecast.tv/internetchannel/show/17046?site=1,title-date,section 43,
2026-01-07,"Claremont School Board, Public Hearing & Meeting",Minutes (Approved) + Agenda/packet,2026 Meeting Minutes | 'Packets - Posted to website' share,17092,Claremont School Board - 1/7/25,2026-01-07,https://reflect-claremont.cablecast.tv/internetchannel/show/17092?site=1,title-day + eventDate (title year typo: 1/7/25),section 44,
2026-01-20,"Claremont School Board, Public Hearing on Proposed Budgets",Minutes (Approved) + Agenda/packet,2026 Meeting Minutes | 'Packets - Posted to website' share,17116,School Board - Public Hearing Proposed New Budgets 1/20/25,2026-01-20,https://reflect-claremont.cablecast.tv/internetchannel/show/17116?site=1,title-day + eventDate (title year typo: 1/20/25),section 45,
2026-01-21,Claremont School Board,Minutes (Approved) + Agenda/packet,2026 Meeting Minutes | 'Packets - Posted to website' share,17095,Claremont School Board 1/21/26,2026-01-21,https://reflect-claremont.cablecast.tv/internetchannel/show/17095?site=1,title-date,section 46,
2026-02-04,Claremont School Board,Minutes (Approved),2026 Meeting Minutes,17134,Claremont School Board - 2/4/26,2026-02-04,https://reflect-claremont.cablecast.tv/internetchannel/show/17134?site=1,title-date,,
2026-02-07,Claremont School Board,Minutes (Draft),2026 Meeting Minutes,17125,Claremont School Board Deliberative Session - 2/7/26,2026-02-07,https://reflect-claremont.cablecast.tv/internetchannel/show/17125?site=1,title-date,,
2026-02-18,Claremont School Board,Minutes (Approved),2026 Meeting Minutes,17159,Claremont School Board 2/18/26,2026-02-18,https://reflect-claremont.cablecast.tv/internetchannel/show/17159?site=1,title-date,,
2026-02-18,Claremont School Board,Minutes (Approved),2026 Meeting Minutes,17168,Claremont School Board - Article 8 Discussion - 2/18/26,2026-02-18,https://reflect-claremont.cablecast.tv/internetchannel/show/17168?site=1,title-date,,Second recording the same night: Article 8 discussion.
2026-02-21,Claremont School Board,Minutes (Approved),2026 Meeting Minutes,(no recording found),,,,"exhaustive date + term sweep, no hit",,Approved CSB Self-Evaluation minutes (a Saturday); no show carries that date.
2026-03-04,Claremont School Board,Minutes (Approved),2026 Meeting Minutes,17201,Claremont School Board - 3/4/26,2026-03-04,https://reflect-claremont.cablecast.tv/internetchannel/show/17201?site=1,title-date,,
2026-03-18,Claremont School Board,Minutes (Approved),2026 Meeting Minutes,17241,Claremont School Board - 3/18/26,2026-03-17,https://reflect-claremont.cablecast.tv/internetchannel/show/17241?site=1,title-date (eventDate wrong),,
2026-03-26,Claremont School Board,Minutes (Approved),2026 Meeting Minutes,(no recording found),,,,"exhaustive date + term sweep, no hit",,Approved CSB Special Meeting minutes; no show carries that date.
2026-03-30,Claremont School Board,Minutes (Approved),2026 Meeting Minutes,(no recording found),,,,"exhaustive date + term sweep, no hit",,Approved CSB Special Meeting minutes; only Cinemaniacs and Democracy Now aired.
2026-04-01,Claremont School Board,Minutes (Approved),2026 Meeting Minutes,17291,School Board Meeting 4/1/26,2026-03-31,https://reflect-claremont.cablecast.tv/internetchannel/show/17291?site=1,title-date (eventDate wrong),,
2026-04-09,SAU 6 Board,Minutes (Approved) + Agenda/packet,2026 Meeting Minutes | SAU 6 'Schoolboard Packets' share,17307,SAU 6 - Board Meeting 4/9/26,2026-04-09,https://reflect-claremont.cablecast.tv/internetchannel/show/17307?site=1,title-date,section 47,Drive files this night as a CSB Special Meeting (approved minutes) while the recording and the SAU 6 packet folder both call it SAU 6.
2026-04-15,Claremont School Board,Minutes (Approved),2026 Meeting Minutes,17323,Claremont School Board - 4/15/26,2026-04-15,https://reflect-claremont.cablecast.tv/internetchannel/show/17323?site=1,title-date,,
2026-04-17,Claremont School Board,Minutes (Approved),2026 Meeting Minutes,(no recording found),,,,"exhaustive date + term sweep, no hit",,Approved CSB Special Meeting minutes; no show carries that date.
2026-05-06,Claremont School Board,Minutes (Approved),2026 Meeting Minutes,17348,Claremont School Board 5/6/26,2026-05-06,https://reflect-claremont.cablecast.tv/internetchannel/show/17348?site=1,title-date,,
2026-05-20,Claremont School Board,Minutes (Approved),2026 Meeting Minutes,17373,Claremont School Board - 5/20/26,2026-05-20,https://reflect-claremont.cablecast.tv/internetchannel/show/17373?site=1,title-date,,
2026-05-28,SAU 6 Board,Agenda/packet,SAU 6 'Schoolboard Packets' share,(no recording found),,,,"exhaustive date + term sweep, no hit",section 48,SAU 6 agenda + 26-27 CBA calendar draft; only the Historic District Commission aired.
2026-06-03,Claremont School Board,Minutes (Approved),2026 Meeting Minutes,17397,Claremont School Board - 6/3/26,2026-06-03,https://reflect-claremont.cablecast.tv/internetchannel/show/17397?site=1,title-date,,
2026-06-17,Claremont School Board,Minutes (Approved),2026 Meeting Minutes,17418,Claremont School Board - 6/17/26,2026-06-17,https://reflect-claremont.cablecast.tv/internetchannel/show/17418?site=1,title-date,,
2026-06-19,School Board Finance Committee,(none on file - recording only),MAP.md section 49; no packet or minutes in any Drive share,17431,School Board Finance Committee - 6/19/26,2026-06-19,https://reflect-claremont.cablecast.tv/internetchannel/show/17431?site=1,title-date,section 49,Finance Committee / special-format meetings have never had packets or minutes posted.
2026-07-21,Claremont School Board,Minutes (Draft) + Agenda/packet,2027 Meeting Minutes | 'Packets - Posted to website' share,17473,Claremont School Board 7/21/26,2026-07-21,https://reflect-claremont.cablecast.tv/internetchannel/show/17473?site=1,title-date,section 50,
2026-07-29,"Claremont School Board, Goal Setting Meeting",Agenda/packet,'Packets - Posted to website' share,17512,Claremont School Board - 7/29/26,2026-07-29,https://reflect-claremont.cablecast.tv/internetchannel/show/17512?site=1,title-date,section 51,
2026-08-05,Claremont School Board,Minutes (Draft) + Agenda/packet,2027 Meeting Minutes | 'Packets - Posted to website' share,17489,Claremont School Board - 8/5/26,2026-08-05,https://reflect-claremont.cablecast.tv/internetchannel/show/17489?site=1,title-date,section 52,
2026-08-12,Claremont School Board Finance,(none on file - recording only),MAP.md section 53; no packet or minutes in any Drive share,17530,Claremont School Board Finance - 8/12/26,2026-08-12,https://reflect-claremont.cablecast.tv/internetchannel/show/17530?site=1,title-date,section 53,Finance Committee / special-format meetings have never had packets or minutes posted.
2026-08-19,Claremont School Board,Agenda/packet,'Packets - Posted to website' share,17529,Claremont School Board 8/19/26,2026-08-19,https://reflect-claremont.cablecast.tv/internetchannel/show/17529?site=1,title-date,section 54,
