show_id,target_filename,mp4_url,cablecast_title,cablecast_event_date,duration_hms,note
17529,17529 SchoolBoard081926.mp4,https://reflect-claremont.cablecast.tv/store-3/17529-CSB-081926-v2/vod.mp4,Claremont School Board 8/19/26,2026-08-19,3:17:40,
17530,17530 SchoolBoardFinance081226.mp4,https://reflect-claremont.cablecast.tv/store-3/17530-CSB-Finance-081226-v2/vod.mp4,Claremont School Board Finance - 8/12/26,2026-08-12,1:10:18,
17489,17489 SchoolBoard080526.mp4,https://reflect-claremont.cablecast.tv/store-3/17489-SchoolBoard080526-v2/vod.mp4,Claremont School Board - 8/5/26,2026-08-05,3:42:50,
17512,17512 SchoolBoard072926.mp4,https://reflect-claremont.cablecast.tv/store-3/17512-ClaremontSchoolBoard072926-v4/vod.mp4,Claremont School Board - 7/29/26,2026-07-29,2:39:58,
17473,17473 SchoolBoard072126.mp4,https://reflect-claremont.cablecast.tv/store-3/17473-SchoolBoard072126-v2/vod.mp4,Claremont School Board 7/21/26,2026-07-21,2:40:01,
17431,17431 SchoolBoardFinance061926.mp4,https://reflect-claremont.cablecast.tv/store-3/17431-SchoolBoardFinance061926-v2/vod.mp4,School Board Finance Committee - 6/19/26,2026-06-19,1:17:43,
17095,17095 SchoolBoard012126.mp4,https://reflect-claremont.cablecast.tv/store-3/17095-SchoolBoard012126-v1/vod.mp4,Claremont School Board 1/21/26,2026-01-21,3:11:15,
17116,17116 SchoolBoardPublicHearing012026.mp4,https://reflect-claremont.cablecast.tv/store-3/17116-SchoolBoardPublicHearing012026-v1/vod.mp4,School Board - Public Hearing Proposed New Budgets 1/20/25,2026-01-20,1:53:19,
17092,17092 SchoolBoard010726.mp4,https://reflect-claremont.cablecast.tv/store-3/17092-SchoolBoard010726-v1/vod.mp4,Claremont School Board - 1/7/25,2026-01-07,3:09:23,
17046,17046 SchoolBoard121725.mp4,https://reflect-claremont.cablecast.tv/store-3/17046-BSOTB-December-2025-HD-v1/vod.mp4,Claremont School Board: 12/17/25,2025-12-17,3:04:23,
17037,17037 SchoolBoard-Finance-121225.mp4,https://reflect-claremont.cablecast.tv/store-3/17037-SchoolBoard-Finance-121225-v1/vod.mp4,Claremont School Board : Finance Committee - 12/12/25,2025-12-12,1:28:11,
17029,17029 SchoolBoardFinance121025.mp4,https://reflect-claremont.cablecast.tv/store-3/17029-SchoolBoardFinance121025-v2/vod.mp4,Claremont School Board - Finance Committee - 12/10/25,2025-12-10,1:15:26,
17017,17017 SchoolBoard120325.mp4,https://reflect-claremont.cablecast.tv/store-3/17017-SchoolBoard120325-v1/vod.mp4,School Board Meeting - 12/3/25,2025-12-03,3:33:54,
16982,16982 SchoolBoard111925.mp4,https://reflect-claremont.cablecast.tv/store-3/16982-SchoolBoard111925-v3/vod.mp4,Claremont School Board 11/19/26,2025-11-19,3:10:39,
16976,16976 SAU6-111325.mp4,https://reflect-claremont.cablecast.tv/store-3/16976-SAU6-111325-v1/vod.mp4,SAU 6 Board Meeting - 11/13/25,2025-11-13,0:53:56,
16951,16951 SchoolBoard110525.mp4,https://reflect-claremont.cablecast.tv/store-3/16951-SchoolBoard110525-v1/vod.mp4,Claremont School Board - 11/5/25,2025-11-05,3:18:26,
16896,16896 SchoolBoard101525.mp4,https://reflect-claremont.cablecast.tv/store-3/16896-SchoolBoard101525-v1/vod.mp4,Claremont School Board 10/15/25,2025-10-15,2:15:06,
16882,16882 SAU6BoardMeeting100625.mp4,https://reflect-claremont.cablecast.tv/store-3/16882-SAU6BoardMeeting100625-v1/vod.mp4,Special SAU #6 Board Meeting - 10/6/25,2025-10-06,1:59:50,
16872,16872 SchoolBoard100125.mp4,https://reflect-claremont.cablecast.tv/store-3/16872-SchoolBoard100125-v1/vod.mp4,Claremont School Board - 10/1/25,2025-09-26,3:45:25,
16857,16857 SchoolBoard091725.mp4,https://reflect-claremont.cablecast.tv/store-3/16857-SchoolBoard091725-v1/vod.mp4,School Board Meeting - 9/17/25,2025-09-17,2:24:13,
16833,16833 SAU6-091125.mp4,https://reflect-claremont.cablecast.tv/store-3/16833-SAU6-091125-v1/vod.mp4,SAU #6 Board Meeting - 9/11/25,2025-09-11,0:31:40,
16831,16831 School Board 091025.mp4,https://reflect-claremont.cablecast.tv/store-3/16831-School-Board-091025-v1/vod.mp4,Claremont School Board - 9/10/25,2025-09-10,2:48:27,
16820,16820 SAU6-090425.mp4,https://reflect-claremont.cablecast.tv/store-3/16820-SAU6-090425-v1/vod.mp4,SAU 6 Board Meeting - 9/4/25,2025-09-04,0:21:17,
16813,16813 SchoolBoard090325.mp4,https://reflect-claremont.cablecast.tv/store-3/16813-SchoolBoard090325-v1/vod.mp4,School Board Meeting - 9/3/25,2025-09-03,3:28:03,
16786,16786 School Board 082525.mp4,https://reflect-claremont.cablecast.tv/store-3/16786-School-Board-082525-v1/vod.mp4,School Board Meeting 8/25/25,2025-08-25,2:15:40,
16776,16776 SchoolBoard082025.mp4,https://reflect-claremont.cablecast.tv/store-3/16776-SchoolBoard082025-v2/vod.mp4,School Board Meeting - 8/20/25,2025-08-20,2:28:39,
16764,16764 School Board 081425.mp4,https://reflect-claremont.cablecast.tv/store-3/16764-School-Board-081425-v1/vod.mp4,School Board Meeting 8/14/25,2025-08-14,1:37:16,
16602,16602 SchoolBoard061825.mp4,https://reflect-claremont.cablecast.tv/store-3/16602-SchoolBoard061825-v1/vod.mp4,School Board - 6/18/25,2025-06-18,2:24:21,
16596,16596 SAU6-061225.mp4,https://reflect-claremont.cablecast.tv/store-3/16596-SAU6-061225-v1/vod.mp4,SAU 6 Board Meeting - 6/12/25,2025-06-12,0:25:09,
16580,16580 SchoolBoard060325.mp4,https://reflect-claremont.cablecast.tv/store-3/16580-SchoolBoard060325-v1/vod.mp4,School Board Meeting - 6/3/25,2025-06-03,2:00:33,
16556,16556 SchoolBoard052125.mp4,https://reflect-claremont.cablecast.tv/store-3/16556-SchoolBoard052125-v1/vod.mp4,School Board - 5/21/25,2025-05-21,1:23:03,
16530,16530 School Board 050725.mp4,https://reflect-claremont.cablecast.tv/store-3/16530-School-Board-050725-v1/vod.mp4,School Board Meeting - 5/7/25,2025-05-07,1:57:07,
16477,16477 SchoolBoard041625.mp4,https://reflect-claremont.cablecast.tv/store-3/16477-SchoolBoard041625-v1/vod.mp4,School Board Meeting - 4/16/25,2025-04-16,2:26:02,
16463,16463 SAU6Mtg-041025.mp4,https://reflect-claremont.cablecast.tv/store-3/16463-SAU6Mtg-041025-v1/vod.mp4,SAU 6 Board Meeting 4/10/25,2025-04-10,1:43:38,
16433,16433 SchoolBoard-040225.mp4,https://reflect-claremont.cablecast.tv/store-3/16433-SchoolBoard-040225-v1/vod.mp4,School Board Meeting - 4/2/25,2025-04-02,0:42:21,
16409,16409 SchoolBoard031925.mp4,https://reflect-claremont.cablecast.tv/store-3/16409-SchoolBoard031925-v1/vod.mp4,School Board Meeting 3/19/25,2025-03-19,2:07:56,
16408,16408 SchoolSafetyForum031725.mp4,https://reflect-claremont.cablecast.tv/store-3/16408-SchoolSafetyForum031725-v1/vod.mp4,Claremont School Safety Public Discussion,2025-03-17,1:32:17,board-hosted public discussion; title carries no body name
16371,16371 SchoolBoard030525.mp4,https://reflect-claremont.cablecast.tv/store-3/16371-SchoolBoard030525-v1/vod.mp4,School Board Meeting - 3/5/25,2025-03-05,2:52:19,
16351,16351 School Board 021925.mp4,https://reflect-claremont.cablecast.tv/store-3/16351-School-Board-021925-v1/vod.mp4,Claremont School Board - 2/19/25,2025-02-19,0:13:58,
16322,16322 School Board 020525.mp4,https://reflect-claremont.cablecast.tv/store-3/16322-School-Board-020525-v1/vod.mp4,School Board Meeting - 2/5/25,2025-02-05,0:25:33,
16315,16315 School Board Deliberatibe 020125.mp4,https://reflect-claremont.cablecast.tv/store-3/16315-School-Board-Deliberatibe-020125-v1/vod.mp4,School Board Deliberative Session - 2/1/25,2025-01-30,1:13:00,
16286,16286 SchoolBoard-012125.mp4,https://reflect-claremont.cablecast.tv/store-3/16286-SchoolBoard-012125-v1/vod.mp4,School Board Meeting 1/21/25,2025-01-21,0:42:24,
16266,16266 SchoolBoard011525.mp4,https://reflect-claremont.cablecast.tv/store-3/16266-SchoolBoard011525-v1/vod.mp4,Claremont School Board - 1/15/25,2025-01-15,1:28:45,
16253,16253 SchoolBoard010725.mp4,https://reflect-claremont.cablecast.tv/store-3/16253-SchoolBoard010725-v1/vod.mp4,School Board Meeting - 1/7/24,2025-01-06,2:09:43,
16246,16246 SchoolBoardFinance010625.mp4,https://reflect-claremont.cablecast.tv/store-3/16246-SchoolBoardFinance010625-v1/vod.mp4,School Board Finance Meeting 1/6/24,2025-01-06,1:44:34,
14847,14847 SchoolBoardBudgetHearing011723.mp4,https://reflect-claremont.cablecast.tv/store-3/14847-SAU6-ClaremontBudget-v1/vod.mp4,Claremont School Board and SAU6 Public Hearing Budget 1/17/23,2023-01-17,2:50:27,
14833,14833 SchoolBoard011123.mp4,https://reflect-claremont.cablecast.tv/store-3/14833-School-Board-Meeting-011123-v1/vod.mp4,Claremont School Board Meeting 1/11/23,2023-01-11,2:30:33,
14835,14835 SchoolBoard010923.mp4,https://reflect-claremont.cablecast.tv/store-3/14835-School-Board-010923-v1/vod.mp4,Claremont School Board Meeting 1/9/23,2023-01-09,0:15:25,
14822,14822 SAU6010323.mp4,https://reflect-claremont.cablecast.tv/store-3/14822-SAU6-Board-Meeting-010323-v1/vod.mp4,SAU 6 Board Meeting Live 1/3/23,2023-01-03,1:11:49,
14765,14765 SAU6120122.mp4,https://reflect-claremont.cablecast.tv/store-3/14765-SAU6BoardMeeting120122-v1/vod.mp4,SAU 6 Board Meeting live on 12/1/22,2022-12-01,1:54:30,
14728,14728 SchoolBoard111722.mp4,https://reflect-claremont.cablecast.tv/store-3/14728-ClaremontSchoolBoard111722-v1/vod.mp4,Claremont School Board 11/17/22,2022-11-17,0:50:32,
14727,14727 SAU6111622.mp4,https://reflect-claremont.cablecast.tv/store-3/14727-SAU6BoardMeeting111622-v1/vod.mp4,SAU 6 Meeting live on 11/16/22,2022-11-16,1:35:22,
14693,14693 SchoolBoardSpecial110322.mp4,https://reflect-claremont.cablecast.tv/store-3/14693-Claremont-School-Board-Special-Meeting-110322-v1/vod.mp4,Claremont School Board Special Meeting 11/3/22,2022-11-03,0:36:29,
14681,14681 SchoolBoard101922.mp4,https://reflect-claremont.cablecast.tv/store-3/14681-ClaremontSchoolBoard101922-v1/vod.mp4,Claremont School Board 10/19/22,2022-10-19,2:11:56,
14654,14654 SchoolBoard100522.mp4,https://reflect-claremont.cablecast.tv/store-3/14654-SchoolBoard100522-v1/vod.mp4,Claremont School Board of 10/5/22,2022-10-05,2:45:10,
14630,14630 SAU6092922.mp4,https://reflect-claremont.cablecast.tv/store-3/14630-v1/vod.mp4,SAU 6 Board Meeting of 9/29/22,2022-09-29,0:52:25,
14627,14627 SchoolBoard091522.mp4,https://reflect-claremont.cablecast.tv/store-3/14627-ClaremontSchoolBoard092122-v1/vod.mp4,Claremont School Board Meeting of 9/21/22,2022-09-15,1:42:36,
14595,14595 SchoolBoard090722.mp4,https://reflect-claremont.cablecast.tv/store-3/14595-SchoolBoard090722-Fixed-v6/vod.mp4,Claremont School Board Meeting of 9/7/22,2022-09-07,1:42:13,
14582,14582 SchoolBoardSpecial082422.mp4,https://reflect-claremont.cablecast.tv/store-3/14582-SchoolBoard082422-v1/vod.mp4,Special Claremont School Board of 8/24/22,2022-08-24,0:40:38,
13556,13556 SchoolBoard081722.mp4,https://reflect-claremont.cablecast.tv/store-3/13556-School-Board-Meeting-081722-v1/vod.mp4,Claremont School Board Meeting of 8/17/22,2022-08-17,1:39:30,
13521,13521 SchoolBoard072022.mp4,https://reflect-claremont.cablecast.tv/store-3/13521-SchoolBoardMeeting-072022-v1/vod.mp4,Claremont School Board 7/20/22,2022-07-20,1:33:18,
13444,13444 SAU6061622.mp4,https://reflect-claremont.cablecast.tv/store-3/13444-v1/vod.mp4,SAU 6 Board Meeting of 6/16/22,2022-06-16,0:40:25,
13420,13420 SchoolBoard061522.mp4,https://reflect-claremont.cablecast.tv/store-3/13420-v1/vod.mp4,Claremont School Board live on 6/15/22,2022-06-15,2:14:38,
12400,12400 SAU6051922.mp4,https://reflect-claremont.cablecast.tv/store-3/12400-SAU6Meeting051922-v1/vod.mp4,SAU 6 Board Meeting on 5/19/22,2022-05-19,0:43:58,
12399,12399 SchoolBoard051822.mp4,https://reflect-claremont.cablecast.tv/store-3/12399-ClaremontSchoolBoard051822-v1/vod.mp4,School Board Meeting live on 5/18/22,2022-05-18,2:16:34,
12366,12366 SchoolBoard050422.mp4,https://reflect-claremont.cablecast.tv/store-3/12366-School-Board-Meeting-050422-v1/vod.mp4,School Board Meeting of 5/4/22,2022-05-04,2:34:25,
12353,12353 SAU6042122.mp4,https://reflect-claremont.cablecast.tv/store-3/12353-SAU-6-042122-v1/vod.mp4,SAU 6 Board of 4/21/22,2022-04-20,1:37:42,
12315,12315 SchoolBoard040622.mp4,https://reflect-claremont.cablecast.tv/store-3/12315-School-Board-Meeting-040622-v1/vod.mp4,School Board Meeting live on 4/6/22,2022-04-06,2:30:14,
12210,12210 SchoolBoard021622.mp4,https://reflect-claremont.cablecast.tv/store-3/12210-School-Board-Emergency-Meeting-021622-v1/vod.mp4,School Board Meeting Emergency Session of 2/16/22,2022-02-17,0:57:53,
12204,12204 SchoolBoardDeliberative020922.mp4,https://reflect-claremont.cablecast.tv/store-3/12204-Claremont-School-Board-v2/vod.mp4,School Board Deliberative Session of 2/9/22,2022-02-09,2:28:31,
12180,12180 SchoolBoard020222.mp4,https://reflect-claremont.cablecast.tv/store-3/12180-022-02-02-School-Board-Meeting-v1/vod.mp4,Claremont School Board of 2/2/22,2022-02-02,2:04:38,
12151,12151 SchoolBoard011822.mp4,https://reflect-claremont.cablecast.tv/store-3/12151-School-Board-011822-v1/vod.mp4,School Board Meeting live on 1/18/22,2022-01-18,1:55:09,
12115,12115 SchoolBoard010522.mp4,https://reflect-claremont.cablecast.tv/store-3/12115-School-Board-010522-v1/vod.mp4,Claremont School Board of 1/5/22,2022-01-05,2:40:49,
12088,12088 SAU6121621.mp4,https://reflect-claremont.cablecast.tv/store-3/12088-v1/vod.mp4,SAU 6 Board Meeting of 12/16/21,2021-12-16,1:16:47,
12056,12056 SchoolBoard120121.mp4,https://reflect-claremont.cablecast.tv/store-3/12056-School-Board-120121-v1/vod.mp4,Claremont School Board of 12/1/21,2021-12-01,0:36:43,
12033,12033 SAU6111821.mp4,https://reflect-claremont.cablecast.tv/store-3/12033-SAU-6-111821-v1/vod.mp4,SAU 6 Meeting of 11/18/21,2021-11-18,0:38:09,
12005,12005 SchoolBoard110321.mp4,https://reflect-claremont.cablecast.tv/store-3/12005-School-Board-110321-v1/vod.mp4,Claremont School Board of 11/3/21,2021-11-03,2:04:32,
11980,11980 SAU6102121.mp4,https://reflect-claremont.cablecast.tv/store-3/11980-v1/vod.mp4,SAU 6 Meeting of 10/21/21,2021-10-21,0:37:34,
11963,11963 SchoolBoard102021.mp4,https://reflect-claremont.cablecast.tv/store-3/11963-v1/vod.mp4,Claremont School Board of 10/20/21,2021-10-20,2:06:35,
11933,11933 SAU6092021.mp4,https://reflect-claremont.cablecast.tv/store-3/11933-SAU-6-Elementary-Schoo-v1/vod.mp4,SAU6 Meeting - Elementary School Restructuring Proposal - 9/20/21,2021-09-20,1:00:59,
11886,11886 SchoolBoard091521.mp4,https://reflect-claremont.cablecast.tv/store-3/11886-v1/vod.mp4,School Board live on 9/15/21,2021-09-15,1:49:31,
11862,11862 SchoolBoard090121.mp4,https://reflect-claremont.cablecast.tv/store-3/11862-v1/vod.mp4,Claremont School Board Meeting of 9/1/21,2021-09-01,1:40:26,
11825,11825 SchoolBoard081821.mp4,https://reflect-claremont.cablecast.tv/store-3/11825-v1/vod.mp4,School Board live on 8/18/21,2021-08-18,3:02:31,
11793,11793 SchoolBoard080421.mp4,https://reflect-claremont.cablecast.tv/store-3/11793-v1/vod.mp4,Claremont School Board Meeting of 8-4-21,2021-08-04,2:14:29,
11776,11776 SchoolBoard072121.mp4,https://reflect-claremont.cablecast.tv/store-3/11776-School-Board-of-7-21-21-v1/vod.mp4,Claremont School Board of 7/21/21,2021-07-21,2:39:35,
11720,11720 SAU6070121.mp4,https://reflect-claremont.cablecast.tv/store-3/11720-SAU-6-Board-Meeting-070121-v1/vod.mp4,SAU #6 Board Meeting of 7/1/21,2021-07-01,0:56:29,
11649,11649 SchoolBoard060221.mp4,https://reflect-claremont.cablecast.tv/store-3/11649-v1/vod.mp4,School Board live on 6/2/21,2021-06-02,2:29:20,
11510,11510 SchoolBoard050521.mp4,https://reflect-claremont.cablecast.tv/store-3/11510-v1/vod.mp4,Claremont School Board Meeting of 5/5/21,2021-05-05,2:18:26,
11527,11527 SchoolBoard041521.mp4,https://reflect-claremont.cablecast.tv/store-3/11527-VOD-School-Board-of-4-7-21-v1/vod.mp4,VOD School Board of 4-7-21,2021-04-15,1:14:02,duplicate VOD-only re-post of the 4/7/21 meeting (see show 11444); filename uses its own posting date
11444,11444 SchoolBoard040721.mp4,https://reflect-claremont.cablecast.tv/store-3/11444-School-Board-of-4-7-21-v2/vod.mp4,Claremont School Board Meeting of 4/7/21,2021-04-07,1:13:46,primary recording of the 4/7/21 meeting
11390,11390 SchoolBoard031721.mp4,https://reflect-claremont.cablecast.tv/store-3/11390-School-Board-of-3-17-21-v1/vod.mp4,Claremont School Board Meeting of 3/17/21,2021-03-17,1:37:25,
11281,11281 SchoolDistrictMeeting020421.mp4,https://reflect-claremont.cablecast.tv/store-3/11281-School-Board-of-2-4-21-v1/vod.mp4,Claremont School Board: District Meeting Procedures Part Two of 2/4/21,2021-02-04,0:12:35,part two of the district meeting procedures explainer
11216,11216 SchoolBoard020321.mp4,https://reflect-claremont.cablecast.tv/store-3/11216-School-Board-of-1-27-21-v1/vod.mp4,School Board live on 1/27/21,2021-02-03,1:19:49,
11276,11276 SchoolDistrictMeeting020121.mp4,https://reflect-claremont.cablecast.tv/store-3/11276-School-Board-2-1-21-v1/vod.mp4,Claremont School Board: District Meeting Procedures of 2/1/21,2021-02-01,0:42:36,"board explainer on district meeting procedures, not a regular meeting"
11262,11262 SchoolBoard011321.mp4,https://reflect-claremont.cablecast.tv/store-3/11262-School-Board-Budget-Meeting-of-1-13-21-v1/vod.mp4,School Board Budget Meeting of 1/13/21,2021-01-13,2:10:52,
11175,11175 SchoolBoard010621.mp4,https://reflect-claremont.cablecast.tv/store-3/11175-School-Board-1-6-21-v1/vod.mp4,School Board Meeting live on 1/6/21,2021-01-06,2:43:36,
11106,11106 SchoolBoard121620.mp4,https://reflect-claremont.cablecast.tv/store-3/11106-School-Board-of-12-16-20-v1/vod.mp4,School Board Meeting live on 12/16/20,2020-12-16,1:39:39,
11127,11127 SAU6121020.mp4,https://reflect-claremont.cablecast.tv/store-3/11127-SAU-6-Board-Meeting-of-12-10-12-High-v1.mp4,SAU 6 Board Meeting of 12/10/20,2020-12-10,0:54:27,
11056,11056 SchoolBoard120220.mp4,https://reflect-claremont.cablecast.tv/store-3/11056-High-v1.mp4,SCHOOL BOARD live on 12/2/20,2020-12-02,2:06:30,
11007,11007 SchoolBoard100720.mp4,https://reflect-claremont.cablecast.tv/store-3/11007-SCHOOL-BOARD-of-10-7-20-High-v1.mp4,SCHOOL BOARD meeting 10/7,2020-10-07,2:20:57,
10993,10993 SchoolBoard092320.mp4,https://reflect-claremont.cablecast.tv/store-3/10993-SCHOOL-BOARD-MEETING-9-23-20-High-v1.mp4,CLAREMONT SCHOOL BOARD meeting of 9/23/20,2020-09-23,2:21:27,
10992,10992 SAU6092220.mp4,https://reflect-claremont.cablecast.tv/store-3/10992-SAU-6-SCHOOL-BOARD-MEETING-9-22-20-High-v1.mp4,SAU 6 School Board Meeting 9/22,2020-09-22,0:39:52,
10974,10974 SchoolBoard090220.mp4,https://reflect-claremont.cablecast.tv/store-3/10974-Claremont-School-Board-9-2-2020-High-v1.mp4,SCHOOL BOARD meeting 9/2/20,2020-09-02,3:03:20,
10942,10942 SchoolBoard080520.mp4,https://reflect-claremont.cablecast.tv/store-3/10942-SCHOOL-BOARD-8-5-20-High-v1.mp4,"SCHOOL BOARD MEETING - 8-5-20 Includes ""Fall 2020 Back to School Plan""",2020-08-05,3:43:05,
10876,10876 SchoolBoard060320.mp4,https://reflect-claremont.cablecast.tv/store-3/10876-SCHOOL-BOARD-632020-High-v1.mp4,SCHOOL BOARD meeting 6/3/20,2020-06-03,1:45:47,
10842,10842 SchoolBoard050620.mp4,https://reflect-claremont.cablecast.tv/store-3/10842-SCHOOL-BOARD-5-6-20-High-v1.mp4,SCHOOL BOARD Hearing & Meeting of 5/6/20,2020-05-06,2:23:32,
10768,10768 SchoolBoard030420.mp4,https://reflect-claremont.cablecast.tv/store-3/10768-SCHOOL-BOARD-3-4-20-High-v1.mp4,CLAREMONT SCHOOL BOARD meeting of 3/4/20,2020-03-04,1:58:40,
10722,10722 SchoolBoardDeliberative020120.mp4,https://reflect-claremont.cablecast.tv/store-3/10722-DELIBERATIVE-SESSION-SCHOOL-BOARD-2-3-20-High-v1.mp4,SCHOOL BOARD Deliberative Session on the Budget 2/5/20,2020-02-01,2:27:52,
10704,10704 SchoolBoard012120.mp4,https://reflect-claremont.cablecast.tv/store-3/10704-SCHOOL-BOARD-1-21-20-High-v1.mp4,SCHOOL BOARD meeting 1-21-20,2020-01-21,2:24:58,
10694,10694 SchoolBoard011520.mp4,https://reflect-claremont.cablecast.tv/store-3/10694-SCHOOL-BOARD-1-15-20-High-v1.mp4,SCHOOL BOARD PRESENTATION on FY '21 Budget 1-15,2020-01-15,1:36:40,"board budget presentation, not a regular meeting"
10683,10683 SchoolBoard010820.mp4,https://reflect-claremont.cablecast.tv/store-3/10683-SCHOOL-BOARD-1-8-20-Low-v1.mp4,CLAREMONT SCHOOL BOARD meeting 1/8/20,2020-01-08,2:00:37,
10675,10675 SAU6010220.mp4,https://reflect-claremont.cablecast.tv/store-3/10675-SAU-6-SCHOOL-BOARD-PUBLIC-HEARING-1-2-20-Low-v1.mp4,SAU#6 SCHOOL BOARD Public Hearing 1-2-20,2020-01-02,0:59:31,
10649,10649 SchoolBoardSpecial121219.mp4,https://reflect-claremont.cablecast.tv/store-3/10649-SCHOOL-DISTRICT-SPECIAL-MEETING-12-12-19-Low-v1.mp4,SPECIAL SCHOOL DISTRICT MEETING regarding funding warrant 12-12-19,2019-12-12,0:53:23,
10639,10639 SAU6120519.mp4,https://reflect-claremont.cablecast.tv/store-3/10639-SAU-6-SCHOOL-BOARD-MEETING-125-19-Low-v1.mp4,SAU #6 SCHOOL BOARD meeting of 12/5/19,2019-12-05,1:23:20,
10638,10638 SchoolBoard120419.mp4,https://reflect-claremont.cablecast.tv/store-3/10638-HEARING-SCHOOL-BOARD-MEETING-12-4-19-Low-v1.mp4,CLAREMONT SCHOOLS PUBLIC HEARING and SCHOOL BOARD of 12-4-19,2019-12-04,1:35:10,
10624,10624 SchoolBoardSpecial112119.mp4,https://reflect-claremont.cablecast.tv/store-3/10624-SCHOOL-SP-MEETING-EDUCATION-WARRANT-11-2219-Low-v1.mp4,SCHOOL DISTRICT MEETING - hearing on warrant for Special Education funding 11-21-19,2019-11-21,1:01:46,
10623,10623 SchoolBoard112019.mp4,https://reflect-claremont.cablecast.tv/store-3/10623-SCHOOL-BOARD-11-20-19-Low-v1.mp4,SCHOOL BOARD MEETING of 11-20-19,2019-11-20,1:41:07,
10605,10605 SchoolBoard110619.mp4,https://reflect-claremont.cablecast.tv/store-3/10605-SCHOOL-BOARD-11-6-19-Low-v1.mp4,CLAREMONT SCHOOL BOARD meeting 11-6,2019-11-06,1:19:20,
10577,10577 SchoolBoard101619.mp4,https://reflect-claremont.cablecast.tv/store-3/10577-SCHOOL-BOARD-MEETING-10-17-19-Low-v1.mp4,CLAREMONT SCHOOL BOARD meeting 10/16,2019-10-16,1:11:35,
10567,10567 SAU6101019.mp4,https://reflect-claremont.cablecast.tv/store-3/10567-SAU-10-10-19-Low-v1.mp4,SAU #6 SCHOOL BOARD meeting 10-10-19,2019-10-10,0:33:01,
10558,10558 SchoolBoard100219.mp4,https://reflect-claremont.cablecast.tv/store-3/10558-SCHOOL-BOARD-MEETING-10-1-19-1-Low-v1.mp4,SCHOOL BOARD meeting 10-2-19,2019-10-02,1:27:20,
10537,10537 SchoolBoard091819.mp4,https://reflect-claremont.cablecast.tv/store-3/10537-SCHOOL-BOARD-9-18-19-Low-v1.mp4,SCHOOL BOARD meeting 9-18-19,2019-09-18,1:05:38,
10522,10522 SAU6090519.mp4,https://reflect-claremont.cablecast.tv/store-3/10522-SAU-SCHOOL-BOARD-0F-9-5-19-Low-v1.mp4,SAU #6 SCHOOL BOARD meeting 9-5-19,2019-09-05,0:34:45,
10521,10521 SchoolBoard090419.mp4,https://reflect-claremont.cablecast.tv/store-3/10521-school-board-9-4-19-13dB-Low-v1.mp4,SCHOOL BOARD meeting 9-4-19,2019-09-04,1:03:51,
10506,10506 SchoolBoard082119.mp4,https://reflect-claremont.cablecast.tv/store-3/10506-SCHOOL-BOARD-MEETING-8-21-19-Low-v1.mp4,SCHOOL BOARD meeting 8-21-19,2019-08-21,1:30:42,
10472,10472 SchoolBoard073019.mp4,https://reflect-claremont.cablecast.tv/store-3/10472-SCHOOL-BOARD-MEETING-7-31-19-Low-v1.mp4,SCHOOL BOARD meeting 7-30,2019-07-30,0:28:22,
10463,10463 SAU6072519.mp4,https://reflect-claremont.cablecast.tv/store-3/10463-SAU-6-MEETING-7-25-19-Low-v1.mp4,SAU #6 SCHOOL BOARD meeting 7-25-19,2019-07-25,0:38:51,
10407,10407 SAU6060419.mp4,https://reflect-claremont.cablecast.tv/store-3/10407-SAU-6-SCHOOL-BOARD-6-4-19-Low-v1.mp4,SAU #6 SCHOOL BOARD meeting of 6-4-19,2019-06-04,0:37:53,
10375,10375 SAU6051619.mp4,https://reflect-claremont.cablecast.tv/store-3/10375-SAU-6-MEETING-5-16-19-Low-v1.mp4,SAU #6 SCHOOL BOARD COMMITTEE meeting 5-16-19,2019-05-16,0:46:02,
10374,10374 SchoolBoardSpecial051519.mp4,https://reflect-claremont.cablecast.tv/store-3/10374-SCHOOL-BOARD-and-PRECEDURAL-DEFECT-MEETING-5-15-Low-v1.mp4,"SCHOOL BOARD MEETING 5-15-19 (proceeded by ""Special Precedural Defect"" meeting)",2019-05-15,1:15:22,
10358,10358 SchoolBoardCityCouncilJoint050619.mp4,https://reflect-claremont.cablecast.tv/store-3/10358-JOINT-SCHOOL-BOARD-CITY-COUNCIL-MEETING-5-6-19-Low-v1.mp4,JOINT MEETING of the CITY COUNCIL & SCHOOL BOARD 5-6-19,2019-05-06,1:54:47,
10350,10350 SchoolBoard050119.mp4,https://reflect-claremont.cablecast.tv/store-3/10350-SCHOOL-BOARD-OF-5-1-19-Low-v1.mp4,SCHOOL BOARD meeting of 5-1-19,2019-05-01,1:26:42,
10330,10330 SchoolBoard041719.mp4,https://reflect-claremont.cablecast.tv/store-3/10330-SCHOOL-BOARD-MEETING-4-17-19-Low-v1.mp4,SCHOOL BOARD meeting of 4-17-19,2019-04-17,0:48:35,
10321,10321 SAU6041119.mp4,https://reflect-claremont.cablecast.tv/store-3/10321-SAU-6-MEETING-4-11-19-Low-v1.mp4,SAU #6 SCHOOL BOARD MEETING of 4-11-19,2019-04-11,1:06:19,
10310,10310 SchoolBoard040319.mp4,https://reflect-claremont.cablecast.tv/store-3/10310-SCHOOL-BOARD-4-3-19-Low-v1.mp4,SCHOOL BOARD meeting of 4-3-19,2019-04-03,0:49:18,
10304,10304 SAU6032519.mp4,https://reflect-claremont.cablecast.tv/store-3/10304-SAU-SCHOOL-BRD-MEETING-3-28-19-Low-v1.mp4,SAU #6 SCHOOL BOARD meeting 3-28-19,2019-03-25,1:53:06,
10294,10294 SchoolBoard032019.mp4,https://reflect-claremont.cablecast.tv/store-3/10294-SCHOOL-BOARD-OF-3-20-19-Low-v1.mp4,SCHOOL BOARD meeting of 3-20-19,2019-03-20,2:35:44,
10274,10274 SchoolBoard030619.mp4,https://reflect-claremont.cablecast.tv/store-3/10274-SCHOOL-BOARD-MEETING-3-6-19-Low-v1.mp4,SCHOOL BOARD meeting 3-6-19,2019-03-06,1:49:20,
10252,10252 SchoolBoard022019.mp4,https://reflect-claremont.cablecast.tv/store-3/10252-SCHOOL-BOARD-2-20-19-Low-v1.mp4,SCHOOL BOARD meeting of 2-20-19,2019-02-20,1:45:37,
10232,10232 SchoolBoardDeliberative020619.mp4,https://reflect-claremont.cablecast.tv/store-3/10232-DELIB-SESSION-2-6-19-Low-v1.mp4,CLAREMONT SCHOOL BUDGET Deliberative Session of 2-6-19,2019-02-06,1:04:45,
10185,10185 SchoolBoardBudgetHearing010219.mp4,https://reflect-claremont.cablecast.tv/store-3/10185-SCHOOL-BUDGET-HEARING-1-2-19-Low-v1.mp4,SCHOOL BUDGET PUBLIC HEARING of 1-2,2019-01-02,1:02:29,
10161,10161 SchoolBoard121918.mp4,https://reflect-claremont.cablecast.tv/store-3/10161-8EA-SCHOOL-BOARD-MEETING-12-19-Low-v1.mp4,SCHOOL BOARD MEETING 12-19-18,2018-12-19,1:56:14,
10165,10165 SAU6121318.mp4,https://reflect-claremont.cablecast.tv/store-3/10165-SAU-6-SCHOOL-BOARD-MEETING-12-13-18-Low-v1.mp4,SAU # 6 SCHOOL BOARD MEETING 12-13-18,2018-12-13,1:13:53,
10139,10139 SchoolBoard120518.mp4,https://reflect-claremont.cablecast.tv/store-3/10139-8EA-SCHOOL-BOARD-12-5-Low-v1.mp4,SCHOOL BOARD MEETING 12-5,2018-12-05,2:16:02,
10094,10094 SAU6110918.mp4,https://reflect-claremont.cablecast.tv/store-3/10094-SAU-6-OF-11-08-18-Low-v1.mp4,SAU#6 SCHOOL BOARD MEETING 11-9-18,2018-11-08,0:25:22,
10093,10093 SchoolBoard110718.mp4,https://reflect-claremont.cablecast.tv/store-3/10093-8EA-SCHOOL-BOARD-11-7-Low-v1.mp4,SCHOOL BOARD MEETING 11-7,2018-11-07,1:48:45,
10095,10095 SchoolBoard103018.mp4,https://reflect-claremont.cablecast.tv/store-3/10095-8EA-SCHOOL-BOARD-10-30-Low-v1.mp4,SCHOOL BOARD MEETING 10-30,2018-10-30,0:48:51,
10059,10059 SAU6101818.mp4,https://reflect-claremont.cablecast.tv/store-3/10059-SAU-MEETING-OF-10-19-18-Low-v1.mp4,SAU#6 SCHOOL BOARD MEETING 10-18,2018-10-18,1:26:18,
10044,10044 SchoolBoard100318.mp4,https://reflect-claremont.cablecast.tv/store-3/10044-SCHOOL-BOARD-10-3-18-Low-v1.mp4,SCHOOL BOARD MEETING OF 10-3,2018-10-03,1:25:59,
10012,10012 SchoolBoard091918.mp4,https://reflect-claremont.cablecast.tv/store-3/10012-8EA-SCHOOL-BOARD-9-19-Low-v1.mp4,SCHOOL BOARD MEETING 9-19,2018-09-19,1:31:09,
10002,10002 SAU6091318.mp4,https://reflect-claremont.cablecast.tv/store-3/10002-8EA-SAU6-SCHOOL-BOARD-MEETING-9-13-Low-v1.mp4,SAU SCHOOL BOARD MEETING of 9-13,2018-09-13,2:55:30,
9986,9986 SchoolBoard090518.mp4,https://reflect-claremont.cablecast.tv/store-3/9986-8EA-SCHOOL-BOARD-9-5-Low-v2.mp4,SCHOOL BOARD MEETING of 9-5,2018-09-05,2:41:57,
9974,9974 SAU6082318.mp4,https://reflect-claremont.cablecast.tv/store-3/9974-8EA-SAU-6-BOARD-MEETING-8-25-18-Low-v1.mp4,SAU #6 SCHOOL BOARD MEETING of 8-23,2018-08-23,2:00:04,
9950,9950 SchoolBoard081518.mp4,https://reflect-claremont.cablecast.tv/store-3/9950-8EA-SCHOOL-BOARD-MEETING-8-15-Low-v1.mp4,SCHOOL BOARD MEETING 8-15,2018-08-15,2:34:41,
9953,9953 SchoolBoardCityCouncilJoint080918.mp4,https://reflect-claremont.cablecast.tv/store-3/9953-SCHOOL-CITY-JOINT-MTG-8-9-18-Low-v1.mp4,JOINT MEETING of the CITY COUNCIL & SCHOOL BOARD of 8-9,2018-08-09,1:34:04,
9928,9928 SAU6072618.mp4,https://reflect-claremont.cablecast.tv/store-3/9928-SAU-6-OF-7-26-18-Low-v1.mp4,SAU 6 SCHOOL BOARD MEETING 7-26,2018-07-26,0:45:22,
9907,9907 SchoolBoard071818.mp4,https://reflect-claremont.cablecast.tv/store-3/9907-8PB-SCHOOL-BOARD-7-18-Low-v1.mp4,SCHOOL BOARD MEETING 7-18,2018-07-18,1:03:28,
9906,9906 SAU6071218.mp4,https://reflect-claremont.cablecast.tv/store-3/9906-8EA-SAU6-BOARD-MEETING-7-12-Low-v1.mp4,SAU 6 SCHOOL BOARD 7-12,2018-07-12,2:12:35,
9876,9876 SAU6062818.mp4,https://reflect-claremont.cablecast.tv/store-3/9876-SAU-6-SCHOOL-BOARD-OF-6-28-18-Low-v1.mp4,S.A.U. #6 SCHOOL BOARD MEETING 6-28,2018-06-28,1:44:03,
9849,9849 SchoolBoardCityCouncilJoint062118.mp4,https://reflect-claremont.cablecast.tv/store-3/9849-8GEA-CITY-COUNCIL-SCHOOL-BOARD-6-21-Low-v1.mp4,COUNCIL / SCHOOL BOARD JOINT MEETING 6-21,2018-06-21,1:49:02,
9850,9850 SchoolBoard062018.mp4,https://reflect-claremont.cablecast.tv/store-3/9850-8EA-SCHOOL-BOARD-MEETING-6-20-Low-v1.mp4,SCHOOL BOARD MEETING 6-20,2018-06-20,1:55:58,
9853,9853 SAU6061418.mp4,https://reflect-claremont.cablecast.tv/store-3/9853-SAU-SCHOOL-BOARD-6-14-18-Low-v1.mp4,SAU 6 SCHOOL BOARD MEETING 6-14,2018-06-14,2:28:54,
9828,9828 SchoolBoard060618.mp4,https://reflect-claremont.cablecast.tv/store-3/9828-SCHOOL-BOARD-6-6-18-Low-v1.mp4,SCHOOL BOARD MEETING 6-6,2018-06-06,2:26:17,
9790,9790 SchoolBoard051618.mp4,https://reflect-claremont.cablecast.tv/store-3/9790-8EA-SCHOOL-BOARD-MEETING-5-16-Low-v1.mp4,SCHOOL BOARD MEETING 5-16,2018-05-16,3:10:43,
9799,9799 SAU6051018.mp4,https://reflect-claremont.cablecast.tv/store-3/9799-SAU-6-MEETING-OF-5-10-18-Low-v1.mp4,SAU BOARD MEETING 5-10,2018-05-10,1:16:01,
9764,9764 SchoolBoard050218.mp4,https://reflect-claremont.cablecast.tv/store-3/9764-8EA-School-Board-5-2-18-Low-v1.mp4,SCHOOL BOARD 5-2,2018-05-02,1:34:08,
9734,9734 SchoolBoardCityCouncilJoint042418.mp4,https://reflect-claremont.cablecast.tv/store-3/9734-8GA-COUNCIL-SCHOOL-BOARD-4-17-Low-v1.mp4,JOINT MEETING- COUNCIL & SCHOOL BOARD 4-17,2018-04-24,2:14:00,
9740,9740 SchoolBoard041818.mp4,https://reflect-claremont.cablecast.tv/store-3/9740-8EA-SCHOOL-BOARD-MEETING-4-18-Low-v1.mp4,SCHOOL BOARD MEETING 4-18,2018-04-18,3:10:11,
9711,9711 SchoolBoard040418.mp4,https://reflect-claremont.cablecast.tv/store-3/9711-8EA-SCHOOL-BOARD-MEETING-4-4-Low-v1.mp4,SCHOOL BOARD MEETING 4-4,2018-04-04,2:19:02,
9715,9715 SAU6032918.mp4,https://reflect-claremont.cablecast.tv/store-3/9715-8EA-SAU-SCHOOL-BOARD-MEETING-3-29-Low-v1.mp4,SAU SCHOOL BOARD MEETING 3-29,2018-03-29,2:07:39,
9682,9682 SchoolBoard032118.mp4,https://reflect-claremont.cablecast.tv/store-3/9682-8EA-SCHOOL-BOARD-MEETING-3-21-Low-v1.mp4,SCHOOL BOARD MEETING 3-21,2018-03-21,3:20:50,
9631,9631 SchoolBoard022118.mp4,https://reflect-claremont.cablecast.tv/store-3/9631-8EA-SCHOOL-BOARD-MEETING-2-21-Low-v1.mp4,SCHOOL BOARD MEETING 2-21,2018-02-21,2:05:26,
9602,9602 SchoolBoardDeliberative020818.mp4,https://reflect-claremont.cablecast.tv/store-3/9602-at-10db-adjustment-SCHOOL-BOARD-DELIB-SESSION-PAR-Low-v1.mp4,SCHOOL BUDGET DELIBERATIVE SESSION 2-8,2018-02-08,2:04:00,
9586,9586 SchoolBoard013118.mp4,https://reflect-claremont.cablecast.tv/store-3/9586-8EA-SCHOOL-BOARD-MEETING-1-31-Low-v1.mp4,SCHOOL BOARD MEETING 1-31,2018-01-31,2:00:38,
9592,9592 SchoolBoardCityCouncilJoint013018.mp4,https://reflect-claremont.cablecast.tv/store-3/9592-8GA-JOINT-MEETING-CITY-SCHOOL-BOARD-1-30-Low-v1.mp4, JOINT MEETING: COUNCIL & SCHOOL BOARD 1-30,2018-01-30,2:02:32,
9550,9550 SchoolBoard010318.mp4,https://reflect-claremont.cablecast.tv/store-3/9550-SCH-BRD-MEETING-OF-1-3-18-Low-v1.mp4,Part 2 of 2 SCHOOL BOARD MEETING of 1-3-18,2018-01-03,0:22:57,primary recording of the 1/3/18 board meeting
9549,9549 SchoolBoard010318.mp4,https://reflect-claremont.cablecast.tv/store-3/9549-SCH-BRD-MEET-1-3-18-REEL-1-Copy-Low-v1.mp4,Part 1 of 2 - SCHOOL BOARD MEETING of 1-3-18,2018-01-03,1:05:59,reel 1 copy of the 1/3/18 board meeting (see 9550)
9548,9548 SchoolBoardBudgetHearing010318.mp4,https://reflect-claremont.cablecast.tv/store-3/9548-VOD-ONLY-SPECIIAL-SCH-BUD-HEARING-PART-2-OF-1-3-1-Low-v1.mp4,Part 2 of 2 - SCHOOL BUDGET HEARING OF 1-3-18,2018-01-03,0:58:13,part 2 of the 1/3/18 special budget hearing (see 9547)
9547,9547 SchoolBoardBudgetHearing010318.mp4,https://reflect-claremont.cablecast.tv/store-3/9547-for-vod-only-specail-SCHOOL-BUDGET-HEARING-1-3-1-Low-v1.mp4,Part 1 of 2 SCHOOL BUDGET HEARING 1-3-18,2018-01-03,1:05:49,part 1 of the 1/3/18 special budget hearing
9507,9507 SchoolBoard122017.mp4,https://reflect-claremont.cablecast.tv/store-3/9507-SCHOOL-BOARD-12-20-2017-Low-v1.mp4,SCHOOL BOARD MEETING of 12-20,2017-12-20,2:42:13,
9497,9497 SchoolBoard120617.mp4,https://reflect-claremont.cablecast.tv/store-3/9497-PART-TWO-SCHOOL-BOARD-MEETING-12-6-17-Low-v2.mp4,PART 2 OF 2 -- SCHOOL BOARD MEETING OF 12-6,2017-12-08,0:57:53,"part 2 of 2 of the 12/6/17 meeting (see 9495, 9496)"
9496,9496 SchoolBoard120617.mp4,https://reflect-claremont.cablecast.tv/store-3/9496-for-VOD-ONLY-PART-1-SCHOOL-BOARD-MEETING-12-6-17-Low-v2.mp4,PART 1 OF 2 -- SCHOOL BOARD MEETING OF 12-6-17,2017-12-06,3:56:59,part 1 of 2 of the 12/6/17 meeting (VOD-only cut)
9495,9495 SchoolBoard120617.mp4,https://reflect-claremont.cablecast.tv/store-3/9495-17EA-SCHOOL-BOARD-MEETING-12-6-17-High-v1.mp4,SCHOOL BOARD MEETING 12-6-17,2017-12-06,4:54:52,full recording of the 12/6/17 meeting
9470,9470 SchoolBoard112917.mp4,https://reflect-claremont.cablecast.tv/store-3/9470-SCHOOL-BUDGET-WORK-SESSION-11-29-17-High-v1.mp4,SCHOOL BOARD MEETING 11-29-17,2017-11-29,2:48:23,
9442,9442 SchoolBoard111517.mp4,https://reflect-claremont.cablecast.tv/store-3/9442-SCHOOL-BOARD-MEETING-High-v1.mp4,SCHOOL BOARD MEETING 11-15,2017-11-15,2:27:34,
9431,9431 SAU6110217.mp4,https://reflect-claremont.cablecast.tv/store-3/9431-7EA-SAU-BUDGET-MEETING-11-2-17-High-v1.mp4,SAU#6 SCHOOL BOARD MEETING 11-2-17,2017-11-02,1:18:18,
9406,9406 SchoolBoard110117.mp4,https://reflect-claremont.cablecast.tv/store-3/9406-7EA-SCHOOL-BOARD-MEETING-11-1-17-High-v1.mp4,SCHOOL BOARD MEETING 11-1-17,2017-11-01,3:10:10,
9385,9385 SchoolBoard101817.mp4,https://reflect-claremont.cablecast.tv/store-3/9385-7EA-SCHOOL-BOARD-MEETING-10-18-17-High-v1.mp4,SCHOOL BOARD MEETING 10-18-17,2017-10-18,2:39:13,
9386,9386 SAU6101217.mp4,https://reflect-claremont.cablecast.tv/store-3/9386-SAU-MEETING-OF-10-12-17-High-v1.mp4,SAU #6 BOARD MEETING 10-12-17,2017-10-12,1:58:55,
9354,9354 SchoolBoard100417.mp4,https://reflect-claremont.cablecast.tv/store-3/9354-7EA-SCHOOL-BOARD-MEETING-10-4-17-High-v1.mp4,SCHOOL BOARD MEETING 10-4,2017-10-04,2:41:26,
9357,9357 SchoolBoardCityCouncilJoint092817.mp4,https://reflect-claremont.cablecast.tv/store-3/9357-CITY-COUNCIL-SCHOOL-BRD-JOINT-MTG-9-28-17-High-v1.mp4,CITY COUNCIL / SCHOOL BOARD JOINT MEETING 9-28-17,2017-09-28,2:18:29,
9328,9328 SchoolBoard092017.mp4,https://reflect-claremont.cablecast.tv/store-3/9328-7EA-SCHOOL-BOARD-MEETING-9-20-17-High-v1.mp4,SCHOOL BOARD MEETING 9/20,2017-09-20,2:18:43,
9315,9315 SchoolBoard090617.mp4,https://reflect-claremont.cablecast.tv/store-3/9315-7EA-SCHOOL-BOARD-MEETING-9-6-17-High-v1.mp4,SCHOOL BOARD MEETING 9-6-17,2017-09-06,2:16:31,
9268,9268 SchoolBoard081617.mp4,https://reflect-claremont.cablecast.tv/store-3/9268-7EA-SCHOOL-BOARD-MEETING-8-16-17-High-v1.mp4,SCHOOL BOARD MEETING 8-16-17,2017-08-16,2:59:25,
9248,9248 SchoolBoard080217.mp4,https://reflect-claremont.cablecast.tv/store-3/9248-7EA-SCHOOL-BOARD-MEETING-8-2-17-High-v1.mp4,SCHOOL BOARD MEETING  8-2-17,2017-08-02,2:16:05,
9170,9170 SchoolBoardCityCouncilJoint062217.mp4,https://reflect-claremont.cablecast.tv/store-3/9170-SCHOOL-CITY-JOINT-MEETING-6-22-17-High-v1.mp4,CITY COUNCIL & SCHOOL BOARD MEETING - 6-22,2017-06-22,2:46:33,
9171,9171 SchoolBoard062117.mp4,https://reflect-claremont.cablecast.tv/store-3/9171-7EA-SCHOOL-BOARD-6-21-17-High-v1.mp4,SCHOOL BOARD MEETING 6-21-17,2017-06-21,2:14:05,
9128,9128 SchoolBoard053117.mp4,https://reflect-claremont.cablecast.tv/store-3/9128-7EA-SCHOOL-BOARD-MEETING-5-31-17-High-v1.mp4,SCHOOL BOARD MEETING 5-31-17,2017-05-31,2:09:25,
9098,9098 SchoolBoard051717.mp4,https://reflect-claremont.cablecast.tv/store-3/9098-7EA-SCHOOL-BOARD-MEETING-5-17-17-High-v1.mp4,SCHOOL BOARD MEETING 5-17-17,2017-05-17,2:34:18,
9073,9073 SchoolBoard050317.mp4,https://reflect-claremont.cablecast.tv/store-3/9073-SCHOOL-BOARD-5-3-2017-High-v1.mp4,SCHOOL BOARD MEETING 5-3,2017-05-03,2:55:49,
9041,9041 SchoolBoard041917.mp4,https://reflect-claremont.cablecast.tv/store-3/9041-7EA-SCHOOL-BOARD-MEETING-4-19-17-High-v1.mp4,SCHOOL BOARD MEETING 4-19-17,2017-04-19,2:44:53,
9020,9020 SchoolBoard040517.mp4,https://reflect-claremont.cablecast.tv/store-3/9020-7EA-SCHOOL-BOARD-MEETING-4-5-17-High-v1.mp4,SCHOOL BOARD MEETING 4-5-17,2017-04-05,2:17:01,
9010,9010 SchoolBoardCityCouncilJoint033017.mp4,https://reflect-claremont.cablecast.tv/store-3/9010-7GAi-CITY-AND-SCHOOL-JOINT-MEETING-3-28-17-High-v1.mp4,JOINT MEETING OF CITY COUNCIL AND SCHOOL BOARD 3-30-17,2017-03-30,2:24:05,
8976,8976 SchoolBoard031517.mp4,https://reflect-claremont.cablecast.tv/store-3/8976-7EA-SCHOOL-BOARD-MEETING-3-15-17-High-v1.mp4,SCHOOL BOARD MEETING 3-15-17,2017-03-15,1:23:20,
8948,8948 SchoolBoard030117.mp4,https://reflect-claremont.cablecast.tv/store-3/8948-7EA-SCHOOL-BOARD-MEETING-3-1-17-High-v1.mp4,SCHOOL BOARD MEETING 3-1-17,2017-03-01,2:26:59,
8899,8899 SchoolBoard012417.mp4,https://reflect-claremont.cablecast.tv/store-3/8899-7EAi-SCHOOL-BOARD-BUDGET-SESSION-1-24-17-High-v1.mp4,SCHOOL BOARD BUDGET SESSION 1-24-17,2017-01-24,1:32:22,
8884,8884 SchoolBoardCityCouncilJoint012417.mp4,https://reflect-claremont.cablecast.tv/store-3/8884-7GA-CITY-COUNCIL-SCHOOL-BOARD-1-24-17-High-v1.mp4, CITY COUNCIL / SCHOOL BOARD MEETING 1-24-17,2017-01-24,1:44:50,
8875,8875 SchoolBoard011817.mp4,https://reflect-claremont.cablecast.tv/store-3/8875-7EA-SCHOOL-BOARD-MEETING-1-18-17-High-v1.mp4,SCHOOL BOARD BUDGET MEETING 1-18-17,2017-01-18,3:06:22,
8873,8873 SchoolBoard011117.mp4,https://reflect-claremont.cablecast.tv/store-3/8873-7EA-SCHOOL-BOARD-BUDGET-HEARING-1-11-17-High-v1.mp4,SCHOOL BOARD BUDGET SESSION 1-11-17,2017-01-11,2:28:24,
8845,8845 SchoolBoard010417.mp4,https://reflect-claremont.cablecast.tv/store-3/8845-6EA-SCHOOL-BOARD-1-4-16-High-v1.mp4,SCHOOL BOARD MEETING 1-4-17,2017-01-04,1:25:38,
8815,8815 SchoolBoard122116.mp4,https://reflect-claremont.cablecast.tv/store-3/8815-6EA-SCHOOL-BOARD-12-21-16-High-v1.mp4,SCHOOL BOARD MEETING 12-21-16,2016-12-21,1:40:09,
8794,8794 SchoolBoard120716.mp4,https://reflect-claremont.cablecast.tv/store-3/8794-6EA-SCHOOL-BOARD-MEETING-12-7-16-High-v1.mp4,SCHOOL BOARD MEETING 12-7-16,2016-12-07,1:33:59,
8762,8762 SchoolBoard111616.mp4,https://reflect-claremont.cablecast.tv/store-3/8762-SCHOOL-BOARD-11-16-16-High-v1.mp4,SCHOOL BOARD MEETING of 11-16,2016-11-16,1:27:08,
8761,8761 SchoolBoardCityCouncilJoint111516.mp4,https://reflect-claremont.cablecast.tv/store-3/8761-6GA-JOINT-MEETING-City-Council-School-Board-11-1-High-v1.mp4,JOINT MEETING- CITY COUNCIL & SCHOOL BOARD 11-15-16,2016-11-15,2:34:24,
8732,8732 SchoolBoard110216.mp4,https://reflect-claremont.cablecast.tv/store-3/8732-6EA-SCHOOL-BOARD-11-2-16-High-v1.mp4,SCHOOL BOARD MEETING 11-2-16,2016-11-02,2:23:05,
8706,8706 SchoolBoard101916.mp4,https://reflect-claremont.cablecast.tv/store-3/8706-6PBi-SCHOOL-BOARD-10-19-16-High-v1.mp4,SCHOOL BOARD MEETING 10-19-16,2016-10-19,1:48:01,
8679,8679 SchoolBoard100516.mp4,https://reflect-claremont.cablecast.tv/store-3/8679-6EA-SCHOOL-BOARD-MEETING-10-5-16-High-v1.mp4,SCHOOL BOARD MEETING  10-5-16,2016-10-05,1:39:09,
8648,8648 SchoolBoard092116.mp4,https://reflect-claremont.cablecast.tv/store-3/8648-6EA-SCHOOL-BOARD-9-21-16-High-v1.mp4,SCHOOL BOARD MEETING 9-21-16,2016-09-21,3:00:06,
8577,8577 SchoolBoard081716.mp4,https://reflect-claremont.cablecast.tv/store-3/8577-6EA-SCHOOL-BOARD-8-17-16-High-v1.mp4,SCHOOL BOARD MEETING 8-17-16,2016-08-17,2:13:53,
8568,8568 SchoolBoardCityCouncilJoint080916.mp4,https://reflect-claremont.cablecast.tv/store-3/8568-JOINT-MEETING-OF-CITY-COUNCIL-SCHOOL-BOARD-8-9-High-v1.mp4,JOINT MEETING OF CITY COUNCIL & SCHOOL BOARD 8-9-16,2016-08-09,2:10:23,
8558,8558 SchoolBoard080316.mp4,https://reflect-claremont.cablecast.tv/store-3/8558-SCHOOL-BOARD-8-3-16-High-v1.mp4,SCHOOL BOARD MEETING 8-3-16,2016-08-03,2:36:11,
8433,8433 SchoolBoard060116.mp4,https://reflect-claremont.cablecast.tv/store-3/8433-SCHOOL-BOARD-MEETING-6-1-16-High-v1.mp4,SCHOOL BOARD MEETING 6-1-16,2016-06-01,2:28:39,
8407,8407 SchoolBoard051816.mp4,https://reflect-claremont.cablecast.tv/store-3/8407-SCHOOL-BOARD-5-18-16-High-v1.mp4,SCHOOL BOARD MEETING 5-18-16,2016-05-18,3:01:11,
8380,8380 SchoolBoard050416.mp4,https://reflect-claremont.cablecast.tv/store-3/8380-SCHOOL-BOARD-5-4-16-High-v1.mp4,SCHOOL BOARD MEETING 5-4-16,2016-05-04,3:43:28,
8313,8313 SchoolBoard040616.mp4,https://reflect-claremont.cablecast.tv/store-3/8313-SCHOOL_BOARD_MEETING_4-6-High.mp4,SCHOOL BOARD MEETING 4-6-16,2016-04-06,2:03:16,
8258,8258 SchoolBoard031616.mp4,https://reflect-claremont.cablecast.tv/store-3/8258-SCHOOL_BOARD_MEETING_of_3-16-16-High.mp4,SCHOOL BOARD MEETING of 3-16-16,2016-03-16,3:33:00,
8192,8192 SchoolBoard020316.mp4,https://reflect-claremont.cablecast.tv/store-3/8192-SCHOOL_BOARD_MEETING_2-3-16-High.mp4,SCHOOL BOARD MEETING 2-3-16,2016-02-03,0:57:05,
8162,8162 SchoolBoardDeliberative020316.mp4,https://reflect-claremont.cablecast.tv/store-3/8162-SCHOOL_BUDGET_DELIBERATIVE_SESSION_2-3-16-High.mp4,SCHOOL BUDGET DELIBERATIVE SESSION 2-3-16,2016-02-03,1:33:05,
8114,8114 SchoolBoard010916.mp4,https://reflect-claremont.cablecast.tv/store-3/8114-SCHOOL_BOARD_BUDGET_STUDY_MEETING_1-9-16-High.mp4,SCHOOL BOARD BUDGET STUDY MEETING 1-9-16,2016-01-09,3:08:57,
7408,7408 SchoolBoard030415.mp4,https://reflect-claremont.cablecast.tv/store-3/7408-CLAREMONT_SCHOOL_BOARD_3_4-Low.mp4,CLAREMONT SCHOOL BOARD 3/4,2015-03-04,1:37:55,
7313,7313 SchoolBoard012115.mp4,https://reflect-claremont.cablecast.tv/store-3/7313-CLAREMONT_SCHOOL_BOARD_1_21-Low.mp4,CLAREMONT SCHOOL BOARD 1/21,2015-01-21,3:16:26,
