cablecast_event_date,body,show_id,title_verbatim,duration_hms,duration_seconds,station_captions,cablecast_category,show_url
2026-08-19,School Board,17529,Claremont School Board 8/19/26,3:17:40,11860,yes,44,https://reflect-claremont.cablecast.tv/internetchannel/show/17529?site=1
2026-08-12,CSB Finance Cmte,17530,Claremont School Board Finance - 8/12/26,1:10:18,4218,yes,44,https://reflect-claremont.cablecast.tv/internetchannel/show/17530?site=1
2026-08-05,School Board,17489,Claremont School Board - 8/5/26,3:42:50,13370,yes,44,https://reflect-claremont.cablecast.tv/internetchannel/show/17489?site=1
2026-07-29,School Board,17512,Claremont School Board - 7/29/26,2:39:58,9598,yes,44,https://reflect-claremont.cablecast.tv/internetchannel/show/17512?site=1
2026-07-21,School Board,17473,Claremont School Board 7/21/26,2:40:01,9601,yes,44,https://reflect-claremont.cablecast.tv/internetchannel/show/17473?site=1
2026-06-19,CSB Finance Cmte,17431,School Board Finance Committee - 6/19/26,1:17:43,4663,yes,44,https://reflect-claremont.cablecast.tv/internetchannel/show/17431?site=1
2026-06-17,School Board,17418,Claremont School Board - 6/17/26,1:21:25,4885,yes,44,https://reflect-claremont.cablecast.tv/internetchannel/show/17418?site=1
2026-06-03,School Board,17397,Claremont School Board - 6/3/26,1:52:27,6747,yes,44,https://reflect-claremont.cablecast.tv/internetchannel/show/17397?site=1
2026-05-20,School Board,17373,Claremont School Board - 5/20/26,2:05:44,7544,yes,44,https://reflect-claremont.cablecast.tv/internetchannel/show/17373?site=1
2026-05-06,School Board,17348,Claremont School Board 5/6/26,1:55:40,6940,yes,44,https://reflect-claremont.cablecast.tv/internetchannel/show/17348?site=1
2026-04-15,School Board,17323,Claremont School Board - 4/15/26,1:25:03,5103,yes,44,https://reflect-claremont.cablecast.tv/internetchannel/show/17323?site=1
2026-04-09,SAU 6 Board,17307,SAU 6 - Board Meeting 4/9/26,1:14:50,4490,yes,44,https://reflect-claremont.cablecast.tv/internetchannel/show/17307?site=1
2026-04-06,School Board,17300,Claremont School Board - Dr. Tim Broderick Interview 4/6/26,1:20:50,4850,yes,44,https://reflect-claremont.cablecast.tv/internetchannel/show/17300?site=1
2026-03-31,School Board,17291,School Board Meeting 4/1/26,2:53:21,10401,yes,44,https://reflect-claremont.cablecast.tv/internetchannel/show/17291?site=1
2026-03-17,School Board,17241,Claremont School Board - 3/18/26,2:00:46,7246,yes,44,https://reflect-claremont.cablecast.tv/internetchannel/show/17241?site=1
2026-03-04,School Board,17201,Claremont School Board - 3/4/26,2:03:12,7392,yes,44,https://reflect-claremont.cablecast.tv/internetchannel/show/17201?site=1
2026-02-18,School Board,17168,Claremont School Board - Article 8 Discussion - 2/18/26,0:49:28,2968,yes,44,https://reflect-claremont.cablecast.tv/internetchannel/show/17168?site=1
2026-02-18,School Board,17159,Claremont School Board 2/18/26,2:56:25,10585,yes,44,https://reflect-claremont.cablecast.tv/internetchannel/show/17159?site=1
2026-02-07,School Board,17125,Claremont School Board Deliberative Session - 2/7/26,3:59:37,14377,yes,44,https://reflect-claremont.cablecast.tv/internetchannel/show/17125?site=1
2026-02-04,School Board,17134,Claremont School Board - 2/4/26,1:17:17,4637,yes,44,https://reflect-claremont.cablecast.tv/internetchannel/show/17134?site=1
2026-01-21,School Board,17095,Claremont School Board 1/21/26,3:11:15,11475,yes,44,https://reflect-claremont.cablecast.tv/internetchannel/show/17095?site=1
2026-01-20,School Board,17116,School Board - Public Hearing Proposed New Budgets 1/20/25,1:53:19,6799,yes,44,https://reflect-claremont.cablecast.tv/internetchannel/show/17116?site=1
2026-01-07,School Board,17092,Claremont School Board - 1/7/25,3:09:23,11363,yes,44,https://reflect-claremont.cablecast.tv/internetchannel/show/17092?site=1
2025-12-17,School Board,17046,Claremont School Board: 12/17/25,3:04:23,11063,yes,44,https://reflect-claremont.cablecast.tv/internetchannel/show/17046?site=1
2025-12-12,CSB Finance Cmte,17037,Claremont School Board : Finance Committee - 12/12/25,1:28:11,5291,yes,44,https://reflect-claremont.cablecast.tv/internetchannel/show/17037?site=1
2025-12-10,CSB Finance Cmte,17029,Claremont School Board - Finance Committee - 12/10/25,1:15:26,4526,yes,44,https://reflect-claremont.cablecast.tv/internetchannel/show/17029?site=1
2025-12-03,School Board,17017,School Board Meeting - 12/3/25,3:33:54,12834,yes,44,https://reflect-claremont.cablecast.tv/internetchannel/show/17017?site=1
2025-11-19,School Board,16982,Claremont School Board 11/19/26,3:10:39,11439,yes,44,https://reflect-claremont.cablecast.tv/internetchannel/show/16982?site=1
2025-11-13,SAU 6 Board,16976,SAU 6 Board Meeting - 11/13/25,0:53:56,3236,yes,44,https://reflect-claremont.cablecast.tv/internetchannel/show/16976?site=1
2025-11-05,School Board,16958,Claremont School Board - School Board Vacancy Discussion - 11/5/25,0:49:55,2995,yes,44,https://reflect-claremont.cablecast.tv/internetchannel/show/16958?site=1
2025-11-05,School Board,16951,Claremont School Board - 11/5/25,3:18:26,11906,yes,44,https://reflect-claremont.cablecast.tv/internetchannel/show/16951?site=1
2025-10-15,School Board,16896,Claremont School Board 10/15/25,2:15:06,8106,yes,44,https://reflect-claremont.cablecast.tv/internetchannel/show/16896?site=1
2025-10-06,SAU 6 Board,16882,Special SAU #6 Board Meeting - 10/6/25,1:59:50,7190,yes,44,https://reflect-claremont.cablecast.tv/internetchannel/show/16882?site=1
2025-10-06,School Board,16881,Special School Board Meeting 10/6/25,0:12:54,774,yes,44,https://reflect-claremont.cablecast.tv/internetchannel/show/16881?site=1
2025-09-26,School Board,16872,Claremont School Board - 10/1/25,3:45:25,13525,yes,44,https://reflect-claremont.cablecast.tv/internetchannel/show/16872?site=1
2025-09-17,School Board,16857,School Board Meeting - 9/17/25,2:24:13,8653,yes,44,https://reflect-claremont.cablecast.tv/internetchannel/show/16857?site=1
2025-09-11,SAU 6 Board,16833,SAU #6 Board Meeting - 9/11/25,0:31:40,1900,yes,44,https://reflect-claremont.cablecast.tv/internetchannel/show/16833?site=1
2025-09-10,School Board,16831,Claremont School Board - 9/10/25,2:48:27,10107,yes,44,https://reflect-claremont.cablecast.tv/internetchannel/show/16831?site=1
2025-09-04,SAU 6 Board,16820,SAU 6 Board Meeting - 9/4/25,0:21:17,1277,yes,44,https://reflect-claremont.cablecast.tv/internetchannel/show/16820?site=1
2025-09-03,School Board,16813,School Board Meeting - 9/3/25,3:28:03,12483,yes,44,https://reflect-claremont.cablecast.tv/internetchannel/show/16813?site=1
2025-08-25,School Board,16786,School Board Meeting 8/25/25,2:15:40,8140,yes,44,https://reflect-claremont.cablecast.tv/internetchannel/show/16786?site=1
2025-08-20,School Board,16776,School Board Meeting - 8/20/25,2:28:39,8919,yes,44,https://reflect-claremont.cablecast.tv/internetchannel/show/16776?site=1
2025-08-14,School Board,16764,School Board Meeting 8/14/25,1:37:16,5836,yes,44,https://reflect-claremont.cablecast.tv/internetchannel/show/16764?site=1
2025-06-18,School Board,16602,School Board - 6/18/25,2:24:21,8661,yes,44,https://reflect-claremont.cablecast.tv/internetchannel/show/16602?site=1
2025-06-12,SAU 6 Board,16596,SAU 6 Board Meeting - 6/12/25,0:25:09,1509,yes,44,https://reflect-claremont.cablecast.tv/internetchannel/show/16596?site=1
2025-06-03,School Board,16580,School Board Meeting - 6/3/25,2:00:33,7233,yes,44,https://reflect-claremont.cablecast.tv/internetchannel/show/16580?site=1
2025-05-21,School Board,16556,School Board - 5/21/25,1:23:03,4983,yes,44,https://reflect-claremont.cablecast.tv/internetchannel/show/16556?site=1
2025-05-07,School Board,16530,School Board Meeting - 5/7/25,1:57:07,7027,yes,44,https://reflect-claremont.cablecast.tv/internetchannel/show/16530?site=1
2025-04-16,School Board,16477,School Board Meeting - 4/16/25,2:26:02,8762,yes,44,https://reflect-claremont.cablecast.tv/internetchannel/show/16477?site=1
2025-04-10,SAU 6 Board,16463,SAU 6 Board Meeting 4/10/25,1:43:38,6218,yes,44,https://reflect-claremont.cablecast.tv/internetchannel/show/16463?site=1
2025-04-02,School Board,16433,School Board Meeting - 4/2/25,0:42:21,2541,yes,44,https://reflect-claremont.cablecast.tv/internetchannel/show/16433?site=1
2025-03-19,School Board,16409,School Board Meeting 3/19/25,2:07:56,7676,yes,44,https://reflect-claremont.cablecast.tv/internetchannel/show/16409?site=1
2025-03-17,School Board,16408,Claremont School Safety Public Discussion,1:32:17,5537,yes,44,https://reflect-claremont.cablecast.tv/internetchannel/show/16408?site=1
2025-03-05,School Board,16371,School Board Meeting - 3/5/25,2:52:19,10339,yes,44,https://reflect-claremont.cablecast.tv/internetchannel/show/16371?site=1
2025-02-19,School Board,16351,Claremont School Board - 2/19/25,0:13:58,838,yes,44,https://reflect-claremont.cablecast.tv/internetchannel/show/16351?site=1
2025-02-05,School Board,16322,School Board Meeting - 2/5/25,0:25:33,1533,yes,44,https://reflect-claremont.cablecast.tv/internetchannel/show/16322?site=1
2025-01-30,School Board,16315,School Board Deliberative Session - 2/1/25,1:13:00,4380,yes,44,https://reflect-claremont.cablecast.tv/internetchannel/show/16315?site=1
2025-01-21,School Board,16286,School Board Meeting 1/21/25,0:42:24,2544,yes,44,https://reflect-claremont.cablecast.tv/internetchannel/show/16286?site=1
2025-01-15,School Board,16266,Claremont School Board - 1/15/25,1:28:45,5325,yes,44,https://reflect-claremont.cablecast.tv/internetchannel/show/16266?site=1
2025-01-06,School Board,16253,School Board Meeting - 1/7/24,2:09:43,7783,yes,44,https://reflect-claremont.cablecast.tv/internetchannel/show/16253?site=1
2025-01-06,CSB Finance Cmte,16246,School Board Finance Meeting 1/6/24,1:44:34,6274,yes,44,https://reflect-claremont.cablecast.tv/internetchannel/show/16246?site=1
2024-12-18,CSB Finance Cmte,16226,School Board Finance Meeting 12/18/24,1:57:25,7045,yes,44,https://reflect-claremont.cablecast.tv/internetchannel/show/16226?site=1
2024-12-18,School Board,16222,School Board 12/18/24,1:25:06,5106,yes,44,https://reflect-claremont.cablecast.tv/internetchannel/show/16222?site=1
2024-12-13,CSB Finance Cmte,16215,School Board Finance Meeting 12/13/24,2:23:04,8584,yes,44,https://reflect-claremont.cablecast.tv/internetchannel/show/16215?site=1
2024-12-12,SAU 6 Board,16213,SAU #6 Board Meeting - 12/12/24,1:09:44,4184,yes,44,https://reflect-claremont.cablecast.tv/internetchannel/show/16213?site=1
2024-12-04,School Board,16192,School Board Meeting 12/4/24,1:25:50,5150,yes,44,https://reflect-claremont.cablecast.tv/internetchannel/show/16192?site=1
2024-11-21,SAU 6 Board,16158,SAU 6 Board Meeting - 11/21/24,0:51:52,3112,yes,44,https://reflect-claremont.cablecast.tv/internetchannel/show/16158?site=1
2024-11-20,School Board,16157,School Board Meeting 11/20/24,0:57:21,3441,yes,44,https://reflect-claremont.cablecast.tv/internetchannel/show/16157?site=1
2024-11-19,CSB Finance Cmte,16155,Finance Committee School Board 11/19/24,1:50:01,6601,yes,44,https://reflect-claremont.cablecast.tv/internetchannel/show/16155?site=1
2024-11-14,SAU 6 Board,16142,SAU 6 Board Meeting - 11/14/24,0:48:40,2920,yes,44,https://reflect-claremont.cablecast.tv/internetchannel/show/16142?site=1
2024-10-16,School Board,16070,School Board Meeting - 10/16/24,2:08:11,7691,yes,44,https://reflect-claremont.cablecast.tv/internetchannel/show/16070?site=1
2024-10-02,School Board,16049,School Board Meeting - 10/2/24,0:47:14,2834,yes,44,https://reflect-claremont.cablecast.tv/internetchannel/show/16049?site=1
2024-09-30,Joint Council/Board,16046,Claremont School Board and City Council Mtg - 9/30/24,2:10:47,7847,yes,44,https://reflect-claremont.cablecast.tv/internetchannel/show/16046?site=1
2024-09-18,School Board,16021,Claremont School Board - 9/18/24,1:03:02,3782,yes,44,https://reflect-claremont.cablecast.tv/internetchannel/show/16021?site=1
2024-09-12,SAU 6 Board,16011,SAU #6 Board Meeting - 9/12/24,1:32:08,5528,yes,44,https://reflect-claremont.cablecast.tv/internetchannel/show/16011?site=1
2024-09-04,School Board,15994,Claremont School Board - 09/4/24,1:06:50,4010,yes,44,https://reflect-claremont.cablecast.tv/internetchannel/show/15994?site=1
2024-08-21,School Board,15947,Claremont School Board 8/21/24,1:34:05,5645,yes,44,https://reflect-claremont.cablecast.tv/internetchannel/show/15947?site=1
2024-06-20,School Board,15814,School Board Meeting 6/20/24,2:02:06,7326,yes,44,https://reflect-claremont.cablecast.tv/internetchannel/show/15814?site=1
2024-06-05,School Board,15786,Claremont School Board 6/5/24,1:12:05,4325,yes,44,https://reflect-claremont.cablecast.tv/internetchannel/show/15786?site=1
2024-05-15,School Board,15722,School Board Meeting 5/15/24,2:03:24,7404,yes,44,https://reflect-claremont.cablecast.tv/internetchannel/show/15722?site=1
2024-04-17,School Board,15693,School Board Meeting 4/17/24,1:36:45,5805,yes,44,https://reflect-claremont.cablecast.tv/internetchannel/show/15693?site=1
2024-04-11,SAU 6 Board,15687,SAU 6 Board Meeting 4/11/24,1:10:00,4200,yes,44,https://reflect-claremont.cablecast.tv/internetchannel/show/15687?site=1
2024-03-20,School Board,15638,School Board Meeting 3/20/24,2:09:40,7780,yes,44,https://reflect-claremont.cablecast.tv/internetchannel/show/15638?site=1
2024-03-06,School Board,15607,School Board Meeting 3/6/24,1:55:22,6922,yes,44,https://reflect-claremont.cablecast.tv/internetchannel/show/15607?site=1
2024-02-21,School Board,15585,School Board Meeting 2/21/24,2:01:17,7277,yes,44,https://reflect-claremont.cablecast.tv/internetchannel/show/15585?site=1
2024-02-15,SAU 6 Board,15580,SAU 6 Board Meeting 2/15/24,0:59:53,3593,yes,44,https://reflect-claremont.cablecast.tv/internetchannel/show/15580?site=1
2024-02-03,District/Budget,15552,Claremont School Deliberative Session 2/3/24,1:33:12,5592,no,44,https://reflect-claremont.cablecast.tv/internetchannel/show/15552?site=1
2024-01-17,School Board,15531,Claremont School Board 1/17/24,2:30:13,9013,yes,44,https://reflect-claremont.cablecast.tv/internetchannel/show/15531?site=1
2024-01-11,SAU 6 Board,15523,SAU 6 Board Meeting 1/11/23,0:11:41,701,yes,44,https://reflect-claremont.cablecast.tv/internetchannel/show/15523?site=1
2024-01-05,CSB Finance Cmte,15510,School Board Finance Meeting 1/5/23,1:52:17,6737,no,44,https://reflect-claremont.cablecast.tv/internetchannel/show/15510?site=1
2024-01-03,School Board,15505,School Board Meeting 1/3/23,1:33:43,5623,no,44,https://reflect-claremont.cablecast.tv/internetchannel/show/15505?site=1
2023-12-20,School Board,15483,Claremont School Board 12/20/23,1:07:07,4027,no,44,https://reflect-claremont.cablecast.tv/internetchannel/show/15483?site=1
2023-12-18,CSB Finance Cmte,15451,School Board Finance Mtg 12/18/23,2:24:52,8692,no,44,https://reflect-claremont.cablecast.tv/internetchannel/show/15451?site=1
2023-12-14,SAU 6 Board,15472,SAU 6 Board Meeting 12/14/23,0:22:35,1355,no,44,https://reflect-claremont.cablecast.tv/internetchannel/show/15472?site=1
2023-12-13,CSB Finance Cmte,15471,School Board Finance Mtg 12/13/23,1:37:58,5878,no,44,https://reflect-claremont.cablecast.tv/internetchannel/show/15471?site=1
2023-12-07,SAU 6 Board,15455,SAU 6 Board Meeting 12/7/23,0:39:49,2389,no,44,https://reflect-claremont.cablecast.tv/internetchannel/show/15455?site=1
2023-12-06,School Board,15453,School Board Meeting 12/6/23,0:35:43,2143,no,44,https://reflect-claremont.cablecast.tv/internetchannel/show/15453?site=1
2023-12-06,CSB Finance Cmte,15452,Claremont School Board Finance Committee 12/6/23,1:30:00,5400,no,44,https://reflect-claremont.cablecast.tv/internetchannel/show/15452?site=1
2023-12-01,CSB Finance Cmte,15444,Claremont School Board Finance Committee - 12/1/23,3:00:40,10840,no,44,https://reflect-claremont.cablecast.tv/internetchannel/show/15444?site=1
2023-11-30,CSB Finance Cmte,15443,Claremont School Board Finance Committee - 11/30/23,1:24:08,5048,no,44,https://reflect-claremont.cablecast.tv/internetchannel/show/15443?site=1
2023-11-15,School Board,15413,Claremont School Board 11/15/23,1:04:30,3870,no,44,https://reflect-claremont.cablecast.tv/internetchannel/show/15413?site=1
2023-11-09,SAU 6 Board,15299,SAU 6 Board Meeting 11/9/23,1:03:22,3802,no,44,https://reflect-claremont.cablecast.tv/internetchannel/show/15299?site=1
2023-11-01,School Board,15385,Claremont School Board 11/1/23,1:29:49,5389,no,44,https://reflect-claremont.cablecast.tv/internetchannel/show/15385?site=1
2023-10-18,School Board,15357,Claremont School Board 10/18/23,1:43:25,6205,no,44,https://reflect-claremont.cablecast.tv/internetchannel/show/15357?site=1
2023-10-04,School Board,15336,Claremont School Board 10/4/23,1:26:29,5189,no,44,https://reflect-claremont.cablecast.tv/internetchannel/show/15336?site=1
2023-09-20,School Board,15311,Claremont School Board Meeting 9/20/23,1:20:39,4839,no,44,https://reflect-claremont.cablecast.tv/internetchannel/show/15311?site=1
2023-09-06,School Board,15286,Claremont School Board Meeting 9/6/23,0:52:53,3173,no,44,https://reflect-claremont.cablecast.tv/internetchannel/show/15286?site=1
2023-08-17,SAU 6 Board,15254,SAU 6 Board Meeting 8/17/23,1:22:55,4975,no,44,https://reflect-claremont.cablecast.tv/internetchannel/show/15254?site=1
2023-08-16,School Board,15253,Claremont School Board Meeting 8/16/23,1:14:27,4467,no,44,https://reflect-claremont.cablecast.tv/internetchannel/show/15253?site=1
2023-08-09,School Board,15240,School Board Meeting 8/9/23,2:01:47,7307,no,44,https://reflect-claremont.cablecast.tv/internetchannel/show/15240?site=1
2023-08-02,School Board,15228,School Board Meeting 8/2/23,2:40:15,9615,no,44,https://reflect-claremont.cablecast.tv/internetchannel/show/15228?site=1
2023-07-19,School Board,15205,Claremont School Board Meeting 7/19/23,2:02:30,7350,no,44,https://reflect-claremont.cablecast.tv/internetchannel/show/15205?site=1
2023-07-13,SAU 6 Board,15193,SAU 6 Board Meeting 7/13/23,0:29:11,1751,no,44,https://reflect-claremont.cablecast.tv/internetchannel/show/15193?site=1
2023-06-21,School Board,15153,School Board Meeting 6/21/23,1:14:51,4491,no,44,https://reflect-claremont.cablecast.tv/internetchannel/show/15153?site=1
2023-06-07,School Board,15123,School Board Meeting 6/7/23,1:46:37,6397,no,44,https://reflect-claremont.cablecast.tv/internetchannel/show/15123?site=1
2023-05-11,SAU 6 Board,15073,SAU 6 Board Meeting 5/11/23,0:42:29,2549,no,44,https://reflect-claremont.cablecast.tv/internetchannel/show/15073?site=1
2023-05-03,School Board,15058,Claremont School Board Meeting 5/3/23,1:48:20,6500,no,44,https://reflect-claremont.cablecast.tv/internetchannel/show/15058?site=1
2023-04-19,School Board,15028,Claremont School Board Meeting 4/19/23,1:50:35,6635,no,44,https://reflect-claremont.cablecast.tv/internetchannel/show/15028?site=1
2023-04-13,SAU 6 Board,15022,SAU 6 Board Meeting 4/13/23,1:10:58,4258,no,44,https://reflect-claremont.cablecast.tv/internetchannel/show/15022?site=1
2023-04-05,School Board,15003,School Board Meeting live 4/5/23,2:04:23,7463,no,44,https://reflect-claremont.cablecast.tv/internetchannel/show/15003?site=1
2023-03-30,SAU 6 Board,14986,SAU #6 Board Meeting 3/30/23,2:01:37,7297,no,44,https://reflect-claremont.cablecast.tv/internetchannel/show/14986?site=1
2023-03-01,School Board,14937,Claremont School Board Meeting 3/1/23,0:58:27,3507,no,44,https://reflect-claremont.cablecast.tv/internetchannel/show/14937?site=1
2023-02-16,SAU 6 Board,14911,SAU 6 Board Meeting - 2/16/23,1:39:06,5946,no,44,https://reflect-claremont.cablecast.tv/internetchannel/show/14911?site=1
2023-02-15,School Board,14909,Claremont School Board 2/15/23,1:49:34,6574,no,44,https://reflect-claremont.cablecast.tv/internetchannel/show/14909?site=1
2023-02-08,School Board,14892,Claremont School Board Deliberative Session 2/8/23,1:53:57,6837,no,44,https://reflect-claremont.cablecast.tv/internetchannel/show/14892?site=1
2023-02-01,School Board,14875,Claremont School Board Meeting 2/1/23,2:47:53,10073,no,44,https://reflect-claremont.cablecast.tv/internetchannel/show/14875?site=1
2023-01-17,School Board,14847,Claremont School Board and SAU6 Public Hearing Budget 1/17/23,2:50:27,10227,no,44,https://reflect-claremont.cablecast.tv/internetchannel/show/14847?site=1
2023-01-11,School Board,14833,Claremont School Board Meeting 1/11/23,2:30:33,9033,no,44,https://reflect-claremont.cablecast.tv/internetchannel/show/14833?site=1
2023-01-09,School Board,14835,Claremont School Board Meeting 1/9/23,0:15:25,925,no,44,https://reflect-claremont.cablecast.tv/internetchannel/show/14835?site=1
2023-01-03,SAU 6 Board,14822,SAU 6 Board Meeting Live 1/3/23,1:11:49,4309,no,44,https://reflect-claremont.cablecast.tv/internetchannel/show/14822?site=1
2022-12-01,SAU 6 Board,14765,SAU 6 Board Meeting live on 12/1/22,1:54:30,6870,no,44,https://reflect-claremont.cablecast.tv/internetchannel/show/14765?site=1
2022-11-17,School Board,14728,Claremont School Board 11/17/22,0:50:32,3032,no,44,https://reflect-claremont.cablecast.tv/internetchannel/show/14728?site=1
2022-11-16,SAU 6 Board,14727,SAU 6 Meeting live on 11/16/22,1:35:22,5722,no,44,https://reflect-claremont.cablecast.tv/internetchannel/show/14727?site=1
2022-11-03,School Board,14693,Claremont School Board Special Meeting 11/3/22,0:36:29,2189,no,44,https://reflect-claremont.cablecast.tv/internetchannel/show/14693?site=1
2022-10-19,School Board,14681,Claremont School Board 10/19/22,2:11:56,7916,no,44,https://reflect-claremont.cablecast.tv/internetchannel/show/14681?site=1
2022-10-05,School Board,14654,Claremont School Board of 10/5/22,2:45:10,9910,no,44,https://reflect-claremont.cablecast.tv/internetchannel/show/14654?site=1
2022-09-29,SAU 6 Board,14630,SAU 6 Board Meeting of 9/29/22,0:52:25,3145,no,44,https://reflect-claremont.cablecast.tv/internetchannel/show/14630?site=1
2022-09-15,School Board,14627,Claremont School Board Meeting of 9/21/22,1:42:36,6156,no,44,https://reflect-claremont.cablecast.tv/internetchannel/show/14627?site=1
2022-09-07,School Board,14595,Claremont School Board Meeting of 9/7/22,1:42:13,6133,no,44,https://reflect-claremont.cablecast.tv/internetchannel/show/14595?site=1
2022-08-24,School Board,14582,Special Claremont School Board of 8/24/22,0:40:38,2438,no,43,https://reflect-claremont.cablecast.tv/internetchannel/show/14582?site=1
2022-08-17,School Board,13556,Claremont School Board Meeting of 8/17/22,1:39:30,5970,no,44,https://reflect-claremont.cablecast.tv/internetchannel/show/13556?site=1
2022-07-20,School Board,13521,Claremont School Board 7/20/22,1:33:18,5598,no,44,https://reflect-claremont.cablecast.tv/internetchannel/show/13521?site=1
2022-06-16,SAU 6 Board,13444,SAU 6 Board Meeting of 6/16/22,0:40:25,2425,no,44,https://reflect-claremont.cablecast.tv/internetchannel/show/13444?site=1
2022-06-15,School Board,13420,Claremont School Board live on 6/15/22,2:14:38,8078,no,44,https://reflect-claremont.cablecast.tv/internetchannel/show/13420?site=1
2022-05-19,SAU 6 Board,12400,SAU 6 Board Meeting on 5/19/22,0:43:58,2638,no,44,https://reflect-claremont.cablecast.tv/internetchannel/show/12400?site=1
2022-05-18,School Board,12399,School Board Meeting live on 5/18/22,2:16:34,8194,no,44,https://reflect-claremont.cablecast.tv/internetchannel/show/12399?site=1
2022-05-04,School Board,12366,School Board Meeting of 5/4/22,2:34:25,9265,no,44,https://reflect-claremont.cablecast.tv/internetchannel/show/12366?site=1
2022-04-20,SAU 6 Board,12353,SAU 6 Board of 4/21/22,1:37:42,5862,no,44,https://reflect-claremont.cablecast.tv/internetchannel/show/12353?site=1
2022-04-06,School Board,12315,School Board Meeting live on 4/6/22,2:30:14,9014,no,44,https://reflect-claremont.cablecast.tv/internetchannel/show/12315?site=1
2022-02-17,School Board,12210,School Board Meeting Emergency Session of 2/16/22,0:57:53,3473,no,44,https://reflect-claremont.cablecast.tv/internetchannel/show/12210?site=1
2022-02-09,School Board,12204,School Board Deliberative Session of 2/9/22,2:28:31,8911,no,44,https://reflect-claremont.cablecast.tv/internetchannel/show/12204?site=1
2022-02-02,School Board,12180,Claremont School Board of 2/2/22,2:04:38,7478,no,44,https://reflect-claremont.cablecast.tv/internetchannel/show/12180?site=1
2022-01-18,School Board,12151,School Board Meeting live on 1/18/22,1:55:09,6909,no,44,https://reflect-claremont.cablecast.tv/internetchannel/show/12151?site=1
2022-01-05,School Board,12115,Claremont School Board of 1/5/22,2:40:49,9649,no,44,https://reflect-claremont.cablecast.tv/internetchannel/show/12115?site=1
2021-12-16,SAU 6 Board,12088,SAU 6 Board Meeting of 12/16/21,1:16:47,4607,no,44,https://reflect-claremont.cablecast.tv/internetchannel/show/12088?site=1
2021-12-01,School Board,12056,Claremont School Board of 12/1/21,0:36:43,2203,no,44,https://reflect-claremont.cablecast.tv/internetchannel/show/12056?site=1
2021-11-18,SAU 6 Board,12033,SAU 6 Meeting of 11/18/21,0:38:09,2289,no,44,https://reflect-claremont.cablecast.tv/internetchannel/show/12033?site=1
2021-11-03,School Board,12005,Claremont School Board of 11/3/21,2:04:32,7472,no,44,https://reflect-claremont.cablecast.tv/internetchannel/show/12005?site=1
2021-10-21,SAU 6 Board,11980,SAU 6 Meeting of 10/21/21,0:37:34,2254,no,44,https://reflect-claremont.cablecast.tv/internetchannel/show/11980?site=1
2021-10-20,School Board,11963,Claremont School Board of 10/20/21,2:06:35,7595,no,44,https://reflect-claremont.cablecast.tv/internetchannel/show/11963?site=1
2021-09-20,SAU 6 Board,11933,SAU6 Meeting - Elementary School Restructuring Proposal - 9/20/21,1:00:59,3659,no,43,https://reflect-claremont.cablecast.tv/internetchannel/show/11933?site=1
2021-09-15,School Board,11886,School Board live on 9/15/21,1:49:31,6571,no,44,https://reflect-claremont.cablecast.tv/internetchannel/show/11886?site=1
2021-09-01,School Board,11862,Claremont School Board Meeting of 9/1/21,1:40:26,6026,no,44,https://reflect-claremont.cablecast.tv/internetchannel/show/11862?site=1
2021-08-18,School Board,11825,School Board live on 8/18/21,3:02:31,10951,no,44,https://reflect-claremont.cablecast.tv/internetchannel/show/11825?site=1
2021-08-04,School Board,11793,Claremont School Board Meeting of 8-4-21,2:14:29,8069,no,44,https://reflect-claremont.cablecast.tv/internetchannel/show/11793?site=1
2021-07-21,School Board,11776,Claremont School Board of 7/21/21,2:39:35,9575,no,44,https://reflect-claremont.cablecast.tv/internetchannel/show/11776?site=1
2021-07-01,SAU 6 Board,11720,SAU #6 Board Meeting of 7/1/21,0:56:29,3389,no,44,https://reflect-claremont.cablecast.tv/internetchannel/show/11720?site=1
2021-06-02,School Board,11649,School Board live on 6/2/21,2:29:20,8960,no,44,https://reflect-claremont.cablecast.tv/internetchannel/show/11649?site=1
2021-05-05,School Board,11510,Claremont School Board Meeting of 5/5/21,2:18:26,8306,no,44,https://reflect-claremont.cablecast.tv/internetchannel/show/11510?site=1
2021-04-15,School Board,11527,VOD School Board of 4-7-21,1:14:02,4442,no,0,https://reflect-claremont.cablecast.tv/internetchannel/show/11527?site=1
2021-04-07,School Board,11444,Claremont School Board Meeting of 4/7/21,1:13:46,4426,no,44,https://reflect-claremont.cablecast.tv/internetchannel/show/11444?site=1
2021-03-17,School Board,11390,Claremont School Board Meeting of 3/17/21,1:37:25,5845,no,44,https://reflect-claremont.cablecast.tv/internetchannel/show/11390?site=1
2021-02-04,School Board,11281,Claremont School Board: District Meeting Procedures Part Two of 2/4/21,0:12:35,755,no,44,https://reflect-claremont.cablecast.tv/internetchannel/show/11281?site=1
2021-02-03,School Board,11216,School Board live on 1/27/21,1:19:49,4789,no,44,https://reflect-claremont.cablecast.tv/internetchannel/show/11216?site=1
2021-02-01,School Board,11276,Claremont School Board: District Meeting Procedures of 2/1/21,0:42:36,2556,no,44,https://reflect-claremont.cablecast.tv/internetchannel/show/11276?site=1
2021-01-13,School Board,11262,School Board Budget Meeting of 1/13/21,2:10:52,7852,no,44,https://reflect-claremont.cablecast.tv/internetchannel/show/11262?site=1
2021-01-06,School Board,11175,School Board Meeting live on 1/6/21,2:43:36,9816,no,44,https://reflect-claremont.cablecast.tv/internetchannel/show/11175?site=1
2020-12-16,School Board,11106,School Board Meeting live on 12/16/20,1:39:39,5979,no,0,https://reflect-claremont.cablecast.tv/internetchannel/show/11106?site=1
2020-12-10,SAU 6 Board,11127,SAU 6 Board Meeting of 12/10/20,0:54:27,3267,no,0,https://reflect-claremont.cablecast.tv/internetchannel/show/11127?site=1
2020-12-02,School Board,11056,SCHOOL BOARD live on 12/2/20,2:06:30,7590,no,0,https://reflect-claremont.cablecast.tv/internetchannel/show/11056?site=1
2020-10-07,School Board,11007,SCHOOL BOARD meeting 10/7,2:20:57,8457,no,0,https://reflect-claremont.cablecast.tv/internetchannel/show/11007?site=1
2020-09-23,School Board,10993,CLAREMONT SCHOOL BOARD meeting of 9/23/20,2:21:27,8487,no,0,https://reflect-claremont.cablecast.tv/internetchannel/show/10993?site=1
2020-09-22,School Board,10992,SAU 6 School Board Meeting 9/22,0:39:52,2392,no,0,https://reflect-claremont.cablecast.tv/internetchannel/show/10992?site=1
2020-09-02,School Board,10974,SCHOOL BOARD meeting 9/2/20,3:03:20,11000,no,0,https://reflect-claremont.cablecast.tv/internetchannel/show/10974?site=1
2020-08-05,School Board,10942,"SCHOOL BOARD MEETING - 8-5-20 Includes ""Fall 2020 Back to School Plan""",3:43:05,13385,no,0,https://reflect-claremont.cablecast.tv/internetchannel/show/10942?site=1
2020-06-03,School Board,10876,SCHOOL BOARD meeting 6/3/20,1:45:47,6347,no,0,https://reflect-claremont.cablecast.tv/internetchannel/show/10876?site=1
2020-05-06,School Board,10842,SCHOOL BOARD Hearing & Meeting of 5/6/20,2:23:32,8612,no,0,https://reflect-claremont.cablecast.tv/internetchannel/show/10842?site=1
2020-03-04,School Board,10768,CLAREMONT SCHOOL BOARD meeting of 3/4/20,1:58:40,7120,no,0,https://reflect-claremont.cablecast.tv/internetchannel/show/10768?site=1
2020-02-01,School Board,10722,SCHOOL BOARD Deliberative Session on the Budget 2/5/20,2:27:52,8872,no,0,https://reflect-claremont.cablecast.tv/internetchannel/show/10722?site=1
2020-01-21,School Board,10704,SCHOOL BOARD meeting 1-21-20,2:24:58,8698,no,0,https://reflect-claremont.cablecast.tv/internetchannel/show/10704?site=1
2020-01-15,School Board,10694,SCHOOL BOARD PRESENTATION on FY '21 Budget 1-15,1:36:40,5800,no,0,https://reflect-claremont.cablecast.tv/internetchannel/show/10694?site=1
2020-01-08,School Board,10683,CLAREMONT SCHOOL BOARD meeting 1/8/20,2:00:37,7237,no,0,https://reflect-claremont.cablecast.tv/internetchannel/show/10683?site=1
2020-01-02,School Board,10675,SAU#6 SCHOOL BOARD Public Hearing 1-2-20,0:59:31,3571,no,0,https://reflect-claremont.cablecast.tv/internetchannel/show/10675?site=1
2019-12-12,District/Budget,10649,SPECIAL SCHOOL DISTRICT MEETING regarding funding warrant 12-12-19,0:53:23,3203,no,0,https://reflect-claremont.cablecast.tv/internetchannel/show/10649?site=1
2019-12-05,School Board,10639,SAU #6 SCHOOL BOARD meeting of 12/5/19,1:23:20,5000,no,0,https://reflect-claremont.cablecast.tv/internetchannel/show/10639?site=1
2019-12-04,School Board,10638,CLAREMONT SCHOOLS PUBLIC HEARING and SCHOOL BOARD of 12-4-19,1:35:10,5710,no,0,https://reflect-claremont.cablecast.tv/internetchannel/show/10638?site=1
2019-11-21,District/Budget,10624,SCHOOL DISTRICT MEETING - hearing on warrant for Special Education funding 11-21-19,1:01:46,3706,no,0,https://reflect-claremont.cablecast.tv/internetchannel/show/10624?site=1
2019-11-20,School Board,10623,SCHOOL BOARD MEETING of 11-20-19,1:41:07,6067,no,0,https://reflect-claremont.cablecast.tv/internetchannel/show/10623?site=1
2019-11-06,School Board,10605,CLAREMONT SCHOOL BOARD meeting 11-6,1:19:20,4760,no,0,https://reflect-claremont.cablecast.tv/internetchannel/show/10605?site=1
2019-10-16,School Board,10577,CLAREMONT SCHOOL BOARD meeting 10/16,1:11:35,4295,no,0,https://reflect-claremont.cablecast.tv/internetchannel/show/10577?site=1
2019-10-10,School Board,10567,SAU #6 SCHOOL BOARD meeting 10-10-19,0:33:01,1981,no,0,https://reflect-claremont.cablecast.tv/internetchannel/show/10567?site=1
2019-10-02,School Board,10558,SCHOOL BOARD meeting 10-2-19,1:27:20,5240,no,0,https://reflect-claremont.cablecast.tv/internetchannel/show/10558?site=1
2019-09-18,School Board,10537,SCHOOL BOARD meeting 9-18-19,1:05:38,3938,no,0,https://reflect-claremont.cablecast.tv/internetchannel/show/10537?site=1
2019-09-05,School Board,10522,SAU #6 SCHOOL BOARD meeting 9-5-19,0:34:45,2085,no,0,https://reflect-claremont.cablecast.tv/internetchannel/show/10522?site=1
2019-09-04,School Board,10521,SCHOOL BOARD meeting 9-4-19,1:03:51,3831,no,0,https://reflect-claremont.cablecast.tv/internetchannel/show/10521?site=1
2019-08-21,School Board,10506,SCHOOL BOARD meeting 8-21-19,1:30:42,5442,no,0,https://reflect-claremont.cablecast.tv/internetchannel/show/10506?site=1
2019-07-30,School Board,10472,SCHOOL BOARD meeting 7-30,0:28:22,1702,no,0,https://reflect-claremont.cablecast.tv/internetchannel/show/10472?site=1
2019-07-25,School Board,10463,SAU #6 SCHOOL BOARD meeting 7-25-19,0:38:51,2331,no,0,https://reflect-claremont.cablecast.tv/internetchannel/show/10463?site=1
2019-06-04,School Board,10407,SAU #6 SCHOOL BOARD meeting of 6-4-19,0:37:53,2273,no,0,https://reflect-claremont.cablecast.tv/internetchannel/show/10407?site=1
2019-05-16,School Board,10375,SAU #6 SCHOOL BOARD COMMITTEE meeting 5-16-19,0:46:02,2762,no,0,https://reflect-claremont.cablecast.tv/internetchannel/show/10375?site=1
2019-05-15,School Board,10374,"SCHOOL BOARD MEETING 5-15-19 (proceeded by ""Special Precedural Defect"" meeting)",1:15:22,4522,no,0,https://reflect-claremont.cablecast.tv/internetchannel/show/10374?site=1
2019-05-06,Joint Council/Board,10358,JOINT MEETING of the CITY COUNCIL & SCHOOL BOARD 5-6-19,1:54:47,6887,no,0,https://reflect-claremont.cablecast.tv/internetchannel/show/10358?site=1
2019-05-01,School Board,10350,SCHOOL BOARD meeting of 5-1-19,1:26:42,5202,no,0,https://reflect-claremont.cablecast.tv/internetchannel/show/10350?site=1
2019-04-17,School Board,10330,SCHOOL BOARD meeting of 4-17-19,0:48:35,2915,no,0,https://reflect-claremont.cablecast.tv/internetchannel/show/10330?site=1
2019-04-11,School Board,10321,SAU #6 SCHOOL BOARD MEETING of 4-11-19,1:06:19,3979,no,0,https://reflect-claremont.cablecast.tv/internetchannel/show/10321?site=1
2019-04-03,School Board,10310,SCHOOL BOARD meeting of 4-3-19,0:49:18,2958,no,0,https://reflect-claremont.cablecast.tv/internetchannel/show/10310?site=1
2019-03-25,School Board,10304,SAU #6 SCHOOL BOARD meeting 3-28-19,1:53:06,6786,no,0,https://reflect-claremont.cablecast.tv/internetchannel/show/10304?site=1
2019-03-20,School Board,10294,SCHOOL BOARD meeting of 3-20-19,2:35:44,9344,no,0,https://reflect-claremont.cablecast.tv/internetchannel/show/10294?site=1
2019-03-06,School Board,10274,SCHOOL BOARD meeting 3-6-19,1:49:20,6560,no,0,https://reflect-claremont.cablecast.tv/internetchannel/show/10274?site=1
2019-02-20,School Board,10252,SCHOOL BOARD meeting of 2-20-19,1:45:37,6337,no,0,https://reflect-claremont.cablecast.tv/internetchannel/show/10252?site=1
2019-02-06,District/Budget,10232,CLAREMONT SCHOOL BUDGET Deliberative Session of 2-6-19,1:04:45,3885,no,0,https://reflect-claremont.cablecast.tv/internetchannel/show/10232?site=1
2019-01-02,District/Budget,10185,SCHOOL BUDGET PUBLIC HEARING of 1-2,1:02:29,3749,no,0,https://reflect-claremont.cablecast.tv/internetchannel/show/10185?site=1
2018-12-19,School Board,10161,SCHOOL BOARD MEETING 12-19-18,1:56:14,6974,no,0,https://reflect-claremont.cablecast.tv/internetchannel/show/10161?site=1
2018-12-13,School Board,10165,SAU # 6 SCHOOL BOARD MEETING 12-13-18,1:13:53,4433,no,0,https://reflect-claremont.cablecast.tv/internetchannel/show/10165?site=1
2018-12-05,School Board,10139,SCHOOL BOARD MEETING 12-5,2:16:02,8162,no,0,https://reflect-claremont.cablecast.tv/internetchannel/show/10139?site=1
2018-11-08,School Board,10094,SAU#6 SCHOOL BOARD MEETING 11-9-18,0:25:22,1522,no,0,https://reflect-claremont.cablecast.tv/internetchannel/show/10094?site=1
2018-11-07,School Board,10093,SCHOOL BOARD MEETING 11-7,1:48:45,6525,no,0,https://reflect-claremont.cablecast.tv/internetchannel/show/10093?site=1
2018-10-30,School Board,10095,SCHOOL BOARD MEETING 10-30,0:48:51,2931,no,0,https://reflect-claremont.cablecast.tv/internetchannel/show/10095?site=1
2018-10-18,School Board,10059,SAU#6 SCHOOL BOARD MEETING 10-18,1:26:18,5178,no,0,https://reflect-claremont.cablecast.tv/internetchannel/show/10059?site=1
2018-10-03,School Board,10044,SCHOOL BOARD MEETING OF 10-3,1:25:59,5159,no,0,https://reflect-claremont.cablecast.tv/internetchannel/show/10044?site=1
2018-09-19,School Board,10012,SCHOOL BOARD MEETING 9-19,1:31:09,5469,no,0,https://reflect-claremont.cablecast.tv/internetchannel/show/10012?site=1
2018-09-13,School Board,10002,SAU SCHOOL BOARD MEETING of 9-13,2:55:30,10530,no,0,https://reflect-claremont.cablecast.tv/internetchannel/show/10002?site=1
2018-09-05,School Board,9986,SCHOOL BOARD MEETING of 9-5,2:41:57,9717,no,0,https://reflect-claremont.cablecast.tv/internetchannel/show/9986?site=1
2018-08-23,School Board,9974,SAU #6 SCHOOL BOARD MEETING of 8-23,2:00:04,7204,no,0,https://reflect-claremont.cablecast.tv/internetchannel/show/9974?site=1
2018-08-15,School Board,9950,SCHOOL BOARD MEETING 8-15,2:34:41,9281,no,0,https://reflect-claremont.cablecast.tv/internetchannel/show/9950?site=1
2018-08-09,Joint Council/Board,9953,JOINT MEETING of the CITY COUNCIL & SCHOOL BOARD of 8-9,1:34:04,5644,no,0,https://reflect-claremont.cablecast.tv/internetchannel/show/9953?site=1
2018-07-26,School Board,9928,SAU 6 SCHOOL BOARD MEETING 7-26,0:45:22,2722,no,0,https://reflect-claremont.cablecast.tv/internetchannel/show/9928?site=1
2018-07-18,School Board,9907,SCHOOL BOARD MEETING 7-18,1:03:28,3808,no,0,https://reflect-claremont.cablecast.tv/internetchannel/show/9907?site=1
2018-07-12,School Board,9906,SAU 6 SCHOOL BOARD 7-12,2:12:35,7955,no,0,https://reflect-claremont.cablecast.tv/internetchannel/show/9906?site=1
2018-06-28,School Board,9876,S.A.U. #6 SCHOOL BOARD MEETING 6-28,1:44:03,6243,no,0,https://reflect-claremont.cablecast.tv/internetchannel/show/9876?site=1
2018-06-21,Joint Council/Board,9849,COUNCIL / SCHOOL BOARD JOINT MEETING 6-21,1:49:02,6542,no,0,https://reflect-claremont.cablecast.tv/internetchannel/show/9849?site=1
2018-06-20,School Board,9850,SCHOOL BOARD MEETING 6-20,1:55:58,6958,no,0,https://reflect-claremont.cablecast.tv/internetchannel/show/9850?site=1
2018-06-14,School Board,9853,SAU 6 SCHOOL BOARD MEETING 6-14,2:28:54,8934,no,0,https://reflect-claremont.cablecast.tv/internetchannel/show/9853?site=1
2018-06-06,School Board,9828,SCHOOL BOARD MEETING 6-6,2:26:17,8777,no,0,https://reflect-claremont.cablecast.tv/internetchannel/show/9828?site=1
2018-05-16,School Board,9790,SCHOOL BOARD MEETING 5-16,3:10:43,11443,no,0,https://reflect-claremont.cablecast.tv/internetchannel/show/9790?site=1
2018-05-10,SAU 6 Board,9799,SAU BOARD MEETING 5-10,1:16:01,4561,no,0,https://reflect-claremont.cablecast.tv/internetchannel/show/9799?site=1
2018-05-02,School Board,9764,SCHOOL BOARD 5-2,1:34:08,5648,no,0,https://reflect-claremont.cablecast.tv/internetchannel/show/9764?site=1
2018-04-24,Joint Council/Board,9734,JOINT MEETING- COUNCIL & SCHOOL BOARD 4-17,2:14:00,8040,no,0,https://reflect-claremont.cablecast.tv/internetchannel/show/9734?site=1
2018-04-18,School Board,9740,SCHOOL BOARD MEETING 4-18,3:10:11,11411,no,0,https://reflect-claremont.cablecast.tv/internetchannel/show/9740?site=1
2018-04-04,School Board,9711,SCHOOL BOARD MEETING 4-4,2:19:02,8342,no,0,https://reflect-claremont.cablecast.tv/internetchannel/show/9711?site=1
2018-03-29,School Board,9715,SAU SCHOOL BOARD MEETING 3-29,2:07:39,7659,no,0,https://reflect-claremont.cablecast.tv/internetchannel/show/9715?site=1
2018-03-21,School Board,9682,SCHOOL BOARD MEETING 3-21,3:20:50,12050,no,0,https://reflect-claremont.cablecast.tv/internetchannel/show/9682?site=1
2018-02-21,School Board,9631,SCHOOL BOARD MEETING 2-21,2:05:26,7526,no,0,https://reflect-claremont.cablecast.tv/internetchannel/show/9631?site=1
2018-02-08,District/Budget,9602,SCHOOL BUDGET DELIBERATIVE SESSION 2-8,2:04:00,7440,no,0,https://reflect-claremont.cablecast.tv/internetchannel/show/9602?site=1
2018-01-31,School Board,9586,SCHOOL BOARD MEETING 1-31,2:00:38,7238,no,0,https://reflect-claremont.cablecast.tv/internetchannel/show/9586?site=1
2018-01-30,Joint Council/Board,9592, JOINT MEETING: COUNCIL & SCHOOL BOARD 1-30,2:02:32,7352,no,0,https://reflect-claremont.cablecast.tv/internetchannel/show/9592?site=1
2018-01-03,School Board,9550,Part 2 of 2 SCHOOL BOARD MEETING of 1-3-18,0:22:57,1377,no,0,https://reflect-claremont.cablecast.tv/internetchannel/show/9550?site=1
2018-01-03,School Board,9549,Part 1 of 2 - SCHOOL BOARD MEETING of 1-3-18,1:05:59,3959,no,0,https://reflect-claremont.cablecast.tv/internetchannel/show/9549?site=1
2018-01-03,District/Budget,9548,Part 2 of 2 - SCHOOL BUDGET HEARING OF 1-3-18,0:58:13,3493,no,0,https://reflect-claremont.cablecast.tv/internetchannel/show/9548?site=1
2018-01-03,District/Budget,9547,Part 1 of 2 SCHOOL BUDGET HEARING 1-3-18,1:05:49,3949,no,0,https://reflect-claremont.cablecast.tv/internetchannel/show/9547?site=1
2017-12-20,School Board,9507,SCHOOL BOARD MEETING of 12-20,2:42:13,9733,no,0,https://reflect-claremont.cablecast.tv/internetchannel/show/9507?site=1
2017-12-08,School Board,9497,PART 2 OF 2 -- SCHOOL BOARD MEETING OF 12-6,0:57:53,3473,no,0,https://reflect-claremont.cablecast.tv/internetchannel/show/9497?site=1
2017-12-06,School Board,9496,PART 1 OF 2 -- SCHOOL BOARD MEETING OF 12-6-17,3:56:59,14219,no,0,https://reflect-claremont.cablecast.tv/internetchannel/show/9496?site=1
2017-12-06,School Board,9495,SCHOOL BOARD MEETING 12-6-17,4:54:52,17692,no,0,https://reflect-claremont.cablecast.tv/internetchannel/show/9495?site=1
2017-11-29,School Board,9470,SCHOOL BOARD MEETING 11-29-17,2:48:23,10103,no,0,https://reflect-claremont.cablecast.tv/internetchannel/show/9470?site=1
2017-11-15,School Board,9442,SCHOOL BOARD MEETING 11-15,2:27:34,8854,no,0,https://reflect-claremont.cablecast.tv/internetchannel/show/9442?site=1
2017-11-02,School Board,9431,SAU#6 SCHOOL BOARD MEETING 11-2-17,1:18:18,4698,no,0,https://reflect-claremont.cablecast.tv/internetchannel/show/9431?site=1
2017-11-01,School Board,9406,SCHOOL BOARD MEETING 11-1-17,3:10:10,11410,no,0,https://reflect-claremont.cablecast.tv/internetchannel/show/9406?site=1
2017-10-18,School Board,9385,SCHOOL BOARD MEETING 10-18-17,2:39:13,9553,no,0,https://reflect-claremont.cablecast.tv/internetchannel/show/9385?site=1
2017-10-12,SAU 6 Board,9386,SAU #6 BOARD MEETING 10-12-17,1:58:55,7135,no,0,https://reflect-claremont.cablecast.tv/internetchannel/show/9386?site=1
2017-10-04,School Board,9354,SCHOOL BOARD MEETING 10-4,2:41:26,9686,no,0,https://reflect-claremont.cablecast.tv/internetchannel/show/9354?site=1
2017-09-28,Joint Council/Board,9357,CITY COUNCIL / SCHOOL BOARD JOINT MEETING 9-28-17,2:18:29,8309,no,0,https://reflect-claremont.cablecast.tv/internetchannel/show/9357?site=1
2017-09-20,School Board,9328,SCHOOL BOARD MEETING 9/20,2:18:43,8323,no,0,https://reflect-claremont.cablecast.tv/internetchannel/show/9328?site=1
2017-09-06,School Board,9315,SCHOOL BOARD MEETING 9-6-17,2:16:31,8191,no,0,https://reflect-claremont.cablecast.tv/internetchannel/show/9315?site=1
2017-08-16,School Board,9268,SCHOOL BOARD MEETING 8-16-17,2:59:25,10765,no,0,https://reflect-claremont.cablecast.tv/internetchannel/show/9268?site=1
2017-08-02,School Board,9248,SCHOOL BOARD MEETING  8-2-17,2:16:05,8165,no,0,https://reflect-claremont.cablecast.tv/internetchannel/show/9248?site=1
2017-06-22,Joint Council/Board,9170,CITY COUNCIL & SCHOOL BOARD MEETING - 6-22,2:46:33,9993,no,0,https://reflect-claremont.cablecast.tv/internetchannel/show/9170?site=1
2017-06-21,School Board,9171,SCHOOL BOARD MEETING 6-21-17,2:14:05,8045,no,0,https://reflect-claremont.cablecast.tv/internetchannel/show/9171?site=1
2017-05-31,School Board,9128,SCHOOL BOARD MEETING 5-31-17,2:09:25,7765,no,0,https://reflect-claremont.cablecast.tv/internetchannel/show/9128?site=1
2017-05-17,School Board,9098,SCHOOL BOARD MEETING 5-17-17,2:34:18,9258,no,0,https://reflect-claremont.cablecast.tv/internetchannel/show/9098?site=1
2017-05-03,School Board,9073,SCHOOL BOARD MEETING 5-3,2:55:49,10549,no,0,https://reflect-claremont.cablecast.tv/internetchannel/show/9073?site=1
2017-04-19,School Board,9041,SCHOOL BOARD MEETING 4-19-17,2:44:53,9893,no,0,https://reflect-claremont.cablecast.tv/internetchannel/show/9041?site=1
2017-04-05,School Board,9020,SCHOOL BOARD MEETING 4-5-17,2:17:01,8221,no,0,https://reflect-claremont.cablecast.tv/internetchannel/show/9020?site=1
2017-03-30,Joint Council/Board,9010,JOINT MEETING OF CITY COUNCIL AND SCHOOL BOARD 3-30-17,2:24:05,8645,no,0,https://reflect-claremont.cablecast.tv/internetchannel/show/9010?site=1
2017-03-15,School Board,8976,SCHOOL BOARD MEETING 3-15-17,1:23:20,5000,no,0,https://reflect-claremont.cablecast.tv/internetchannel/show/8976?site=1
2017-03-01,School Board,8948,SCHOOL BOARD MEETING 3-1-17,2:26:59,8819,no,0,https://reflect-claremont.cablecast.tv/internetchannel/show/8948?site=1
2017-01-24,School Board,8899,SCHOOL BOARD BUDGET SESSION 1-24-17,1:32:22,5542,no,0,https://reflect-claremont.cablecast.tv/internetchannel/show/8899?site=1
2017-01-24,Joint Council/Board,8884, CITY COUNCIL / SCHOOL BOARD MEETING 1-24-17,1:44:50,6290,no,0,https://reflect-claremont.cablecast.tv/internetchannel/show/8884?site=1
2017-01-18,School Board,8875,SCHOOL BOARD BUDGET MEETING 1-18-17,3:06:22,11182,no,0,https://reflect-claremont.cablecast.tv/internetchannel/show/8875?site=1
2017-01-11,School Board,8873,SCHOOL BOARD BUDGET SESSION 1-11-17,2:28:24,8904,no,0,https://reflect-claremont.cablecast.tv/internetchannel/show/8873?site=1
2017-01-04,School Board,8845,SCHOOL BOARD MEETING 1-4-17,1:25:38,5138,no,0,https://reflect-claremont.cablecast.tv/internetchannel/show/8845?site=1
2016-12-21,School Board,8815,SCHOOL BOARD MEETING 12-21-16,1:40:09,6009,no,0,https://reflect-claremont.cablecast.tv/internetchannel/show/8815?site=1
2016-12-07,School Board,8794,SCHOOL BOARD MEETING 12-7-16,1:33:59,5639,no,0,https://reflect-claremont.cablecast.tv/internetchannel/show/8794?site=1
2016-11-16,School Board,8762,SCHOOL BOARD MEETING of 11-16,1:27:08,5228,no,0,https://reflect-claremont.cablecast.tv/internetchannel/show/8762?site=1
2016-11-15,Joint Council/Board,8761,JOINT MEETING- CITY COUNCIL & SCHOOL BOARD 11-15-16,2:34:24,9264,no,0,https://reflect-claremont.cablecast.tv/internetchannel/show/8761?site=1
2016-11-02,School Board,8732,SCHOOL BOARD MEETING 11-2-16,2:23:05,8585,no,0,https://reflect-claremont.cablecast.tv/internetchannel/show/8732?site=1
2016-10-19,School Board,8706,SCHOOL BOARD MEETING 10-19-16,1:48:01,6481,no,0,https://reflect-claremont.cablecast.tv/internetchannel/show/8706?site=1
2016-10-05,School Board,8679,SCHOOL BOARD MEETING  10-5-16,1:39:09,5949,no,0,https://reflect-claremont.cablecast.tv/internetchannel/show/8679?site=1
2016-09-21,School Board,8648,SCHOOL BOARD MEETING 9-21-16,3:00:06,10806,no,0,https://reflect-claremont.cablecast.tv/internetchannel/show/8648?site=1
2016-08-17,School Board,8577,SCHOOL BOARD MEETING 8-17-16,2:13:53,8033,no,0,https://reflect-claremont.cablecast.tv/internetchannel/show/8577?site=1
2016-08-09,Joint Council/Board,8568,JOINT MEETING OF CITY COUNCIL & SCHOOL BOARD 8-9-16,2:10:23,7823,no,0,https://reflect-claremont.cablecast.tv/internetchannel/show/8568?site=1
2016-08-03,School Board,8558,SCHOOL BOARD MEETING 8-3-16,2:36:11,9371,no,0,https://reflect-claremont.cablecast.tv/internetchannel/show/8558?site=1
2016-06-01,School Board,8433,SCHOOL BOARD MEETING 6-1-16,2:28:39,8919,no,0,https://reflect-claremont.cablecast.tv/internetchannel/show/8433?site=1
2016-05-18,School Board,8407,SCHOOL BOARD MEETING 5-18-16,3:01:11,10871,no,0,https://reflect-claremont.cablecast.tv/internetchannel/show/8407?site=1
2016-05-04,School Board,8380,SCHOOL BOARD MEETING 5-4-16,3:43:28,13408,no,0,https://reflect-claremont.cablecast.tv/internetchannel/show/8380?site=1
2016-04-06,School Board,8313,SCHOOL BOARD MEETING 4-6-16,2:03:16,7396,no,0,https://reflect-claremont.cablecast.tv/internetchannel/show/8313?site=1
2016-03-16,School Board,8258,SCHOOL BOARD MEETING of 3-16-16,3:33:00,12780,no,0,https://reflect-claremont.cablecast.tv/internetchannel/show/8258?site=1
2016-02-03,School Board,8192,SCHOOL BOARD MEETING 2-3-16,0:57:05,3425,no,0,https://reflect-claremont.cablecast.tv/internetchannel/show/8192?site=1
2016-02-03,District/Budget,8162,SCHOOL BUDGET DELIBERATIVE SESSION 2-3-16,1:33:05,5585,no,0,https://reflect-claremont.cablecast.tv/internetchannel/show/8162?site=1
2016-01-09,School Board,8114,SCHOOL BOARD BUDGET STUDY MEETING 1-9-16,3:08:57,11337,no,0,https://reflect-claremont.cablecast.tv/internetchannel/show/8114?site=1
2015-03-04,School Board,7408,CLAREMONT SCHOOL BOARD 3/4,1:37:55,5875,no,0,https://reflect-claremont.cablecast.tv/internetchannel/show/7408?site=1
2015-01-21,School Board,7313,CLAREMONT SCHOOL BOARD 1/21,3:16:26,11786,no,0,https://reflect-claremont.cablecast.tv/internetchannel/show/7313?site=1
