cablecast_event_date,body,show_id,title_verbatim,why_no_video,show_url
2026-09-02,School Board / SAU 6,17566,Claremont School Board 9/2/26,catalog entry only - no VOD attached,https://reflect-claremont.cablecast.tv/internetchannel/show/17566?site=1
2020-11-19,School Board / SAU 6,11051,SAU 6 SCHOOL BOARD live on 11/19/20,catalog entry only - no VOD attached,https://reflect-claremont.cablecast.tv/internetchannel/show/11051?site=1
2020-06-23,School Board / SAU 6,10904,SAU 6 SCHOOL BOARD MEETING Live on 6/23/20,catalog entry only - no VOD attached,https://reflect-claremont.cablecast.tv/internetchannel/show/10904?site=1
2018-01-03,School Board / SAU 6,9546,SCHOOL BOARD MEETING of 1-3,catalog entry only - no VOD attached,https://reflect-claremont.cablecast.tv/internetchannel/show/9546?site=1
2017-02-01,School Board / SAU 6,8895,SCHOOL BOARD MEETING 2-1-17,catalog entry only - no VOD attached,https://reflect-claremont.cablecast.tv/internetchannel/show/8895?site=1
2016-06-15,School Board,8462,SCHOOL BOARD MEETING 6-15-16,"listed with a VOD record, but no playable file (isWatchable=false, no media URL)",https://reflect-claremont.cablecast.tv/internetchannel/show/8462?site=1
2016-03-02,School Board,8230,SCHOOL BOARD MEETING 3-2-16,"listed with a VOD record, but no playable file (isWatchable=false, no media URL)",https://reflect-claremont.cablecast.tv/internetchannel/show/8230?site=1
2016-02-17,School Board,8202,SCHOOL BOARD MEETING 2-17-16,"listed with a VOD record, but no playable file (isWatchable=false, no media URL)",https://reflect-claremont.cablecast.tv/internetchannel/show/8202?site=1
2016-01-19,School Board,8124,SCHOOL BOARD MEETING 1-19-16,"listed with a VOD record, but no playable file (isWatchable=false, no media URL)",https://reflect-claremont.cablecast.tv/internetchannel/show/8124?site=1
2016-01-06,School Board,8093,SCHOOL BOARD MEETING 1-6-15,"listed with a VOD record, but no playable file (isWatchable=false, no media URL)",https://reflect-claremont.cablecast.tv/internetchannel/show/8093?site=1
2015-12-16,SAU 6 Board,8040,SAU 6 BOARD MEETING 12-16-15,"listed with a VOD record, but no playable file (isWatchable=false, no media URL)",https://reflect-claremont.cablecast.tv/internetchannel/show/8040?site=1
2015-12-16,School Board,8039,SCHOOL BOARD MEETING 12-16-15,"listed with a VOD record, but no playable file (isWatchable=false, no media URL)",https://reflect-claremont.cablecast.tv/internetchannel/show/8039?site=1
2015-12-12,School Board,8041,SCHOOL BOARD FY17 BUDGET STUDY SESSION 12-12-15,"listed with a VOD record, but no playable file (isWatchable=false, no media URL)",https://reflect-claremont.cablecast.tv/internetchannel/show/8041?site=1
2015-12-02,School Board,7998,SCHOOL BOARD MEETING 12-2-15,"listed with a VOD record, but no playable file (isWatchable=false, no media URL)",https://reflect-claremont.cablecast.tv/internetchannel/show/7998?site=1
2015-12-01,School Board / SAU 6,8036,NEWPORT - CLAREMONT SCHOOL BOARDS: Tech Center Evaluation 12/1,catalog entry only - no VOD attached,https://reflect-claremont.cablecast.tv/internetchannel/show/8036?site=1
2015-11-18,School Board,7965,SCHOOL BOARD MEETING of 11-18,"listed with a VOD record, but no playable file (isWatchable=false, no media URL)",https://reflect-claremont.cablecast.tv/internetchannel/show/7965?site=1
2015-11-12,SAU 6 Board,7991,SAU # 6 BOARD MEETING of 11-12,"listed with a VOD record, but no playable file (isWatchable=false, no media URL)",https://reflect-claremont.cablecast.tv/internetchannel/show/7991?site=1
2015-11-04,School Board,7943,SCHOOL BOARD MEETING 11/4/15,"listed with a VOD record, but no playable file (isWatchable=false, no media URL)",https://reflect-claremont.cablecast.tv/internetchannel/show/7943?site=1
2015-10-21,School Board,7910,SCHOOL BOARD MEETING 10/21/15,"listed with a VOD record, but no playable file (isWatchable=false, no media URL)",https://reflect-claremont.cablecast.tv/internetchannel/show/7910?site=1
2015-10-07,School Board,7869,SCHOOL BOARD MEETING of 10/7,"listed with a VOD record, but no playable file (isWatchable=false, no media URL)",https://reflect-claremont.cablecast.tv/internetchannel/show/7869?site=1
2015-09-30,School Board,7877,SAU #6 SCHOOL BOARD MEETING 9/30/15,"listed with a VOD record, but no playable file (isWatchable=false, no media URL)",https://reflect-claremont.cablecast.tv/internetchannel/show/7877?site=1
2015-09-16,School Board,7833,SCHOOL BOARD 9/16,"listed with a VOD record, but no playable file (isWatchable=false, no media URL)",https://reflect-claremont.cablecast.tv/internetchannel/show/7833?site=1
2015-09-02,School Board,7798,SCHOOL BOARD 9/2,"listed with a VOD record, but no playable file (isWatchable=false, no media URL)",https://reflect-claremont.cablecast.tv/internetchannel/show/7798?site=1
2015-08-13,School Board / SAU 6,7781,CAREER & TECH. EDUCATION REVIEW: 8/13 Meeting of Claremont & Newport School Boards,catalog entry only - no VOD attached,https://reflect-claremont.cablecast.tv/internetchannel/show/7781?site=1
2015-08-12,School Board,7749,SCHOOL BOARD 8/12,"listed with a VOD record, but no playable file (isWatchable=false, no media URL)",https://reflect-claremont.cablecast.tv/internetchannel/show/7749?site=1
2015-08-12,School Board / SAU 6,7748,LIVE ON 8/12: SCHOOL BOARD open to the public at the Sugar River Valley Tech Center,catalog entry only - no VOD attached,https://reflect-claremont.cablecast.tv/internetchannel/show/7748?site=1
2015-07-15,School Board,7692,SCHOOL BOARD 7/15,"listed with a VOD record, but no playable file (isWatchable=false, no media URL)",https://reflect-claremont.cablecast.tv/internetchannel/show/7692?site=1
2015-06-17,School Board,7635,CLAREMONT SCHOOL BOARD 6/17,"listed with a VOD record, but no playable file (isWatchable=false, no media URL)",https://reflect-claremont.cablecast.tv/internetchannel/show/7635?site=1
2015-06-03,School Board,7609,CLAREMONT SCHOOL BOARD 6/3,"listed with a VOD record, but no playable file (isWatchable=false, no media URL)",https://reflect-claremont.cablecast.tv/internetchannel/show/7609?site=1
2015-05-20,School Board,7586,CLAREMONT SCHOOL BOARD 5/20,"listed with a VOD record, but no playable file (isWatchable=false, no media URL)",https://reflect-claremont.cablecast.tv/internetchannel/show/7586?site=1
2015-05-06,School Board,7548,CLAREMONT SCHOOL BOARD 5/6,"listed with a VOD record, but no playable file (isWatchable=false, no media URL)",https://reflect-claremont.cablecast.tv/internetchannel/show/7548?site=1
2015-04-15,School Board,7509,CLAREMONT SCHOOL BOARD 4/15,"listed with a VOD record, but no playable file (isWatchable=false, no media URL)",https://reflect-claremont.cablecast.tv/internetchannel/show/7509?site=1
2015-04-01,School Board,7471,CLAREMONT SCHOOL BOARD 4/1,"listed with a VOD record, but no playable file (isWatchable=false, no media URL)",https://reflect-claremont.cablecast.tv/internetchannel/show/7471?site=1
2015-03-18,School Board,7443,CLAREMONT SCHOOL BOARD 3/18/15,"listed with a VOD record, but no playable file (isWatchable=false, no media URL)",https://reflect-claremont.cablecast.tv/internetchannel/show/7443?site=1
2015-03-03,School Board,7425,SAU #6 SCHOOL BOARD MEETING 3/3/15,"listed with a VOD record, but no playable file (isWatchable=false, no media URL)",https://reflect-claremont.cablecast.tv/internetchannel/show/7425?site=1
2015-02-18,School Board,7375,CLAREMONT SCHOOL BOARD MEETING of 2 / 18,"listed with a VOD record, but no playable file (isWatchable=false, no media URL)",https://reflect-claremont.cablecast.tv/internetchannel/show/7375?site=1
2015-02-04,School Board,7357,CLAREMONT SCHOOL BOARD 2/4,"listed with a VOD record, but no playable file (isWatchable=false, no media URL)",https://reflect-claremont.cablecast.tv/internetchannel/show/7357?site=1
2015-02-04,District/Budget,7351,SCHOOL DELIBERATIVE SESSION - Budget 2015-16,"listed with a VOD record, but no playable file (isWatchable=false, no media URL)",https://reflect-claremont.cablecast.tv/internetchannel/show/7351?site=1
2015-01-13,District/Budget,7301,CLAREMONT SCHOOL BUDGET HEARING & BOARD MEETING  1/13,"listed with a VOD record, but no playable file (isWatchable=false, no media URL)",https://reflect-claremont.cablecast.tv/internetchannel/show/7301?site=1
2015-01-07,School Board,7282,CLAREMONT SCHOOL BOARD 1/7,"listed with a VOD record, but no playable file (isWatchable=false, no media URL)",https://reflect-claremont.cablecast.tv/internetchannel/show/7282?site=1
2015-01-03,School Board,7284,SCHOOL BOARD MEETING 1/3,"listed with a VOD record, but no playable file (isWatchable=false, no media URL)",https://reflect-claremont.cablecast.tv/internetchannel/show/7284?site=1
2014-12-17,School Board,7257,CLAREMONT SCHOOL BOARD 12/17,"listed with a VOD record, but no playable file (isWatchable=false, no media URL)",https://reflect-claremont.cablecast.tv/internetchannel/show/7257?site=1
2014-12-10,SAU 6 Board,7240,SAU#6 BOARD MEETING 12/10,"listed with a VOD record, but no playable file (isWatchable=false, no media URL)",https://reflect-claremont.cablecast.tv/internetchannel/show/7240?site=1
2014-12-03,School Board,7209,CLAREMONT SCHOOL BOARD 12/3,"listed with a VOD record, but no playable file (isWatchable=false, no media URL)",https://reflect-claremont.cablecast.tv/internetchannel/show/7209?site=1
2014-11-19,School Board,7183,SCHOOL BOARD MEETING of 11-19,"listed with a VOD record, but no playable file (isWatchable=false, no media URL)",https://reflect-claremont.cablecast.tv/internetchannel/show/7183?site=1
2014-11-05,School Board,7149,CLAREMONT SCHOOL BOARD 11/5,"listed with a VOD record, but no playable file (isWatchable=false, no media URL)",https://reflect-claremont.cablecast.tv/internetchannel/show/7149?site=1
2014-10-15,School Board,7096,SCHOOL BOARD 10/15,"listed with a VOD record, but no playable file (isWatchable=false, no media URL)",https://reflect-claremont.cablecast.tv/internetchannel/show/7096?site=1
2014-09-22,School Board,7061,CLAREMONT SCHOOL BOARD 10/1,"listed with a VOD record, but no playable file (isWatchable=false, no media URL)",https://reflect-claremont.cablecast.tv/internetchannel/show/7061?site=1
2014-09-17,School Board,7040,CLAREMONT SCHOOL BOARD 9/17,"listed with a VOD record, but no playable file (isWatchable=false, no media URL)",https://reflect-claremont.cablecast.tv/internetchannel/show/7040?site=1
2014-09-17,School Board / SAU 6,7025,LIVE ON 9/17: SCHOOL BOARD MEETING- open to the public at the Sugar River Valley Tech. Center,catalog entry only - no VOD attached,https://reflect-claremont.cablecast.tv/internetchannel/show/7025?site=1
2014-08-25,School Board,6992,SCHOOL BOARD 9/3,"listed with a VOD record, but no playable file (isWatchable=false, no media URL)",https://reflect-claremont.cablecast.tv/internetchannel/show/6992?site=1
2014-08-06,School Board,6926,CLAREMONT SCHOOL BOARD MEETING 8/6,"listed with a VOD record, but no playable file (isWatchable=false, no media URL)",https://reflect-claremont.cablecast.tv/internetchannel/show/6926?site=1
2014-07-16,School Board,6871,CLAREMONT SCHOOL BOARD 7/16,"listed with a VOD record, but no playable file (isWatchable=false, no media URL)",https://reflect-claremont.cablecast.tv/internetchannel/show/6871?site=1
2014-06-18,School Board,6801,CLAREMONT SCHOOL BOARD MEETING 6/18,"listed with a VOD record, but no playable file (isWatchable=false, no media URL)",https://reflect-claremont.cablecast.tv/internetchannel/show/6801?site=1
2014-06-09,School Board,6799,SAU #6 SCHOOL BOARD MEETING 6/9,"listed with a VOD record, but no playable file (isWatchable=false, no media URL)",https://reflect-claremont.cablecast.tv/internetchannel/show/6799?site=1
2014-06-04,School Board,6767,SCHOOL BOARD MEETING of 6/4,"listed with a VOD record, but no playable file (isWatchable=false, no media URL)",https://reflect-claremont.cablecast.tv/internetchannel/show/6767?site=1
2014-05-21,School Board,6733,SCHOOL BOARD MEETING 5/21,"listed with a VOD record, but no playable file (isWatchable=false, no media URL)",https://reflect-claremont.cablecast.tv/internetchannel/show/6733?site=1
2014-05-07,SAU 6 Board,6717,SAU #6 BOARD MEETING 5/7,"listed with a VOD record, but no playable file (isWatchable=false, no media URL)",https://reflect-claremont.cablecast.tv/internetchannel/show/6717?site=1
2014-05-07,School Board,6690,SCHOOL BOARD MEETING of 5/7,"listed with a VOD record, but no playable file (isWatchable=false, no media URL)",https://reflect-claremont.cablecast.tv/internetchannel/show/6690?site=1
2014-04-23,School Board,6664,SCHOOL BOARD MEETING 4/23,"listed with a VOD record, but no playable file (isWatchable=false, no media URL)",https://reflect-claremont.cablecast.tv/internetchannel/show/6664?site=1
2014-04-16,School Board,6642,SCHOOL BOARD MEETING of 4/16,"listed with a VOD record, but no playable file (isWatchable=false, no media URL)",https://reflect-claremont.cablecast.tv/internetchannel/show/6642?site=1
2014-04-02,School Board,6612,SCHOOL BOARD MEETING 4/2,"listed with a VOD record, but no playable file (isWatchable=false, no media URL)",https://reflect-claremont.cablecast.tv/internetchannel/show/6612?site=1
2014-03-19,School Board,6578,SCHOOL BOARD MEETING 3/19,"listed with a VOD record, but no playable file (isWatchable=false, no media URL)",https://reflect-claremont.cablecast.tv/internetchannel/show/6578?site=1
2014-03-05,School Board,6550,SCHOOL BOARD MEETING 3/5,"listed with a VOD record, but no playable file (isWatchable=false, no media URL)",https://reflect-claremont.cablecast.tv/internetchannel/show/6550?site=1
2014-02-19,School Board,6518,SCHOOL BOARD MEETING 2/19,"listed with a VOD record, but no playable file (isWatchable=false, no media URL)",https://reflect-claremont.cablecast.tv/internetchannel/show/6518?site=1
2014-02-05,School Board,6483,2/6 SCHOOL BUDGET DELIBERATIVE SESSION & SCHOOL BOARD MEETING,"listed with a VOD record, but no playable file (isWatchable=false, no media URL)",https://reflect-claremont.cablecast.tv/internetchannel/show/6483?site=1
2014-01-29,School Board,6466,SCHOOL BOARD MEETING 1/29,"listed with a VOD record, but no playable file (isWatchable=false, no media URL)",https://reflect-claremont.cablecast.tv/internetchannel/show/6466?site=1
2014-01-22,School Board,6452,SCHOOL BOARD MEETING 1/22,"listed with a VOD record, but no playable file (isWatchable=false, no media URL)",https://reflect-claremont.cablecast.tv/internetchannel/show/6452?site=1
2014-01-15,School Board,6442,SCHOOL BOARD MEETING 1/15,"listed with a VOD record, but no playable file (isWatchable=false, no media URL)",https://reflect-claremont.cablecast.tv/internetchannel/show/6442?site=1
2014-01-14,School Board,6450,SCHOOL BOARD MEETING 1/14,"listed with a VOD record, but no playable file (isWatchable=false, no media URL)",https://reflect-claremont.cablecast.tv/internetchannel/show/6450?site=1
2014-01-08,School Board,6425,SCHOOL BOARD MEETING 1/8,"listed with a VOD record, but no playable file (isWatchable=false, no media URL)",https://reflect-claremont.cablecast.tv/internetchannel/show/6425?site=1
2013-12-18,School Board,6385,SCHOOL BOARD 12/18,"listed with a VOD record, but no playable file (isWatchable=false, no media URL)",https://reflect-claremont.cablecast.tv/internetchannel/show/6385?site=1
2013-12-18,SAU 6 Board,6384,SAU#6 BOARD MEETING 12/18,"listed with a VOD record, but no playable file (isWatchable=false, no media URL)",https://reflect-claremont.cablecast.tv/internetchannel/show/6384?site=1
2013-12-11,School Board,6371,SCHOOL BOARD MEETING 12/11,"listed with a VOD record, but no playable file (isWatchable=false, no media URL)",https://reflect-claremont.cablecast.tv/internetchannel/show/6371?site=1
2013-12-04,School Board,6355,SCHOOL BOARD MEETING 12/4,"listed with a VOD record, but no playable file (isWatchable=false, no media URL)",https://reflect-claremont.cablecast.tv/internetchannel/show/6355?site=1
2013-12-04,SAU 6 Board,6354,SAU #6 MEETING 12/4,"listed with a VOD record, but no playable file (isWatchable=false, no media URL)",https://reflect-claremont.cablecast.tv/internetchannel/show/6354?site=1
2013-11-20,School Board,6336,SCHOOL BOARD MEETING 11-20,"listed with a VOD record, but no playable file (isWatchable=false, no media URL)",https://reflect-claremont.cablecast.tv/internetchannel/show/6336?site=1
2013-11-20,SAU 6 Board,6333,SAU BOARD MEETING of 11/20,"listed with a VOD record, but no playable file (isWatchable=false, no media URL)",https://reflect-claremont.cablecast.tv/internetchannel/show/6333?site=1
2013-11-06,School Board,6304, SCHOOL BOARD MEETING 11/6,"listed with a VOD record, but no playable file (isWatchable=false, no media URL)",https://reflect-claremont.cablecast.tv/internetchannel/show/6304?site=1
2013-10-16,School Board,6257,SCHOOL BOARD MEETING 10/16,"listed with a VOD record, but no playable file (isWatchable=false, no media URL)",https://reflect-claremont.cablecast.tv/internetchannel/show/6257?site=1
2013-10-02,School Board,6238,SCHOOL BOARD MEETING 10/2,"listed with a VOD record, but no playable file (isWatchable=false, no media URL)",https://reflect-claremont.cablecast.tv/internetchannel/show/6238?site=1
2013-09-20,School Board / SAU 6,6221,School Board Meeting Demo,catalog entry only - no VOD attached,https://reflect-claremont.cablecast.tv/internetchannel/show/6221?site=1
2013-09-18,School Board,6223,SCHOOL BOARD MEETING 9/18,"listed with a VOD record, but no playable file (isWatchable=false, no media URL)",https://reflect-claremont.cablecast.tv/internetchannel/show/6223?site=1
2013-09-04,School Board,6188,SCHOOL BOARD MEETING 9/4,"listed with a VOD record, but no playable file (isWatchable=false, no media URL)",https://reflect-claremont.cablecast.tv/internetchannel/show/6188?site=1
2013-08-21,School Board / SAU 6,6166,SCHOOL BOARD MEETING 8/21,catalog entry only - no VOD attached,https://reflect-claremont.cablecast.tv/internetchannel/show/6166?site=1
2013-06-19,School Board / SAU 6,6064,SAU #6 SCHOOL BOARD MEETING 6/19,catalog entry only - no VOD attached,https://reflect-claremont.cablecast.tv/internetchannel/show/6064?site=1
2013-06-19,School Board / SAU 6,6048,SCHOOL BOARD MEETING 6/19,catalog entry only - no VOD attached,https://reflect-claremont.cablecast.tv/internetchannel/show/6048?site=1
2013-06-05,School Board / SAU 6,6007,SCHOOL BOARD MEETING 6/5,catalog entry only - no VOD attached,https://reflect-claremont.cablecast.tv/internetchannel/show/6007?site=1
2013-05-15,School Board / SAU 6,5965,SCHOOL BOARD MEETING 5/15,catalog entry only - no VOD attached,https://reflect-claremont.cablecast.tv/internetchannel/show/5965?site=1
2013-05-01,School Board / SAU 6,5937,SCHOOL BOARD MEETING 5/1,catalog entry only - no VOD attached,https://reflect-claremont.cablecast.tv/internetchannel/show/5937?site=1
2013-04-17,School Board / SAU 6,5908,SCHOOL BOARD MEETING 4/17,catalog entry only - no VOD attached,https://reflect-claremont.cablecast.tv/internetchannel/show/5908?site=1
2013-04-03,School Board / SAU 6,5877,SCHOOL BOARD MEETING 4/3,catalog entry only - no VOD attached,https://reflect-claremont.cablecast.tv/internetchannel/show/5877?site=1
2013-03-20,School Board / SAU 6,5845,SCHOOL BOARD MEETING 3/20,catalog entry only - no VOD attached,https://reflect-claremont.cablecast.tv/internetchannel/show/5845?site=1
2013-02-27,School Board / SAU 6,5824,SCHOOL BOARD MEETING 3/6,catalog entry only - no VOD attached,https://reflect-claremont.cablecast.tv/internetchannel/show/5824?site=1
2013-02-27,School Board / SAU 6,5806,JOINT MEETING OF CITY COUNCIL AND SCHOOL BOARD 2/27,catalog entry only - no VOD attached,https://reflect-claremont.cablecast.tv/internetchannel/show/5806?site=1
2013-02-26,School Board / SAU 6,5819,SCHOOL BOARD MEETING 2/26,catalog entry only - no VOD attached,https://reflect-claremont.cablecast.tv/internetchannel/show/5819?site=1
2013-02-11,School Board / SAU 6,5793,SCHOOL BOARD MEETING 2/20,catalog entry only - no VOD attached,https://reflect-claremont.cablecast.tv/internetchannel/show/5793?site=1
2013-02-06,School Board / SAU 6,5770,SCHOOL BOARD MEETING 2/6,catalog entry only - no VOD attached,https://reflect-claremont.cablecast.tv/internetchannel/show/5770?site=1
2013-01-29,School Board / SAU 6,5771,VIDEO CLIP from the Claremont School Board of 1/16/13. Subject: relations with the City Council,catalog entry only - no VOD attached,https://reflect-claremont.cablecast.tv/internetchannel/show/5771?site=1
2013-01-23,School Board / SAU 6,5743,SCHOOL BOARD MEETING 1/23,catalog entry only - no VOD attached,https://reflect-claremont.cablecast.tv/internetchannel/show/5743?site=1
2013-01-16,School Board / SAU 6,5724,SCHOOL BOARD MEETING 1/16,catalog entry only - no VOD attached,https://reflect-claremont.cablecast.tv/internetchannel/show/5724?site=1
2013-01-09,School Board / SAU 6,5730,SCHOOL BOARD MEETING 1/9,catalog entry only - no VOD attached,https://reflect-claremont.cablecast.tv/internetchannel/show/5730?site=1
2013-01-08,School Board / SAU 6,5728,SCHOOL BOARD MEETING 1/8,catalog entry only - no VOD attached,https://reflect-claremont.cablecast.tv/internetchannel/show/5728?site=1
2013-01-02,School Board / SAU 6,5713,SCHOOL BOARD MEETING and budget hearing 1/2,catalog entry only - no VOD attached,https://reflect-claremont.cablecast.tv/internetchannel/show/5713?site=1
2012-11-07,School Board,5629,SCHOOL BOARD MEETING  11/7,"listed with a VOD record, but no playable file (isWatchable=false, no media URL)",https://reflect-claremont.cablecast.tv/internetchannel/show/5629?site=1
