target_filename,mp4_url,duration,cablecast_title
14875 SchoolBoard020123.mp4,https://reflect-claremont.cablecast.tv/store-3/14875-Claremont-School-Board-020123-v1/vod.mp4,2:47:53,Claremont School Board Meeting 2/1/23
14892 SchoolBoardDeliberative020823.mp4,https://reflect-claremont.cablecast.tv/store-3/14892-ClaremontDeliberative020823-v1/vod.mp4,1:53:57,Claremont School Board Deliberative Session 2/8/23
14909 SchoolBoard021523.mp4,https://reflect-claremont.cablecast.tv/store-3/14909-ClaremontSchoolBoard021523-v3/vod.mp4,1:49:34,Claremont School Board 2/15/23
14911 SAU6021623.mp4,https://reflect-claremont.cablecast.tv/store-3/14911-SAU6-Board-Meeting-021623-v1/vod.mp4,1:39:06,SAU 6 Board Meeting - 2/16/23
14937 SchoolBoard030123.mp4,https://reflect-claremont.cablecast.tv/store-3/14937-School-Board-030123-v1/vod.mp4,0:58:27,Claremont School Board Meeting 3/1/23
14986 SAU6033023.mp4,https://reflect-claremont.cablecast.tv/store-3/14986-SAU6-BoardMtg033023-v1/vod.mp4,2:01:37,SAU #6 Board Meeting 3/30/23
15003 SchoolBoard040523.mp4,https://reflect-claremont.cablecast.tv/store-3/15003-CSB-040523-v1/vod.mp4,2:04:23,School Board Meeting live 4/5/23
15022 SAU6041323.mp4,https://reflect-claremont.cablecast.tv/store-3/15022-SAU6BoardMtg041323-v1/vod.mp4,1:10:58,SAU 6 Board Meeting 4/13/23
15028 SchoolBoard041923.mp4,https://reflect-claremont.cablecast.tv/store-3/15028-Claremont-School-Board-041923-v1/vod.mp4,1:50:35,Claremont School Board Meeting 4/19/23
15058 SchoolBoard050323.mp4,https://reflect-claremont.cablecast.tv/store-3/15058-ClaremontSchoolBoard050323-v1/vod.mp4,1:48:20,Claremont School Board Meeting 5/3/23
15073 SAU6051123.mp4,https://reflect-claremont.cablecast.tv/store-3/15073-SAU6-Meeting-051123-v1/vod.mp4,0:42:29,SAU 6 Board Meeting 5/11/23
15123 SchoolBoard060723.mp4,https://reflect-claremont.cablecast.tv/store-3/15123-SchoolBoard060723-v1/vod.mp4,1:45:37,School Board Meeting 6/7/23
15153 SchoolBoard062123.mp4,https://reflect-claremont.cablecast.tv/store-3/15153-SchoolBoard062123-v1/vod.mp4,1:14:51,School Board Meeting 6/21/23
15193 SAU6071323.mp4,https://reflect-claremont.cablecast.tv/store-3/15193-SAU-6-071323-v1/vod.mp4,0:29:11,SAU 6 Board Meeting 7/13/23
15205 SchoolBoard071923.mp4,https://reflect-claremont.cablecast.tv/store-3/15205-SchoolBoard071921-v1/vod.mp4,2:02:30,Claremont School Board Meeting 7/19/23
15228 SchoolBoard080223.mp4,https://reflect-claremont.cablecast.tv/store-3/15228-SchoolBoard080223-v1/vod.mp4,2:40:15,School Board Meeting 8/2/23
15240 SchoolBoard080923.mp4,https://reflect-claremont.cablecast.tv/store-3/15240-SchoolBoard080923-v1/vod.mp4,2:01:47,School Board Meeting 8/9/23
15253 SchoolBoard081623.mp4,https://reflect-claremont.cablecast.tv/store-3/15253-SchoolBoard081623-v2/vod.mp4,1:14:27,Claremont School Board Meeting 8/16/23
15254 SAU6081723.mp4,https://reflect-claremont.cablecast.tv/store-3/15254-SAU6-081723-v1/vod.mp4,1:22:55,SAU 6 Board Meeting 8/17/23
15286 SchoolBoard090623.mp4,https://reflect-claremont.cablecast.tv/store-3/15286-SchoolBoard090623-v1/vod.mp4,0:52:53,Claremont School Board Meeting 9/6/23
15311 SchoolBoard092023.mp4,https://reflect-claremont.cablecast.tv/store-3/15311-30917-FAITH-LIFE-Fellowship-v1/vod.mp4,1:20:39,Claremont School Board Meeting 9/20/23
15336 SchoolBoard100423.mp4,https://reflect-claremont.cablecast.tv/store-3/15336-DN-Monday-October-2-2023-v1/vod.mp4,1:26:29,Claremont School Board 10/4/23
15357 SchoolBoard101823.mp4,https://reflect-claremont.cablecast.tv/store-3/15357-SchoolBoard101823-v1/vod.mp4,1:43:25,Claremont School Board 10/18/23
15385 SchoolBoard110123.mp4,https://reflect-claremont.cablecast.tv/store-3/15385-SchoolBoard110123-v1/vod.mp4,1:29:49,Claremont School Board 11/1/23
15299 SAU6110923.mp4,https://reflect-claremont.cablecast.tv/store-3/15299-SAU6Board-110923-v1/vod.mp4,1:03:22,SAU 6 Board Meeting 11/9/23
15413 SchoolBoard111523.mp4,https://reflect-claremont.cablecast.tv/store-3/15413-schoolboard111523-v1/vod.mp4,1:04:30,Claremont School Board 11/15/23
15443 SchoolBoardFinance113023.mp4,https://reflect-claremont.cablecast.tv/store-3/15443-School-Board-Finance-Mtg-113023-v1/vod.mp4,1:24:08,Claremont School Board Finance Committee - 11/30/23
15444 SchoolBoardFinance120123.mp4,https://reflect-claremont.cablecast.tv/store-3/15444-SchoolBoardFinance120123-v1/vod.mp4,3:00:40,Claremont School Board Finance Committee - 12/1/23
15452 SchoolBoardFinance120623.mp4,https://reflect-claremont.cablecast.tv/store-3/15452-SchoolBoardFinance120623-v1/vod.mp4,1:30:00,Claremont School Board Finance Committee 12/6/23
15453 SchoolBoard120623.mp4,https://reflect-claremont.cablecast.tv/store-3/15453-SchoolBoard120623-v1/vod.mp4,0:35:43,School Board Meeting 12/6/23
15455 SAU6120723.mp4,https://reflect-claremont.cablecast.tv/store-3/15455-SAU6BoardMeeting120723-v2/vod.mp4,0:39:49,SAU 6 Board Meeting 12/7/23
15471 SchoolBoardFinance121323.mp4,https://reflect-claremont.cablecast.tv/store-3/15471-SchoolBoardFinance121323-v1/vod.mp4,1:37:58,School Board Finance Mtg 12/13/23
15472 SAU6121423.mp4,https://reflect-claremont.cablecast.tv/store-3/15472-SAU6121423-v1/vod.mp4,0:22:35,SAU 6 Board Meeting 12/14/23
15451 SchoolBoardFinance121823.mp4,https://reflect-claremont.cablecast.tv/store-3/15451-SchoolBoardFinance121823-v1/vod.mp4,2:24:52,School Board Finance Mtg 12/18/23
15483 SchoolBoard122023.mp4,https://reflect-claremont.cablecast.tv/store-3/15483-SchoolBoard122023-v1/vod.mp4,1:07:07,Claremont School Board 12/20/23
15505 SchoolBoard010324.mp4,https://reflect-claremont.cablecast.tv/store-3/15505-School-Board-010323-v1/vod.mp4,1:33:43,School Board Meeting 1/3/23
15510 SchoolBoardFinance010524.mp4,https://reflect-claremont.cablecast.tv/store-3/15510-SchoolBoardFin010524-v1/vod.mp4,1:52:17,School Board Finance Meeting 1/5/23
15523 SAU6011124.mp4,https://reflect-claremont.cablecast.tv/store-3/15523-SAU6011124-TempestaRemoval-v1/vod.mp4,0:11:41,SAU 6 Board Meeting 1/11/23
15531 SchoolBoard011724.mp4,https://reflect-claremont.cablecast.tv/store-3/15531-CSB-011724-v2/vod.mp4,2:30:13,Claremont School Board 1/17/24
15552 SchoolBoardDeliberative020324.mp4,https://reflect-claremont.cablecast.tv/store-3/15552-School-Board-Deliberative-020324-v1/vod.mp4,1:33:12,Claremont School Deliberative Session 2/3/24
15580 SAU6021524.mp4,https://reflect-claremont.cablecast.tv/store-3/15580-SAU6-021524-v1/vod.mp4,0:59:53,SAU 6 Board Meeting 2/15/24
15585 SchoolBoard022124.mp4,https://reflect-claremont.cablecast.tv/store-3/15585-SchoolBoard022124-v1/vod.mp4,2:01:17,School Board Meeting 2/21/24
15607 SchoolBoard030624.mp4,https://reflect-claremont.cablecast.tv/store-3/15607-SCSO-030424-v3/vod.mp4,1:55:22,School Board Meeting 3/6/24
15638 SchoolBoard032024.mp4,https://reflect-claremont.cablecast.tv/store-3/15638-School-Board-Meeting-032024-v2/vod.mp4,2:09:40,School Board Meeting 3/20/24
15687 SAU6041124.mp4,https://reflect-claremont.cablecast.tv/store-3/15687-SAU6-MTG-041124-v2/vod.mp4,1:10:00,SAU 6 Board Meeting 4/11/24
15693 SchoolBoard041724.mp4,https://reflect-claremont.cablecast.tv/store-3/15693-SchoolBoardMtg041724-v2/vod.mp4,1:36:45,School Board Meeting 4/17/24
15722 SchoolBoard051524.mp4,https://reflect-claremont.cablecast.tv/store-3/15722-SchoolBoard051524-v2/vod.mp4,2:03:24,School Board Meeting 5/15/24
15786 SchoolBoard060524.mp4,https://reflect-claremont.cablecast.tv/store-3/15786-SchoolBoard060524-v2/vod.mp4,1:12:05,Claremont School Board 6/5/24
15814 SchoolBoard062024.mp4,https://reflect-claremont.cablecast.tv/store-3/15814-SchoolBoard062024-v2/vod.mp4,2:02:06,School Board Meeting 6/20/24
15947 SchoolBoard082124.mp4,https://reflect-claremont.cablecast.tv/store-3/15947-SchoolBoard082124-v2/vod.mp4,1:34:05,Claremont School Board 8/21/24
15994 SchoolBoard090424.mp4,https://reflect-claremont.cablecast.tv/store-3/15994-SchoolBoard090424-v2/vod.mp4,1:06:50,Claremont School Board - 09/4/24
16011 SAU6091224.mp4,https://reflect-claremont.cablecast.tv/store-3/16011-SAU6-091224-v2/vod.mp4,1:32:08,SAU #6 Board Meeting - 9/12/24
16021 SchoolBoard091824.mp4,https://reflect-claremont.cablecast.tv/store-3/16021-SchoolBoard091824-v2/vod.mp4,1:03:02,Claremont School Board - 9/18/24
16046 SchoolBoardCityCouncilJoint093024.mp4,https://reflect-claremont.cablecast.tv/store-3/16046-SchoolBoardCityCouncil093024-v3/vod.mp4,2:10:47,Claremont School Board and City Council Mtg - 9/30/24
16049 SchoolBoard100224.mp4,https://reflect-claremont.cablecast.tv/store-3/16049-SchoolBoard100224-v1/vod.mp4,0:47:14,School Board Meeting - 10/2/24
16070 SchoolBoard101624.mp4,https://reflect-claremont.cablecast.tv/store-3/16070-SchoolBoard101624-JN-fix-v3/vod.mp4,2:08:11,School Board Meeting - 10/16/24
16142 SAU6111424.mp4,https://reflect-claremont.cablecast.tv/store-3/16142-SAU6-111424-v1/vod.mp4,0:48:40,SAU 6 Board Meeting - 11/14/24
16155 SchoolBoardFinance111924.mp4,https://reflect-claremont.cablecast.tv/store-3/16155-SchoolBoardFinance111924-v1/vod.mp4,1:50:01,Finance Committee School Board 11/19/24
16157 SchoolBoard112024.mp4,https://reflect-claremont.cablecast.tv/store-3/16157-SchoolBaord112024-v2/vod.mp4,0:57:21,School Board Meeting 11/20/24
16158 SAU6112124.mp4,https://reflect-claremont.cablecast.tv/store-3/16158-Sau6-112124-v1/vod.mp4,0:51:52,SAU 6 Board Meeting - 11/21/24
16192 SchoolBoard120424.mp4,https://reflect-claremont.cablecast.tv/store-3/16192-SchoolBoard120424-v1/vod.mp4,1:25:50,School Board Meeting 12/4/24
16213 SAU6121224.mp4,https://reflect-claremont.cablecast.tv/store-3/16213-SAU6-121224-v1/vod.mp4,1:09:44,SAU #6 Board Meeting - 12/12/24
16215 SchoolBoardFinance121324.mp4,https://reflect-claremont.cablecast.tv/store-3/16215-SchoolBoardFinance121324-v1/vod.mp4,2:23:04,School Board Finance Meeting 12/13/24
16222 SchoolBoard121824.mp4,https://reflect-claremont.cablecast.tv/store-3/16222-SchoolBoard128124-v1/vod.mp4,1:25:06,School Board 12/18/24
16226 SchoolBoardFinance121824.mp4,https://reflect-claremont.cablecast.tv/store-3/16226-SchoolBoardFinance121824-v1/vod.mp4,1:57:25,School Board Finance Meeting 12/18/24
16881 SchoolBoardSpecial100625.mp4,https://reflect-claremont.cablecast.tv/store-3/16881-SchoolBoard100625-v1/vod.mp4,0:12:54,Special School Board Meeting 10/6/25
16958 SchoolBoardVacancy110525.mp4,https://reflect-claremont.cablecast.tv/store-3/16958-CSB-Vacancy110525-v1/vod.mp4,0:49:55,Claremont School Board - School Board Vacancy Discussion - 11/5/25
17134 SchoolBoard020426.mp4,https://reflect-claremont.cablecast.tv/store-3/17134-SchoolBoard020426-v1/vod.mp4,1:17:17,Claremont School Board - 2/4/26
17125 SchoolBoardDeliberative020726.mp4,https://reflect-claremont.cablecast.tv/store-3/17125-CSB-Deliberative-020726-v1/vod.mp4,3:59:37,Claremont School Board Deliberative Session - 2/7/26
17159 SchoolBoard021826.mp4,https://reflect-claremont.cablecast.tv/store-3/17159-SchoolBoard-021826-v1/vod.mp4,2:56:25,Claremont School Board 2/18/26
17168 SchoolBoardArticle8021826.mp4,https://reflect-claremont.cablecast.tv/store-3/17168-SchoolBoard-Article8Discussion021826-v1/vod.mp4,0:49:28,Claremont School Board - Article 8 Discussion - 2/18/26
17201 SchoolBoard030426.mp4,https://reflect-claremont.cablecast.tv/store-3/17201-SchoolBoard030426-v1/vod.mp4,2:03:12,Claremont School Board - 3/4/26
17241 SchoolBoard031826.mp4,https://reflect-claremont.cablecast.tv/store-3/17241-SchoolBoard031826-v2/vod.mp4,2:00:46,Claremont School Board - 3/18/26
17291 SchoolBoard040126.mp4,https://reflect-claremont.cablecast.tv/store-3/17291-SchoolBoard-040126-v1/vod.mp4,2:53:21,School Board Meeting 4/1/26
17300 SchoolBoardBroderickInterview040626.mp4,https://reflect-claremont.cablecast.tv/store-3/17300-CSB-Superintendent-Broderick-Int-040625-v1/vod.mp4,1:20:50,Claremont School Board - Dr. Tim Broderick Interview 4/6/26
17307 SAU6040926.mp4,https://reflect-claremont.cablecast.tv/store-3/17307-Sau6-040926-v1/vod.mp4,1:14:50,SAU 6 - Board Meeting 4/9/26
17323 SchoolBoard041526.mp4,https://reflect-claremont.cablecast.tv/store-3/17323-School-Board-041526-v1/vod.mp4,1:25:03,Claremont School Board - 4/15/26
17348 SchoolBoard050626.mp4,https://reflect-claremont.cablecast.tv/store-3/17348-SchoolBoard050626-v1/vod.mp4,1:55:40,Claremont School Board 5/6/26
17373 SchoolBoard052026.mp4,https://reflect-claremont.cablecast.tv/store-3/17373-SchoolBoard052026-v1/vod.mp4,2:05:44,Claremont School Board - 5/20/26
17397 SchoolBoard060326.mp4,https://reflect-claremont.cablecast.tv/store-3/17397-SchoolBoard060326-v1/vod.mp4,1:52:27,Claremont School Board - 6/3/26
17418 SchoolBoard061726.mp4,https://reflect-claremont.cablecast.tv/store-3/17418-SchoolBoard061726-v1/vod.mp4,1:21:25,Claremont School Board - 6/17/26
