file,date,era,body,total_min,board_share,admin_share,public_share,outside_share,unid_share,chair_share_of_board,top_share_of_board,board_gini,n_board_speakers,public_turns,rollcall,voicevote,nonpublic,unanimous,audit,fundbal,esser,reimb,motion,consent,reading,order
10002 SAU6091318.mp4.CSV,2018-09-13,2018,SAU6,173.6,0.544,0.385,0.0,0.0,0.07,0.511,0.44,0.528,10,0,7,7,5,1,1,0,0,0,3,0,0,0
10012 SchoolBoard091918.mp4.CSV,2018-09-19,2018,Board,89.7,0.288,0.421,0.148,0.0,0.143,0.872,0.398,0.371,5,123,0,4,4,0,3,0,0,0,5,0,1,0
10044 SchoolBoard100318.mp4.CSV,2018-10-03,2018,Board,83.4,0.612,0.336,0.0,0.0,0.016,0.833,0.448,0.36,6,0,1,8,0,1,2,1,0,0,5,0,0,0
10059 SAU6101818.mp4.CSV,2018-10-18,2018,SAU6,84.8,0.24,0.242,0.466,0.0,0.051,1.0,0.375,0.44,6,287,0,8,3,0,1,3,0,0,5,0,0,0
10093 SchoolBoard110718.mp4.CSV,2018-11-07,2018,Board,107.6,0.477,0.448,0.041,0.0,0.035,0.537,0.378,0.334,6,23,1,5,5,1,0,0,0,0,2,0,0,0
10094 SAU6110918.mp4.CSV,2018-11-09,2018,SAU6,24.6,0.481,0.372,0.0,0.0,0.147,0.143,0.442,0.325,4,0,2,3,2,0,0,2,1,0,1,0,0,0
10095 SchoolBoard103018.mp4.CSV,2018-10-30,2018,Board,47.9,0.351,0.258,0.357,0.0,0.034,0.691,0.309,0.187,5,123,1,3,3,0,0,0,0,0,0,0,0,0
10139 SchoolBoard120518.mp4.CSV,2018-12-05,2018,Board,133.7,0.463,0.375,0.015,0.0,0.05,0.595,0.367,0.48,7,6,1,6,1,0,5,0,0,0,5,0,0,0
10161 SchoolBoard121918.mp4.CSV,2018-12-19,2018,Board,114.2,0.598,0.334,0.0,0.0,0.055,0.338,0.338,0.454,8,0,2,11,3,0,1,1,0,2,7,0,1,2
10165 SAU6121318.mp4.CSV,2018-12-13,2018,SAU6,72.7,0.418,0.41,0.0,0.132,0.04,0.813,0.64,0.633,8,0,1,3,2,0,1,0,0,1,1,0,0,0
10185 SchoolBoardBudgetHearing010219.mp4.CSV,2019-01-02,2018,Budget,61.4,0.756,0.195,0.013,0.0,0.033,0.825,0.448,0.533,7,4,0,3,0,0,1,0,0,0,2,0,0,4
10232 SchoolBoardDeliberative020619.mp4.CSV,2019-02-06,2018,Deliberative,64.3,0.545,0.119,0.082,0.0,0.011,0.199,0.642,0.647,7,11,0,7,0,0,1,0,0,0,0,0,0,0
10252 SchoolBoard022019.mp4.CSV,2019-02-20,2018,Board,104.2,0.408,0.438,0.041,0.0,0.0,0.446,0.422,0.447,7,23,1,11,0,0,22,0,0,0,5,0,0,0
10274 SchoolBoard030619.mp4.CSV,2019-03-06,2018,Board,108.0,0.423,0.516,0.0,0.0,0.008,0.233,0.24,0.294,7,0,1,6,0,0,1,0,3,1,5,0,0,0
10294 SchoolBoard032019.mp4.CSV,2019-03-20,2019,Board,153.8,0.402,0.43,0.0,0.106,0.012,0.321,0.321,0.445,8,0,1,8,0,0,12,0,0,3,2,0,0,0
10304 SAU6032519.mp4.CSV,2019-03-25,2019,SAU6,111.8,0.645,0.266,0.064,0.0,0.024,0.35,0.455,0.557,10,21,8,9,11,0,8,1,0,3,6,0,0,1
10310 SchoolBoard040319.mp4.CSV,2019-04-03,2019,Board,48.1,0.384,0.383,0.053,0.0,0.055,0.617,0.526,0.468,5,11,1,5,5,0,0,0,0,0,3,0,0,0
10321 SAU6041119.mp4.CSV,2019-04-11,2019,SAU6,64.3,0.598,0.371,0.012,0.0,0.018,0.704,0.253,0.297,8,6,4,4,5,0,4,1,0,3,2,0,1,1
10330 SchoolBoard041719.mp4.CSV,2019-04-17,2019,Board,47.6,0.526,0.416,0.0,0.0,0.059,0.938,0.373,0.391,6,0,1,6,2,0,4,0,0,1,5,0,0,0
10350 SchoolBoard050119.mp4.CSV,2019-05-01,2019,Board,85.3,0.351,0.478,0.0,0.0,0.034,0.913,0.607,0.423,5,0,1,4,0,0,1,0,1,0,2,0,0,0
10358 SchoolBoardCityCouncilJoint050619.mp4.CSV,2019-05-06,2019,Joint,113.4,0.254,0.008,0.0,0.0,0.062,0.839,0.676,0.466,4,0,1,0,0,0,0,0,0,0,0,0,0,0
10374 SchoolBoardSpecial051519.mp4.CSV,2019-05-15,2019,Board,74.6,0.363,0.391,0.037,0.0,0.092,0.71,0.633,0.485,5,7,1,7,0,0,1,1,0,1,3,0,0,1
10375 SAU6051619.mp4.CSV,2019-05-16,2019,SAU6,44.9,0.483,0.455,0.0,0.0,0.062,0.448,0.34,0.342,6,0,0,5,4,0,0,0,0,0,4,0,0,0
10407 SAU6060419.mp4.CSV,2019-06-04,2019,SAU6,36.9,0.43,0.368,0.0,0.0,0.202,0.529,0.398,0.648,11,0,5,5,1,0,13,0,0,0,5,0,0,0
10463 SAU6072519.mp4.CSV,2019-07-25,2019,SAU6,37.9,0.42,0.303,0.0,0.0,0.061,0.105,0.408,0.391,7,0,2,4,3,0,3,0,0,0,4,0,0,0
10472 SchoolBoard073019.mp4.CSV,2019-07-30,2019,Board,27.6,0.496,0.445,0.0,0.0,0.059,0.676,0.676,0.372,3,0,1,5,0,0,2,0,0,0,0,0,0,0
10506 SchoolBoard082119.mp4.CSV,2019-08-21,2019,Board,88.9,0.388,0.571,0.0,0.0,0.041,0.585,0.551,0.432,5,0,1,9,0,0,11,0,0,0,6,0,0,0
10521 SchoolBoard090419.mp4.CSV,2019-09-04,2019,Board,61.3,0.62,0.211,0.0,0.124,0.045,0.576,0.576,0.446,4,0,1,5,0,0,1,0,0,0,3,0,1,0
10522 SAU6090519.mp4.CSV,2019-09-05,2019,SAU6,31.6,0.395,0.488,0.0,0.0,0.117,0.732,0.52,0.377,4,0,1,3,0,0,6,0,0,0,1,0,0,1
10537 SchoolBoard091819.mp4.CSV,2019-09-18,2019,Board,64.0,0.37,0.508,0.0,0.0,0.043,0.629,0.629,0.587,7,0,1,4,0,0,0,0,0,1,1,0,0,0
10558 SchoolBoard100219.mp4.CSV,2019-10-02,2019,Board,86.4,0.427,0.408,0.0,0.087,0.024,0.415,0.415,0.433,7,0,1,5,0,0,3,0,1,3,0,0,0,2
10567 SAU6101019.mp4.CSV,2019-10-10,2019,SAU6,32.1,0.402,0.37,0.0,0.0,0.228,0.931,0.474,0.541,5,0,1,5,0,0,4,0,0,1,3,0,0,0
10577 SchoolBoard101619.mp4.CSV,2019-10-16,2019,Board,70.6,0.154,0.453,0.0,0.147,0.087,0.916,0.916,0.595,3,0,3,4,2,0,0,0,0,0,1,0,0,0
10605 SchoolBoard110619.mp4.CSV,2019-11-06,2019,Board,77.5,0.377,0.361,0.018,0.122,0.068,0.565,0.565,0.583,7,8,1,5,1,0,5,0,0,2,6,0,0,0
10623 SchoolBoard112019.mp4.CSV,2019-11-20,2019,Board,85.3,0.504,0.305,0.0,0.116,0.025,0.728,0.422,0.551,8,0,3,6,3,0,8,0,0,7,6,0,0,0
10624 SchoolBoardSpecial112119.mp4.CSV,2019-11-21,2019,Board,61.2,0.162,0.192,0.447,0.018,0.001,0.626,0.626,0.385,3,102,0,2,0,0,0,0,0,0,0,0,0,0
10638 SchoolBoard120419.mp4.CSV,2019-12-04,2019,Board,93.8,0.337,0.386,0.134,0.0,0.077,0.547,0.496,0.61,9,50,1,8,0,0,2,0,1,1,3,0,0,0
10639 SAU6120519.mp4.CSV,2019-12-05,2019,SAU6,81.9,0.564,0.366,0.0,0.0,0.07,0.662,0.214,0.451,10,0,1,4,0,0,3,0,0,1,4,0,0,0
10649 SchoolBoardSpecial121219.mp4.CSV,2019-12-12,2019,Board,53.0,0.073,0.143,0.36,0.043,0.033,0.703,0.703,0.203,2,73,0,4,0,0,0,0,0,0,1,0,0,0
10675 SAU6010220.mp4.CSV,2020-01-02,2019,SAU6,58.9,0.739,0.196,0.0,0.0,0.065,0.425,0.238,0.358,8,0,1,7,1,0,0,0,0,1,2,0,2,0
10683 SchoolBoard010820.mp4.CSV,2020-01-08,2019,Board,119.2,0.29,0.442,0.0,0.0,0.177,0.0,0.484,0.423,4,0,4,10,5,0,4,0,0,1,9,0,1,0
10694 SchoolBoard011520.mp4.CSV,2020-01-15,2019,Board,95.8,0.32,0.568,0.032,0.0,0.058,0.584,0.584,0.441,5,10,1,4,0,0,1,2,0,3,4,0,0,0
10704 SchoolBoard012120.mp4.CSV,2020-01-21,2019,Board,143.8,0.352,0.405,0.205,0.0,0.031,0.521,0.521,0.379,5,106,1,7,0,0,6,2,0,3,5,0,0,0
10722 SchoolBoardDeliberative020120.mp4.CSV,2020-02-01,2019,Deliberative,146.8,0.176,0.043,0.357,0.0,0.141,0.328,0.43,0.339,4,179,0,7,0,0,1,2,0,1,2,0,0,0
10768 SchoolBoard030420.mp4.CSV,2020-03-04,2019,Board,117.3,0.357,0.498,0.0,0.0,0.08,0.549,0.547,0.594,7,0,1,4,0,0,1,0,0,5,2,0,0,0
10842 SchoolBoard050620.mp4.CSV,2020-05-06,2020,Board,140.5,0.398,0.519,0.012,0.008,0.021,0.476,0.476,0.483,7,9,18,4,0,3,4,0,0,6,8,0,0,0
10876 SchoolBoard060320.mp4.CSV,2020-06-03,2020,Board,104.9,0.254,0.456,0.0,0.161,0.003,0.43,0.43,0.414,6,0,5,2,0,2,0,0,0,5,3,0,0,0
10942 SchoolBoard080520.mp4.CSV,2020-08-05,2020,Board,220.8,0.432,0.507,0.031,0.018,0.012,0.267,0.266,0.425,8,17,4,6,0,0,0,0,3,1,7,0,0,0
10974 SchoolBoard090220.mp4.CSV,2020-09-02,2020,Board,181.5,0.472,0.369,0.139,0.0,0.019,0.449,0.449,0.543,8,94,3,7,0,0,3,1,0,0,4,0,0,0
10992 SAU6092220.mp4.CSV,2020-09-22,2020,SAU6,39.1,0.572,0.229,0.0,0.0,0.186,0.813,0.694,0.682,8,0,7,2,3,0,0,0,0,0,3,0,0,0
10993 SchoolBoard092320.mp4.CSV,2020-09-23,2020,Board,139.9,0.371,0.514,0.024,0.034,0.029,0.069,0.264,0.335,8,13,4,0,4,0,2,0,0,0,3,0,0,3
11007 SchoolBoard100720.mp4.CSV,2020-10-07,2020,Board,139.7,0.321,0.619,0.035,0.0,0.025,0.45,0.45,0.51,8,17,7,5,0,0,1,1,0,8,10,0,0,0
11056 SchoolBoard120220.mp4.CSV,2020-12-02,2020,Board,125.5,0.328,0.516,0.089,0.0,0.022,0.487,0.487,0.573,8,39,6,1,0,0,0,0,0,0,4,0,0,0
11106 SchoolBoard121620.mp4.CSV,2020-12-16,2020,Board,98.9,0.404,0.529,0.0,0.0,0.022,0.376,0.376,0.415,8,0,6,0,0,1,0,0,1,0,2,0,0,0
11127 SAU6121020.mp4.CSV,2020-12-10,2020,SAU6,54.2,0.464,0.505,0.0,0.0,0.031,0.646,0.494,0.435,6,0,7,0,0,2,0,0,0,0,5,0,0,0
11175 SchoolBoard010621.mp4.CSV,2021-01-06,2020,Board,162.4,0.428,0.542,0.0,0.0,0.028,0.406,0.406,0.452,8,0,7,1,0,0,0,1,0,2,3,0,0,0
11216 SchoolBoard020321.mp4.CSV,2021-02-03,2020,Board,79.3,0.373,0.506,0.09,0.0,0.01,0.672,0.672,0.63,7,18,6,3,0,2,1,0,0,0,5,0,0,0
11262 SchoolBoard011321.mp4.CSV,2021-01-13,2020,Board,129.9,0.43,0.343,0.028,0.122,0.006,0.371,0.371,0.438,8,11,9,2,0,0,4,2,0,1,5,0,0,0
11276 SchoolDistrictMeeting020121.mp4.CSV,2021-02-01,2020,Board,42.4,0.063,0.652,0.0,0.0,0.013,0.0,0.541,0.385,4,0,0,0,0,1,4,2,0,2,0,0,0,0
11281 SchoolDistrictMeeting020421.mp4.CSV,2021-02-04,2020,Board,12.2,0.214,0.048,0.0,0.0,0.012,0.186,0.325,0.122,4,0,0,0,0,0,1,0,0,0,0,0,0,0
11390 SchoolBoard031721.mp4.CSV,2021-03-17,2021,Board,96.8,0.436,0.525,0.024,0.0,0.015,0.564,0.564,0.511,7,10,9,0,1,0,0,0,0,0,1,0,0,1
11444 SchoolBoard040721.mp4.CSV,2021-04-07,2021,Board,72.4,0.315,0.605,0.0,0.0,0.032,0.643,0.643,0.659,7,0,3,6,0,0,3,0,0,4,2,0,0,0
11510 SchoolBoard050521.mp4.CSV,2021-05-05,2021,Board,136.5,0.307,0.509,0.0,0.0,0.023,0.421,0.421,0.436,6,0,1,6,0,0,0,0,1,0,1,0,0,1
11527 SchoolBoard041521.mp4.CSV,2021-04-15,2021,Board,72.4,0.301,0.601,0.0,0.0,0.05,0.661,0.653,0.614,6,0,3,6,0,0,3,0,0,4,1,0,0,0
11649 SchoolBoard060221.mp4.CSV,2021-06-02,2021,Board,147.5,0.394,0.487,0.0,0.0,0.031,0.573,0.55,0.61,8,0,1,7,0,0,5,0,5,4,0,0,0,1
11720 SAU6070121.mp4.CSV,2021-07-01,2021,SAU6,55.7,0.272,0.658,0.0,0.0,0.07,0.015,0.595,0.638,10,0,1,6,0,0,0,0,1,2,2,0,0,0
11776 SchoolBoard072121.mp4.CSV,2021-07-21,2021,Board,158.5,0.385,0.554,0.049,0.0,0.012,0.452,0.383,0.549,8,28,3,3,0,0,2,0,0,1,2,0,0,0
11793 SchoolBoard080421.mp4.CSV,2021-08-04,2021,Board,133.1,0.302,0.683,0.0,0.0,0.016,1.0,0.413,0.49,6,0,2,6,0,0,1,0,0,0,1,0,0,0
11825 SchoolBoard081821.mp4.CSV,2021-08-18,2021,Board,180.7,0.343,0.631,0.009,0.0,0.018,0.505,0.352,0.343,6,6,5,5,0,1,0,0,0,4,7,0,0,0
11862 SchoolBoard090121.mp4.CSV,2021-09-01,2021,Board,98.4,0.498,0.476,0.011,0.0,0.016,1.0,0.339,0.451,8,5,3,6,0,0,1,0,0,0,2,0,0,1
11886 SchoolBoard091521.mp4.CSV,2021-09-15,2021,Board,108.0,0.516,0.452,0.015,0.0,0.016,0.232,0.53,0.507,7,4,6,3,0,0,0,0,0,0,2,0,0,0
11933 SAU6092021.mp4.CSV,2021-09-20,2021,SAU6,60.1,0.0,0.818,0.162,0.0,0.02,0,0,0.0,0,33,0,0,0,0,1,0,0,0,0,0,0,0
11963 SchoolBoard102021.mp4.CSV,2021-10-20,2021,Board,124.9,0.406,0.567,0.0,0.0,0.021,0.489,0.366,0.452,7,0,1,4,1,0,1,0,0,1,1,0,0,0
11980 SAU6102121.mp4.CSV,2021-10-21,2021,SAU6,36.3,0.325,0.587,0.0,0.0,0.088,0.699,0.51,0.5,6,0,1,4,0,0,0,0,0,0,1,0,0,0
12005 SchoolBoard110321.mp4.CSV,2021-11-03,2021,Board,123.0,0.426,0.519,0.049,0.0,0.006,0.349,0.319,0.478,7,16,1,3,0,1,0,0,0,0,3,0,0,0
12033 SAU6111821.mp4.CSV,2021-11-18,2021,SAU6,37.8,0.218,0.766,0.0,0.0,0.016,0.76,0.408,0.285,4,0,1,2,1,0,6,0,0,0,0,0,0,0
12056 SchoolBoard120121.mp4.CSV,2021-12-01,2021,Board,35.7,0.586,0.386,0.0,0.0,0.028,0.652,0.583,0.561,6,0,1,3,2,0,0,0,0,0,1,0,0,0
12088 SAU6121621.mp4.CSV,2021-12-16,2021,SAU6,55.8,0.29,0.455,0.0,0.0,0.255,0.489,0.378,0.561,8,0,2,5,1,0,2,0,0,0,2,0,0,0
12115 SchoolBoard010522.mp4.CSV,2022-01-05,2021,Board,159.2,0.406,0.403,0.095,0.0,0.096,0.362,0.36,0.542,7,57,1,9,0,0,2,2,0,6,0,0,0,1
12151 SchoolBoard011822.mp4.CSV,2022-01-18,2021,Board,114.1,0.268,0.176,0.511,0.0,0.045,0.464,0.383,0.577,8,163,4,7,4,0,0,2,0,0,7,0,0,0
12180 SchoolBoard020222.mp4.CSV,2022-02-02,2021,Board,123.7,0.418,0.461,0.055,0.0,0.066,0.283,0.314,0.498,7,32,2,1,4,0,2,0,0,0,0,0,0,0
12204 SchoolBoardDeliberative020922.mp4.CSV,2022-02-09,2021,Deliberative,146.1,0.0,0.167,0.251,0.007,0.36,0,0,0.0,0,94,0,8,1,0,1,2,0,1,0,0,0,0
12210 SchoolBoard021622.mp4.CSV,2022-02-16,2021,Board,56.7,0.59,0.178,0.199,0.0,0.034,0.61,0.362,0.42,7,39,3,2,0,0,0,0,0,0,3,0,0,0
12315 SchoolBoard040622.mp4.CSV,2022-04-06,2022,Board,148.6,0.289,0.526,0.125,0.0,0.06,0.604,0.281,0.368,8,65,1,8,0,0,1,0,10,0,2,0,0,0
12353 SAU6042122.mp4.CSV,2022-04-21,2022,SAU6,96.3,0.376,0.48,0.0,0.075,0.07,0.611,0.389,0.52,7,0,5,9,0,0,1,0,0,2,4,0,0,0
12366 SchoolBoard050422.mp4.CSV,2022-05-04,2022,Board,151.7,0.213,0.75,0.0,0.0,0.033,0.259,0.296,0.265,5,0,3,6,4,1,8,0,6,7,1,0,2,0
12399 SchoolBoard051822.mp4.CSV,2022-05-18,2022,Board,135.4,0.079,0.552,0.099,0.0,0.164,0.656,0.444,0.508,6,47,1,2,0,0,2,0,0,2,1,0,0,0
12400 SAU6051922.mp4.CSV,2022-05-19,2022,SAU6,43.4,0.424,0.498,0.0,0.0,0.078,0.879,0.65,0.431,4,0,0,4,0,0,2,0,0,0,1,0,0,0
13420 SchoolBoard061522.mp4.CSV,2022-06-15,2022,Board,132.9,0.165,0.658,0.078,0.059,0.04,0.466,0.488,0.568,5,78,4,9,1,0,0,0,1,4,4,0,0,0
13444 SAU6061622.mp4.CSV,2022-06-16,2022,SAU6,39.5,0.507,0.374,0.0,0.0,0.119,0.0,0.781,0.449,3,0,3,7,3,0,3,0,0,0,1,0,0,0
13521 SchoolBoard072022.mp4.CSV,2022-07-20,2022,Board,92.4,0.173,0.168,0.259,0.359,0.041,0.644,0.644,0.379,3,66,1,4,1,0,5,0,4,5,0,0,0,0
13556 SchoolBoard081722.mp4.CSV,2022-08-17,2022,Board,98.5,0.51,0.402,0.047,0.0,0.0,0.264,0.264,0.45,8,35,1,6,0,0,7,0,7,3,1,0,0,1
14582 SchoolBoardSpecial082422.mp4.CSV,2022-08-24,2022,Board,39.6,0.681,0.308,0.0,0.0,0.007,0.0,0.512,0.43,5,0,1,13,0,0,4,0,0,2,3,0,0,0
14595 SchoolBoard090722.mp4.CSV,2022-09-07,2022,Board,100.8,0.335,0.534,0.05,0.0,0.033,0.234,0.267,0.397,8,33,1,7,0,0,7,0,3,22,1,0,0,0
14627 SchoolBoard091522.mp4.CSV,2022-09-15,2022,Board,101.4,0.309,0.471,0.064,0.0,0.0,0.419,0.419,0.415,6,18,1,5,0,0,1,0,3,0,1,0,0,1
14630 SAU6092922.mp4.CSV,2022-09-29,2022,SAU6,51.9,0.324,0.496,0.0,0.174,0.005,0.278,0.454,0.608,7,0,1,5,0,0,13,0,5,1,2,0,0,0
14654 SchoolBoard100522.mp4.CSV,2022-10-05,2022,Board,163.7,0.343,0.51,0.129,0.0,0.018,0.877,0.284,0.306,7,73,0,5,0,0,2,0,8,1,0,0,0,0
14681 SchoolBoard101922.mp4.CSV,2022-10-19,2022,Board,130.1,0.506,0.329,0.092,0.0,0.012,0.742,0.257,0.339,8,46,2,4,0,0,0,0,9,0,1,0,0,0
14693 SchoolBoardSpecial110322.mp4.CSV,2022-11-03,2022,Board,35.1,0.0,0.071,0.137,0.0,0.186,0,0,0.0,0,15,0,2,0,0,0,0,0,0,0,0,0,0
14727 SAU6111622.mp4.CSV,2022-11-16,2022,SAU6,94.4,0.188,0.228,0.0,0.577,0.007,0.439,0.344,0.377,8,0,0,3,0,0,1,0,1,1,1,0,0,0
14822 SAU6010323.mp4.CSV,2023-01-03,2022,SAU6,69.8,0.292,0.466,0.066,0.025,0.135,0.666,0.666,0.166,2,39,1,4,0,0,1,0,6,4,3,0,0,0
14833 SchoolBoard011123.mp4.CSV,2023-01-11,2022,Board,148.5,0.528,0.253,0.038,0.124,0.032,0.664,0.35,0.268,6,16,1,5,0,0,0,2,5,1,1,0,0,0
14835 SchoolBoard010923.mp4.CSV,2023-01-09,2022,Board,14.2,0.404,0.485,0.0,0.087,0.0,0.618,0.618,0.118,2,0,0,3,0,0,0,0,0,0,0,0,0,0
14847 SchoolBoardBudgetHearing011723.mp4.CSV,2023-01-17,2022,Budget,168.2,0.5,0.183,0.234,0.0,0.051,0.566,0.237,0.366,8,154,5,16,0,0,0,1,4,3,3,0,0,2
14875 SchoolBoard020123.mp4.CSV,2023-02-01,2022,Board,166.1,0.139,0.368,0.478,0.0,0.001,0.906,0.716,0.637,6,324,1,4,0,0,4,0,2,0,0,0,0,0
14892 SchoolBoardDeliberative020823.mp4.CSV,2023-02-08,2022,Deliberative,112.4,0.124,0.175,0.02,0.048,0.0,0.02,0.594,0.516,6,12,0,1,0,0,1,1,1,1,0,0,0,0
14909 SchoolBoard021523.mp4.CSV,2023-02-15,2022,Board,108.1,0.235,0.635,0.063,0.0,0.044,0.462,0.379,0.417,7,33,1,3,1,0,1,0,4,0,0,0,0,0
14911 SAU6021623.mp4.CSV,2023-02-16,2022,SAU6,97.3,0.755,0.245,0.0,0.0,0.0,0.745,0.686,0.72,10,0,3,6,2,0,0,0,0,0,3,0,0,1
14937 SchoolBoard030123.mp4.CSV,2023-03-01,2022,Board,57.5,0.682,0.282,0.032,0.0,0.0,0.312,0.344,0.44,6,12,2,5,0,0,2,0,10,2,0,0,1,0
14986 SAU6033023.mp4.CSV,2023-03-30,2023,SAU6,119.9,0.561,0.429,0.0,0.0,0.002,0.771,0.335,0.514,9,0,0,9,0,1,3,0,1,0,2,0,2,4
15003 SchoolBoard040523.mp4.CSV,2023-04-05,2023,Board,123.2,0.423,0.481,0.014,0.027,0.0,0.32,0.32,0.507,9,12,2,8,1,3,4,0,3,0,3,0,0,1
15022 SAU6041323.mp4.CSV,2023-04-13,2023,SAU6,69.5,0.773,0.151,0.0,0.071,0.005,0.834,0.567,0.608,9,0,5,5,4,1,4,0,2,0,2,0,1,0
15028 SchoolBoard041923.mp4.CSV,2023-04-19,2023,Board,109.0,0.343,0.509,0.129,0.0,0.002,0.775,0.495,0.594,8,51,2,6,4,0,1,0,0,0,3,4,0,0
15058 SchoolBoard050323.mp4.CSV,2023-05-03,2023,Board,106.8,0.36,0.547,0.046,0.046,0.0,0.601,0.431,0.452,6,25,1,4,0,0,2,0,2,1,1,2,0,0
15073 SAU6051123.mp4.CSV,2023-05-11,2023,SAU6,41.3,0.416,0.078,0.088,0.357,0.056,0.106,0.775,0.806,10,11,4,8,5,1,3,0,0,0,3,0,0,0
15123 SchoolBoard060723.mp4.CSV,2023-06-07,2023,Board,104.4,0.536,0.461,0.0,0.0,0.0,0.729,0.496,0.544,7,0,1,2,0,0,1,0,5,5,0,3,0,2
15153 SchoolBoard062123.mp4.CSV,2023-06-21,2023,Board,73.4,0.417,0.535,0.048,0.0,0.0,0.786,0.516,0.508,6,19,2,6,2,0,0,0,0,2,2,2,1,0
15193 SAU6071323.mp4.CSV,2023-07-13,2023,SAU6,28.0,0.614,0.242,0.128,0.001,0.0,0.816,0.579,0.559,6,34,4,4,8,0,5,0,0,0,2,0,1,2
15205 SchoolBoard071923.mp4.CSV,2023-07-19,2023,Board,120.9,0.599,0.31,0.052,0.038,0.0,0.753,0.577,0.625,9,21,0,2,0,1,7,0,3,0,0,1,0,1
15228 SchoolBoard080223.mp4.CSV,2023-08-02,2023,Board,157.8,0.411,0.559,0.015,0.006,0.001,0.971,0.478,0.539,7,12,1,5,0,2,2,0,1,0,2,2,1,0
15240 SchoolBoard080923.mp4.CSV,2023-08-09,2023,Board,120.0,0.247,0.474,0.278,0.0,0.0,0.35,0.29,0.41,8,180,1,3,0,0,0,0,0,0,0,1,0,0
15253 SchoolBoard081623.mp4.CSV,2023-08-16,2023,Board,73.1,0.436,0.36,0.0,0.204,0.0,0.907,0.485,0.434,5,1,6,5,4,0,3,0,0,0,3,1,1,0
15254 SAU6081723.mp4.CSV,2023-08-17,2023,SAU6,81.3,0.472,0.515,0.0,0.0,0.004,0.661,0.497,0.567,8,0,10,12,3,1,5,1,3,2,2,0,0,0
15286 SchoolBoard090623.mp4.CSV,2023-09-06,2023,Board,52.4,0.216,0.768,0.01,0.0,0.003,0.525,0.342,0.389,6,7,1,2,0,0,0,0,0,0,2,1,0,0
15299 SAU6110923.mp4.CSV,2023-11-09,2023,SAU6,62.0,0.424,0.575,0.0,0.0,0.0,0.859,0.588,0.575,7,0,2,7,0,1,1,0,1,0,2,0,1,0
15311 SchoolBoard092023.mp4.CSV,2023-09-20,2023,Board,79.2,0.308,0.686,0.0,0.0,0.002,0.938,0.529,0.545,6,0,5,5,4,0,0,2,0,0,2,1,1,0
15336 SchoolBoard100423.mp4.CSV,2023-10-04,2023,Board,85.0,0.51,0.13,0.007,0.353,0.0,1.0,0.591,0.541,5,8,4,11,5,0,0,0,0,0,3,2,0,0
15357 SchoolBoard101823.mp4.CSV,2023-10-18,2023,Board,102.0,0.366,0.633,0.001,0.0,0.0,0.774,0.432,0.41,6,4,0,3,0,1,10,5,3,0,1,1,0,0
15385 SchoolBoard110123.mp4.CSV,2023-11-01,2023,Board,88.2,0.105,0.721,0.0,0.016,0.002,0.947,0.556,0.47,5,0,4,2,2,2,1,0,0,0,1,2,0,0
15413 SchoolBoard111523.mp4.CSV,2023-11-15,2023,Board,62.9,0.474,0.479,0.0,0.0,0.005,0.858,0.484,0.534,8,0,7,6,12,2,2,0,2,0,1,3,0,3
15443 SchoolBoardFinance113023.mp4.CSV,2023-11-30,2023,Finance,82.8,0.19,0.794,0.0,0.0,0.016,0.0,1.0,0.0,1,0,0,0,0,0,0,2,5,0,0,0,0,0
15444 SchoolBoardFinance120123.mp4.CSV,2023-12-01,2023,Finance,177.9,0.324,0.663,0.0,0.0,0.0,0.404,0.596,0.096,2,0,0,0,0,0,4,0,5,2,0,0,0,0
15451 SchoolBoardFinance121823.mp4.CSV,2023-12-18,2023,Finance,142.2,0.24,0.755,0.0,0.0,0.0,0.0,1.0,0.0,1,0,0,0,0,0,4,2,25,0,0,0,0,0
15452 SchoolBoardFinance120623.mp4.CSV,2023-12-06,2023,Finance,87.4,0.386,0.613,0.0,0.0,0.0,0.0,1.0,0.0,1,0,0,0,0,0,0,0,3,0,1,0,0,0
15453 SchoolBoard120623.mp4.CSV,2023-12-06,2023,Board,34.7,0.522,0.361,0.0,0.111,0.0,0.998,0.5,0.679,8,0,3,4,5,2,13,0,0,0,1,1,0,0
15455 SAU6120723.mp4.CSV,2023-12-07,2023,SAU6,39.0,0.614,0.383,0.0,0.0,0.003,0.841,0.663,0.732,11,0,8,3,5,0,3,0,2,0,3,0,1,0
15471 SchoolBoardFinance121323.mp4.CSV,2023-12-13,2023,Finance,96.4,0.298,0.696,0.0,0.0,0.002,0.0,1.0,0.0,1,0,0,0,0,0,0,0,6,1,0,0,0,0
15472 SAU6121423.mp4.CSV,2023-12-14,2023,SAU6,21.4,0.316,0.227,0.415,0.016,0.015,0.518,0.364,0.468,6,57,1,2,6,0,0,0,0,0,1,0,1,1
15483 SchoolBoard122023.mp4.CSV,2023-12-20,2023,Board,66.1,0.023,0.182,0.576,0.217,0.0,1.0,0.456,0.377,4,164,0,6,4,0,0,0,1,0,3,0,0,0
15505 SchoolBoard010324.mp4.CSV,2024-01-03,2023,Board,92.6,0.121,0.877,0.0,0.0,0.0,0.565,0.548,0.557,5,0,0,0,0,0,0,1,9,0,1,1,0,0
15510 SchoolBoardFinance010524.mp4.CSV,2024-01-05,2023,Finance,109.8,0.285,0.37,0.332,0.0,0.013,0.0,1.0,0.0,1,336,0,0,0,0,0,0,16,1,0,0,0,0
15523 SAU6011124.mp4.CSV,2024-01-11,2023,SAU6,10.8,0.944,0.0,0.049,0.0,0.0,0.944,0.789,0.731,7,1,6,3,1,0,0,0,0,0,2,0,0,0
15531 SchoolBoard011724.mp4.CSV,2024-01-17,2023,Board,148.8,0.143,0.658,0.185,0.014,0.0,0.3,0.654,0.507,4,191,0,3,0,1,1,4,15,0,1,2,0,0
15552 SchoolBoardDeliberative020324.mp4.CSV,2024-02-03,2023,Deliberative,92.3,0.125,0.569,0.084,0.17,0.001,0.862,0.531,0.262,3,32,0,5,0,0,2,6,4,0,5,0,0,0
15580 SAU6021524.mp4.CSV,2024-02-15,2023,SAU6,58.7,0.792,0.206,0.0,0.0,0.0,0.661,0.58,0.617,9,0,3,11,2,0,0,0,0,0,5,0,3,0
15585 SchoolBoard022124.mp4.CSV,2024-02-21,2023,Board,119.5,0.201,0.24,0.142,0.413,0.004,0.939,0.446,0.473,6,188,1,4,0,0,0,0,4,0,4,2,0,0
15607 SchoolBoard030624.mp4.CSV,2024-03-06,2023,Board,113.7,0.13,0.295,0.255,0.286,0.0,0.918,0.442,0.497,7,162,1,4,0,0,1,10,1,0,3,3,0,0
15638 SchoolBoard032024.mp4.CSV,2024-03-20,2024,Board,128.0,0.51,0.49,0.0,0.0,0.0,0.716,0.664,0.713,8,0,1,8,0,3,0,0,1,1,4,5,0,0
15687 SAU6041124.mp4.CSV,2024-04-11,2024,SAU6,68.7,0.879,0.078,0.031,0.0,0.0,0.099,0.534,0.64,8,18,2,17,10,3,4,0,0,0,2,0,2,0
15693 SchoolBoard041724.mp4.CSV,2024-04-17,2024,Board,95.2,0.237,0.095,0.214,0.449,0.005,0.748,0.252,0.366,7,142,1,3,0,0,4,0,2,0,2,3,0,0
15722 SchoolBoard051524.mp4.CSV,2024-05-15,2024,Board,121.5,0.116,0.601,0.138,0.119,0.0,0.818,0.637,0.443,4,187,2,4,0,0,2,0,10,7,3,1,0,0
15786 SchoolBoard060524.mp4.CSV,2024-06-05,2024,Board,71.1,0.393,0.404,0.0,0.202,0.0,0.814,0.814,0.641,4,0,0,4,0,1,0,1,1,0,4,2,0,1
15814 SchoolBoard062024.mp4.CSV,2024-06-20,2024,Board,120.7,0.219,0.34,0.351,0.083,0.002,0.604,0.204,0.44,10,187,1,4,0,1,2,1,0,0,0,2,0,0
15947 SchoolBoard082124.mp4.CSV,2024-08-21,2024,Board,92.4,0.297,0.69,0.0,0.008,0.002,0.976,0.246,0.492,9,0,7,3,4,0,1,0,0,3,1,1,0,0
15994 SchoolBoard090424.mp4.CSV,2024-09-04,2024,Board,65.7,0.382,0.58,0.0,0.037,0.0,1.0,0.459,0.574,6,0,1,4,0,0,1,0,0,2,1,2,0,0
16011 SAU6091224.mp4.CSV,2024-09-12,2024,SAU6,90.7,0.183,0.635,0.057,0.0,0.002,0.358,0.488,0.634,9,31,1,9,6,0,6,0,1,0,2,0,4,0
16021 SchoolBoard091824.mp4.CSV,2024-09-18,2024,Board,61.5,0.381,0.613,0.0,0.006,0.0,0.851,0.741,0.662,7,0,1,2,0,0,10,1,4,1,1,1,0,0
16046 SchoolBoardCityCouncilJoint093024.mp4.CSV,2024-09-30,2024,Joint,129.0,0.131,0.374,0.022,0.004,0.002,0.878,0.86,0.722,5,17,1,0,0,0,0,1,2,2,0,0,0,0
16049 SchoolBoard100224.mp4.CSV,2024-10-02,2024,Board,46.2,0.255,0.265,0.131,0.345,0.004,0.234,0.766,0.576,4,46,1,1,0,1,0,0,1,0,0,2,0,0
16070 SchoolBoard101624.mp4.CSV,2024-10-16,2024,Board,126.3,0.174,0.484,0.19,0.022,0.001,1.0,0.562,0.458,5,170,1,5,3,1,3,3,1,0,5,2,0,0
16142 SAU6111424.mp4.CSV,2024-11-14,2024,SAU6,47.2,0.563,0.315,0.0,0.0,0.123,0.785,0.678,0.571,5,0,1,6,7,0,5,6,0,8,2,0,0,0
16155 SchoolBoardFinance111924.mp4.CSV,2024-11-19,2024,Finance,107.9,0.143,0.826,0.0,0.0,0.0,0.451,0.549,0.049,2,0,0,0,0,0,4,0,3,5,0,0,0,0
16157 SchoolBoard112024.mp4.CSV,2024-11-20,2024,Board,56.1,0.153,0.513,0.211,0.114,0.008,0.21,0.51,0.475,5,81,3,1,5,0,0,0,1,0,0,4,0,0
16158 SAU6112124.mp4.CSV,2024-11-21,2024,SAU6,50.5,0.126,0.001,0.021,0.751,0.101,1.0,0.84,0.528,3,7,1,3,0,0,0,0,0,0,1,0,0,0
16192 SchoolBoard120424.mp4.CSV,2024-12-04,2024,Board,84.5,0.0,0.236,0.216,0.462,0.026,0,0,0.0,0,92,1,0,0,0,17,0,0,0,1,1,0,2
16213 SAU6121224.mp4.CSV,2024-12-12,2024,SAU6,68.4,0.373,0.619,0.0,0.0,0.007,0.8,0.305,0.504,8,0,2,8,2,0,8,15,1,5,1,0,0,1
16215 SchoolBoardFinance121324.mp4.CSV,2024-12-13,2024,Finance,141.3,0.427,0.573,0.0,0.0,0.001,0.63,0.63,0.13,2,0,0,0,0,0,0,1,10,4,1,0,0,0
16222 SchoolBoard121824.mp4.CSV,2024-12-18,2024,Board,84.0,0.044,0.534,0.224,0.197,0.0,0.008,0.958,0.805,6,120,1,3,0,0,2,2,2,0,1,1,0,0
16226 SchoolBoardFinance121824.mp4.CSV,2024-12-18,2024,Finance,115.3,0.203,0.795,0.0,0.0,0.0,1.0,1.0,0.0,1,0,0,0,0,0,1,0,4,2,1,0,0,0
16246 SchoolBoardFinance010625.mp4.CSV,2025-01-06,2024,Finance,102.7,0.519,0.481,0.0,0.0,0.0,0.0,0.453,0.349,4,0,0,0,0,0,1,0,0,0,0,0,0,0
16253 SchoolBoard010725.mp4.CSV,2025-01-07,2024,Board,128.0,0.639,0.309,0.0,0.051,0.0,0.453,0.38,0.542,9,0,0,10,4,0,1,0,3,4,2,1,1,1
16266 SchoolBoard011525.mp4.CSV,2025-01-15,2024,Board,87.2,0.443,0.442,0.113,0.0,0.0,0.508,0.508,0.528,6,38,0,0,0,0,1,0,4,1,0,2,0,0
16286 SchoolBoard-012125.mp4.CSV,2025-01-21,2024,Board,41.4,0.879,0.115,0.0,0.0,0.0,0.549,0.549,0.575,7,0,3,3,5,0,0,0,0,1,4,1,0,0
16315 School Board Deliberatibe 020125.mp4.CSV,2025-02-01,2024,Board,72.3,0.338,0.368,0.0,0.118,0.0,0.112,0.542,0.595,7,0,0,2,0,0,0,2,1,1,1,0,0,0
16322 School Board 020525.mp4.CSV,2025-02-05,2024,Board,24.4,0.941,0.057,0.0,0.0,0.0,0.392,0.392,0.385,6,0,3,4,5,0,3,0,0,0,3,1,0,0
16351 School Board 021925.mp4.CSV,2025-02-19,2024,Board,13.4,0.245,0.0,0.751,0.0,0.0,0.916,0.916,0.595,3,32,2,0,2,0,0,0,0,0,0,1,0,0
16371 SchoolBoard030525.mp4.CSV,2025-03-05,2024,Board,170.3,0.444,0.258,0.0,0.284,0.002,0.339,0.339,0.401,9,0,1,3,4,1,31,0,0,2,2,1,0,0
16408 SchoolSafetyForum031725.mp4.CSV,2025-03-17,2025,Board,91.4,0.0,0.718,0.271,0.0,0.0,0,0,0.0,0,86,0,0,0,0,1,0,0,0,0,0,0,0
16409 SchoolBoard031925.mp4.CSV,2025-03-19,2025,Board,126.9,0.555,0.094,0.331,0.0,0.0,0.605,0.605,0.623,7,134,3,16,4,1,1,0,0,0,5,1,3,1
16433 SchoolBoard-040225.mp4.CSV,2025-04-02,2025,Board,41.1,0.518,0.268,0.214,0.0,0.0,0.277,0.266,0.457,8,27,3,0,3,0,2,1,0,0,0,2,0,0
16463 SAU6Mtg-041025.mp4.CSV,2025-04-10,2025,SAU6,101.5,0.394,0.304,0.0,0.3,0.002,0.552,0.466,0.68,10,0,1,8,3,0,22,0,2,8,3,0,0,0
16477 SchoolBoard041625.mp4.CSV,2025-04-16,2025,Board,144.2,0.418,0.392,0.022,0.166,0.0,0.639,0.296,0.55,9,14,1,7,0,0,8,0,0,0,0,1,1,0
16530 School Board 050725.mp4.CSV,2025-05-07,2025,Board,115.6,0.564,0.35,0.0,0.0,0.0,0.629,0.262,0.448,9,0,3,17,3,0,6,0,1,1,7,2,0,0
16556 SchoolBoard052125.mp4.CSV,2025-05-21,2025,Board,81.8,0.487,0.265,0.0,0.152,0.003,0.869,0.478,0.566,9,0,0,5,1,0,21,1,4,7,3,8,0,0
16580 SchoolBoard060325.mp4.CSV,2025-06-03,2025,Board,118.9,0.533,0.46,0.0,0.005,0.0,0.413,0.413,0.342,5,0,0,6,0,1,1,0,1,0,2,2,1,0
16596 SAU6-061225.mp4.CSV,2025-06-12,2025,SAU6,24.0,0.724,0.237,0.0,0.001,0.009,0.721,0.638,0.437,4,0,2,2,3,0,6,1,0,0,0,0,0,0
16602 SchoolBoard061825.mp4.CSV,2025-06-18,2025,Board,142.4,0.495,0.362,0.0,0.116,0.0,0.619,0.427,0.485,7,0,3,8,5,1,5,0,1,0,4,3,0,0
16764 School Board 081425.mp4.CSV,2025-08-14,2025,Board,96.0,0.649,0.129,0.037,0.045,0.002,0.418,0.297,0.515,9,20,3,7,4,1,12,0,0,0,4,1,0,0
16776 SchoolBoard082025.mp4.CSV,2025-08-20,2025,Board,147.2,0.183,0.004,0.462,0.072,0.0,0.985,0.93,0.762,5,280,1,0,2,0,32,0,0,0,0,1,0,0
16786 School Board 082525.mp4.CSV,2025-08-25,2025,Board,134.4,0.137,0.209,0.603,0.0,0.0,0.739,0.567,0.529,6,225,1,1,0,0,3,0,0,1,1,1,0,0
16813 SchoolBoard090325.mp4.CSV,2025-09-03,2025,Board,206.0,0.355,0.195,0.219,0.045,0.0,0.842,0.498,0.632,9,156,2,2,0,1,48,1,0,10,1,1,0,0
16820 SAU6-090425.mp4.CSV,2025-09-04,2025,SAU6,20.4,0.801,0.174,0.0,0.004,0.011,0.768,0.612,0.432,4,0,2,3,4,0,4,1,0,4,1,0,0,0
16831 School Board 091025.mp4.CSV,2025-09-10,2025,Board,166.5,0.299,0.303,0.368,0.0,0.0,0.645,0.645,0.551,5,228,1,2,0,1,2,0,1,0,0,1,0,0
16833 SAU6-091125.mp4.CSV,2025-09-11,2025,SAU6,30.8,0.955,0.024,0.0,0.005,0.009,0.745,0.473,0.432,5,0,2,5,5,0,3,0,0,2,1,0,0,0
16857 SchoolBoard091725.mp4.CSV,2025-09-17,2025,Board,142.6,0.295,0.309,0.338,0.022,0.0,0.158,0.441,0.418,6,207,2,4,0,0,9,0,0,1,2,1,0,0
16872 SchoolBoard100125.mp4.CSV,2025-10-01,2025,Board,222.8,0.578,0.179,0.115,0.064,0.0,0.527,0.49,0.537,10,130,1,9,0,0,28,3,0,2,6,2,0,1
16881 SchoolBoardSpecial100625.mp4.CSV,2025-10-06,2025,Board,12.3,0.57,0.426,0.0,0.0,0.004,0.995,0.565,0.373,3,0,1,1,0,0,0,0,0,0,3,0,0,1
16882 SAU6BoardMeeting100625.mp4.CSV,2025-10-06,2025,SAU6,118.8,0.159,0.015,0.0,0.826,0.0,0.881,0.639,0.497,4,0,4,2,12,0,19,0,1,0,2,0,0,0
16896 SchoolBoard101525.mp4.CSV,2025-10-15,2025,Board,133.3,0.311,0.479,0.209,0.001,0.0,0.488,0.334,0.386,6,106,8,0,4,0,11,2,1,7,4,0,0,1
16951 SchoolBoard110525.mp4.CSV,2025-11-05,2025,Board,195.9,0.484,0.35,0.124,0.032,0.001,0.772,0.529,0.521,7,102,5,11,9,1,20,0,0,4,6,2,1,0
16958 SchoolBoardVacancy110525.mp4.CSV,2025-11-05,2025,Board,49.1,0.762,0.0,0.217,0.021,0.0,0.821,0.523,0.485,6,40,0,3,0,1,1,0,0,0,2,0,0,0
16976 SAU6-111325.mp4.CSV,2025-11-13,2025,SAU6,52.8,0.791,0.202,0.0,0.0,0.0,0.812,0.702,0.699,9,0,3,10,4,1,8,0,0,1,1,0,0,0
16982 SchoolBoard111925.mp4.CSV,2025-11-19,2025,Board,188.1,0.497,0.417,0.022,0.0,0.0,0.78,0.414,0.476,7,12,1,5,1,0,1,0,1,2,8,3,1,0
17017 SchoolBoard120325.mp4.CSV,2025-12-03,2025,Board,212.1,0.603,0.227,0.048,0.119,0.003,0.707,0.447,0.548,9,28,1,12,12,0,6,0,0,0,2,1,1,1
17029 SchoolBoardFinance121025.mp4.CSV,2025-12-10,2025,Finance,74.0,0.31,0.422,0.0,0.245,0.0,0.005,0.995,0.495,2,0,0,0,0,0,0,0,0,0,0,0,0,0
17037 SchoolBoard-Finance-121225.mp4.CSV,2025-12-12,2025,Finance,86.1,0.628,0.372,0.0,0.0,0.0,1.0,0.563,0.063,2,0,0,0,0,0,0,0,0,0,0,0,0,0
17046 SchoolBoard121725.mp4.CSV,2025-12-17,2025,Board,182.5,0.411,0.33,0.258,0.0,0.0,0.833,0.449,0.66,10,161,3,10,6,0,0,0,0,1,4,4,1,0
17092 SchoolBoard010726.mp4.CSV,2026-01-07,2025,Board,188.1,0.534,0.278,0.186,0.0,0.0,0.79,0.556,0.675,11,136,3,8,4,1,2,0,0,1,6,2,0,0
17095 SchoolBoard012126.mp4.CSV,2026-01-21,2025,Board,188.8,0.652,0.258,0.088,0.0,0.0,0.688,0.353,0.386,8,79,0,11,0,0,4,0,0,0,7,2,1,1
17116 SchoolBoardPublicHearing012026.mp4.CSV,2026-01-20,2025,Board,112.0,0.074,0.455,0.46,0.0,0.0,0.893,0.882,0.685,4,182,0,1,0,0,2,0,1,0,0,1,0,0
17125 SchoolBoardDeliberative020726.mp4.CSV,2026-02-07,2025,Deliberative,237.4,0.127,0.04,0.008,0.038,0.0,0.714,0.477,0.449,6,10,0,7,1,1,0,0,0,0,5,0,0,9
17134 SchoolBoard020426.mp4.CSV,2026-02-04,2025,Board,76.2,0.46,0.29,0.139,0.102,0.0,0.65,0.414,0.563,9,30,2,4,3,0,10,0,0,0,4,1,0,0
17159 SchoolBoard021826.mp4.CSV,2026-02-18,2025,Board,175.1,0.494,0.146,0.323,0.034,0.002,0.602,0.353,0.635,10,182,2,6,6,4,13,0,0,1,1,2,0,1
17168 SchoolBoardArticle8021826.mp4.CSV,2026-02-18,2025,Board,48.7,0.143,0.107,0.678,0.051,0.0,1.0,1.0,0.0,1,116,0,0,0,2,0,0,0,0,0,0,0,0
17201 SchoolBoard030426.mp4.CSV,2026-03-04,2025,Board,121.2,0.399,0.585,0.011,0.0,0.0,0.483,0.376,0.277,6,11,1,5,5,0,8,0,0,0,1,2,2,0
17241 SchoolBoard031826.mp4.CSV,2026-03-18,2026,Board,118.7,0.498,0.297,0.17,0.024,0.002,0.664,0.542,0.605,9,70,4,7,4,0,8,0,0,0,2,3,0,0
17291 SchoolBoard040126.mp4.CSV,2026-04-01,2026,Board,170.9,0.607,0.313,0.015,0.007,0.002,0.788,0.455,0.571,9,11,2,7,1,1,1,0,0,0,3,1,0,1
17300 SchoolBoardBroderickInterview040626.mp4.CSV,2026-04-06,2026,Board,79.8,0.147,0.789,0.026,0.0,0.0,1.0,0.998,0.498,2,6,0,0,0,0,0,0,0,0,0,0,0,0
17307 SAU6040926.mp4.CSV,2026-04-09,2026,SAU6,74.0,0.638,0.337,0.009,0.0,0.004,0.742,0.668,0.655,7,1,1,4,5,0,12,0,0,0,0,0,0,0
17323 SchoolBoard041526.mp4.CSV,2026-04-15,2026,Board,83.9,0.656,0.227,0.095,0.0,0.004,0.892,0.647,0.712,9,45,1,3,3,0,2,0,1,1,3,4,0,1
17348 SchoolBoard050626.mp4.CSV,2026-05-06,2026,Board,114.0,0.391,0.242,0.124,0.223,0.003,0.843,0.632,0.616,7,53,3,7,4,0,14,1,0,3,4,4,1,0
17373 SchoolBoard052026.mp4.CSV,2026-05-20,2026,Board,123.9,0.571,0.288,0.127,0.0,0.006,0.979,0.464,0.617,8,124,4,14,3,0,2,0,0,0,3,1,2,0
17397 SchoolBoard060326.mp4.CSV,2026-06-03,2026,Board,110.7,0.393,0.258,0.085,0.261,0.002,0.818,0.551,0.699,11,68,3,2,5,0,3,0,0,5,1,2,1,0
17418 SchoolBoard061726.mp4.CSV,2026-06-17,2026,Board,79.9,0.493,0.487,0.0,0.0,0.004,0.62,0.524,0.67,9,0,3,3,5,0,9,0,0,10,0,2,0,0
17575 SchoolBoardAthleticsHandbook090226.mp4.CSV,2026-09-02,2026,Board,22.6,0.901,0.099,0.0,0.0,0.0,0.998,0.738,0.696,7,0,0,1,0,0,1,0,0,0,0,0,0,0
17594 SchoolBoard091626.mp4.CSV,2026-09-16,2026,Board,98.0,0.496,0.428,0.025,0.0,0.004,0.991,0.491,0.562,8,6,1,5,6,1,6,0,0,2,2,3,1,0
7313 SchoolBoard012115.mp4.CSV,2015-01-21,2014,Board,155.6,0.399,0.514,0.016,0.0,0.02,0.842,0.631,0.448,4,33,2,11,0,0,3,7,0,0,2,0,2,0
7408 SchoolBoard030415.mp4.CSV,2015-03-04,2014,Board,96.8,0.515,0.355,0.106,0.0,0.013,0.582,0.471,0.417,5,55,1,4,0,0,0,0,0,0,1,0,0,0
8114 SchoolBoard010916.mp4.CSV,2016-01-09,2015,Board,187.0,0.442,0.471,0.015,0.008,0.024,0.722,0.607,0.388,4,10,4,1,0,3,1,1,0,6,1,0,0,0
8162 SchoolBoardDeliberative020316.mp4.CSV,2016-02-03,2015,Deliberative,92.1,0.054,0.462,0.111,0.024,0.046,0.0,0.437,0.493,5,49,0,14,0,0,0,0,0,0,2,0,0,1
8192 SchoolBoard020316.mp4.CSV,2016-02-03,2015,Board,55.8,0.494,0.195,0.033,0.239,0.038,0.454,0.449,0.431,6,6,1,3,0,0,0,0,0,0,1,0,0,0
8258 SchoolBoard031616.mp4.CSV,2016-03-16,2016,Board,211.3,0.315,0.55,0.027,0.0,0.083,0.186,0.245,0.333,8,28,3,6,2,0,0,0,0,1,2,0,7,1
8313 SchoolBoard040616.mp4.CSV,2016-04-06,2016,Board,122.0,0.473,0.481,0.0,0.0,0.046,0.145,0.202,0.132,7,0,2,5,2,0,0,0,0,0,2,0,5,0
8380 SchoolBoard050416.mp4.CSV,2016-05-04,2016,Board,222.2,0.202,0.442,0.204,0.0,0.053,0.163,0.231,0.225,7,152,1,4,0,0,0,0,2,0,0,0,1,0
8407 SchoolBoard051816.mp4.CSV,2016-05-18,2016,Board,179.2,0.192,0.71,0.0,0.0,0.046,0.302,0.336,0.281,5,0,2,5,6,0,1,0,0,3,4,0,0,0
8433 SchoolBoard060116.mp4.CSV,2016-06-01,2016,Board,147.1,0.453,0.535,0.0,0.0,0.012,0.696,0.325,0.22,5,0,2,6,2,0,3,0,0,0,1,0,1,0
8558 SchoolBoard080316.mp4.CSV,2016-08-03,2016,Board,144.2,0.542,0.301,0.112,0.0,0.046,0.071,0.383,0.35,7,52,3,5,1,3,1,0,0,0,4,0,0,0
8568 SchoolBoardCityCouncilJoint080916.mp4.CSV,2016-08-09,2016,Joint,129.2,0.234,0.205,0.072,0.0,0.012,0.157,0.302,0.35,6,36,1,2,1,0,0,0,0,0,1,0,0,0
8577 SchoolBoard081716.mp4.CSV,2016-08-17,2016,Board,131.7,0.362,0.618,0.0,0.0,0.02,0.516,0.338,0.385,7,0,1,13,0,0,5,0,0,0,1,0,2,0
8648 SchoolBoard092116.mp4.CSV,2016-09-21,2016,Board,177.9,0.348,0.467,0.092,0.009,0.043,0.268,0.358,0.385,6,67,3,7,5,0,0,0,0,1,5,0,1,0
8679 SchoolBoard100516.mp4.CSV,2016-10-05,2016,Board,97.6,0.396,0.294,0.274,0.0,0.036,0.565,0.344,0.363,6,104,1,7,0,0,3,0,0,0,6,0,1,2
8706 SchoolBoard101916.mp4.CSV,2016-10-19,2016,Board,106.4,0.386,0.594,0.0,0.0,0.019,0.707,0.398,0.47,6,0,1,5,5,0,2,0,1,0,3,0,0,0
8732 SchoolBoard110216.mp4.CSV,2016-11-02,2016,Board,141.4,0.573,0.314,0.0,0.0,0.064,0.129,0.222,0.406,11,0,4,7,4,0,0,10,0,1,1,0,0,0
8761 SchoolBoardCityCouncilJoint111516.mp4.CSV,2016-11-15,2016,Joint,152.8,0.041,0.045,0.047,0.528,0.131,0.374,0.509,0.261,3,22,1,0,0,0,0,0,0,1,0,0,0,0
8762 SchoolBoard111616.mp4.CSV,2016-11-16,2016,Board,85.9,0.229,0.455,0.219,0.0,0.071,0.32,0.484,0.191,3,142,1,6,5,0,0,0,0,0,2,0,0,1
8794 SchoolBoard120716.mp4.CSV,2016-12-07,2016,Board,92.8,0.329,0.345,0.23,0.0,0.09,0.0,0.662,0.338,3,67,3,5,8,0,0,0,0,1,5,0,0,0
8815 SchoolBoard122116.mp4.CSV,2016-12-21,2016,Board,99.0,0.326,0.603,0.0,0.0,0.024,0.504,0.348,0.28,6,0,2,5,3,0,0,0,0,1,3,0,0,0
8845 SchoolBoard010417.mp4.CSV,2017-01-04,2016,Board,84.3,0.43,0.542,0.0,0.0,0.028,0.614,0.384,0.394,5,0,2,10,6,0,0,1,0,3,7,0,0,0
8873 SchoolBoard011117.mp4.CSV,2017-01-11,2016,Board,145.3,0.271,0.512,0.158,0.0,0.058,0.089,0.279,0.197,5,120,3,2,3,0,0,0,0,0,1,0,0,0
8875 SchoolBoard011817.mp4.CSV,2017-01-18,2016,Board,184.7,0.342,0.41,0.233,0.0,0.006,0.446,0.554,0.511,5,112,2,2,0,0,0,0,1,0,2,0,0,0
8884 SchoolBoardCityCouncilJoint012417.mp4.CSV,2017-01-24,2016,Joint,103.8,0.188,0.088,0.028,0.08,0.131,0.196,0.345,0.326,5,7,1,1,0,0,1,0,0,0,0,0,0,0
8899 SchoolBoard012417.mp4.CSV,2017-01-24,2016,Board,90.8,0.501,0.307,0.157,0.0,0.035,0.215,0.316,0.295,5,45,2,3,0,0,0,0,1,0,2,0,0,0
8948 SchoolBoard030117.mp4.CSV,2017-03-01,2016,Board,145.2,0.323,0.621,0.0,0.0,0.025,0.248,0.29,0.22,5,0,1,7,0,0,0,0,0,0,4,0,1,0
8976 SchoolBoard031517.mp4.CSV,2017-03-15,2017,Board,81.7,0.406,0.487,0.076,0.0,0.031,0.646,0.397,0.355,6,28,2,6,5,0,1,0,0,1,2,0,0,0
9010 SchoolBoardCityCouncilJoint033017.mp4.CSV,2017-03-30,2017,Joint,143.1,0.091,0.126,0.0,0.363,0.031,0.404,0.596,0.096,2,0,1,0,2,0,0,0,0,0,0,0,0,0
9020 SchoolBoard040517.mp4.CSV,2017-04-05,2017,Board,135.9,0.307,0.655,0.0,0.0,0.004,0.242,0.332,0.333,6,0,2,6,2,1,1,0,0,0,3,0,0,0
9041 SchoolBoard041917.mp4.CSV,2017-04-19,2017,Board,163.4,0.341,0.562,0.057,0.0,0.02,0.187,0.341,0.421,6,25,2,5,2,2,0,0,0,0,0,0,0,0
9073 SchoolBoard050317.mp4.CSV,2017-05-03,2017,Board,173.1,0.185,0.544,0.055,0.0,0.059,0.443,0.352,0.386,6,38,1,6,0,0,2,0,1,0,2,0,0,0
9098 SchoolBoard051717.mp4.CSV,2017-05-17,2017,Board,152.2,0.247,0.544,0.026,0.0,0.02,0.238,0.274,0.387,7,9,2,7,4,0,0,0,0,0,2,0,0,0
9128 SchoolBoard053117.mp4.CSV,2017-05-31,2017,Board,126.4,0.257,0.431,0.131,0.0,0.109,0.043,0.525,0.451,5,68,2,3,1,0,0,0,0,4,0,0,0,0
9170 SchoolBoardCityCouncilJoint062217.mp4.CSV,2017-06-22,2017,Joint,165.4,0.075,0.222,0.281,0.089,0.21,0.33,0.5,0.221,3,172,1,1,0,0,0,0,0,0,0,0,0,0
9171 SchoolBoard062117.mp4.CSV,2017-06-21,2017,Board,132.2,0.385,0.474,0.082,0.0,0.059,0.311,0.311,0.355,7,33,2,12,3,4,0,0,0,1,4,0,2,0
9248 SchoolBoard080217.mp4.CSV,2017-08-02,2017,Board,134.4,0.466,0.395,0.088,0.0,0.051,0.0,0.455,0.44,5,51,3,6,6,0,0,0,0,3,7,0,0,2
9268 SchoolBoard081617.mp4.CSV,2017-08-16,2017,Board,178.0,0.316,0.634,0.0,0.0,0.048,0.218,0.302,0.333,6,0,1,8,1,0,0,0,0,0,0,0,0,0
9315 SchoolBoard090617.mp4.CSV,2017-09-06,2017,Board,134.7,0.558,0.417,0.0,0.0,0.025,0.19,0.264,0.263,6,0,1,7,0,0,0,0,0,0,3,0,0,0
9328 SchoolBoard092017.mp4.CSV,2017-09-20,2017,Board,137.4,0.364,0.486,0.082,0.0,0.069,0.0,0.297,0.21,5,57,1,9,0,0,1,0,0,0,2,0,0,0
9354 SchoolBoard100417.mp4.CSV,2017-10-04,2017,Board,159.9,0.545,0.351,0.0,0.0,0.042,0.133,0.221,0.217,7,0,0,4,0,1,1,0,0,1,0,0,0,0
9357 SchoolBoardCityCouncilJoint092817.mp4.CSV,2017-09-28,2017,Joint,136.9,0.077,0.379,0.082,0.0,0.071,0.0,0.483,0.296,3,39,0,1,0,0,0,0,0,1,0,0,0,0
9385 SchoolBoard101817.mp4.CSV,2017-10-18,2017,Board,156.8,0.381,0.523,0.0,0.0,0.062,0.25,0.296,0.276,6,0,1,9,1,0,1,8,0,2,1,0,1,0
9386 SAU6101217.mp4.CSV,2017-10-12,2017,SAU6,117.5,0.397,0.576,0.0,0.0,0.027,0.595,0.551,0.595,7,0,0,4,0,1,0,23,0,1,1,0,0,0
9406 SchoolBoard110117.mp4.CSV,2017-11-01,2017,Board,188.7,0.417,0.474,0.005,0.0,0.047,0.222,0.187,0.271,9,10,2,6,2,0,6,0,3,1,1,0,0,0
9431 SAU6110217.mp4.CSV,2017-11-02,2017,SAU6,77.4,0.241,0.662,0.0,0.0,0.097,0.729,0.696,0.541,4,0,3,4,1,0,0,5,0,0,1,0,0,0
9442 SchoolBoard111517.mp4.CSV,2017-11-15,2017,Board,145.9,0.264,0.479,0.094,0.04,0.038,0.0,0.436,0.419,5,51,0,2,1,0,2,0,0,0,1,0,0,0
9470 SchoolBoard112917.mp4.CSV,2017-11-29,2017,Board,164.9,0.968,0.0,0.0,0.0,0.032,0.132,0.302,0.357,6,0,1,1,4,0,0,4,0,7,0,0,0,0
9495 SchoolBoard120617.mp4.CSV,2017-12-06,2017,Board,291.8,0.217,0.466,0.09,0.0,0.037,0.117,0.373,0.418,7,84,1,3,1,0,2,3,0,0,0,0,0,0
9496 SchoolBoard120617.mp4.CSV,2017-12-06,2017,Board,234.9,0.208,0.453,0.111,0.0,0.033,0.113,0.381,0.481,8,87,1,3,0,0,3,3,0,0,0,0,0,0
9497 SchoolBoard120617.mp4.CSV,2017-12-06,2017,Board,56.9,0.203,0.641,0.0,0.0,0.111,0.224,0.375,0.346,5,0,0,0,1,0,0,0,0,0,0,0,0,0
9507 SchoolBoard122017.mp4.CSV,2017-12-20,2017,Board,160.3,0.424,0.281,0.146,0.0,0.075,0.261,0.261,0.329,8,81,7,5,3,0,1,3,0,3,1,0,0,0
9547 SchoolBoardBudgetHearing010318.mp4.CSV,2018-01-03,2017,Budget,65.5,0.033,0.626,0.287,0.0,0.053,1.0,1.0,0.0,1,62,0,1,0,0,1,0,0,0,2,0,0,0
9548 SchoolBoardBudgetHearing010318.mp4.CSV,2018-01-03,2017,Budget,57.9,0.163,0.061,0.746,0.0,0.03,0.268,0.525,0.213,3,123,0,0,0,0,0,8,0,0,0,0,0,0
9549 SchoolBoard010318.mp4.CSV,2018-01-03,2017,Board,65.3,0.718,0.217,0.0,0.0,0.066,0.596,0.272,0.398,8,0,4,6,2,0,0,0,0,1,2,0,0,0
9550 SchoolBoard010318.mp4.CSV,2018-01-03,2017,Board,22.4,0.613,0.277,0.0,0.0,0.111,0.479,0.402,0.553,7,0,0,4,0,0,0,0,0,0,2,0,0,1
9586 SchoolBoard013118.mp4.CSV,2018-01-31,2017,Board,119.0,0.031,0.627,0.0,0.069,0.032,0.148,0.539,0.427,4,0,0,8,0,1,5,0,0,0,0,0,1,0
9592 SchoolBoardCityCouncilJoint013018.mp4.CSV,2018-01-30,2017,Joint,121.0,0.044,0.002,0.016,0.114,0.063,1.0,0.562,0.062,2,10,1,1,0,1,1,0,0,1,0,0,1,0
9602 SchoolBoardDeliberative020818.mp4.CSV,2018-02-08,2017,Deliberative,122.8,0.0,0.283,0.293,0.0,0.058,0,0,0.0,0,134,0,7,1,1,1,0,0,0,2,0,0,0
9631 SchoolBoard022118.mp4.CSV,2018-02-21,2017,Board,124.1,0.17,0.616,0.068,0.0,0.019,0.708,0.505,0.499,5,27,3,12,2,1,1,0,0,0,3,0,0,0
9682 SchoolBoard032118.mp4.CSV,2018-03-21,2018,Board,198.5,0.269,0.523,0.064,0.0,0.039,0.522,0.327,0.383,7,53,1,10,1,0,1,0,3,0,0,0,0,0
9711 SchoolBoard040418.mp4.CSV,2018-04-04,2018,Board,136.9,0.405,0.468,0.055,0.0,0.034,0.335,0.335,0.39,7,59,1,5,2,0,0,0,0,0,4,0,0,0
9715 SAU6032918.mp4.CSV,2018-03-29,2018,SAU6,126.0,0.624,0.331,0.0,0.0,0.046,0.619,0.544,0.599,10,0,1,6,11,0,1,8,0,1,1,0,0,3
9734 SchoolBoardCityCouncilJoint042418.mp4.CSV,2018-04-24,2018,Joint,132.8,0.116,0.146,0.0,0.321,0.02,0.278,0.516,0.36,4,0,1,2,0,0,0,0,0,1,0,0,0,0
9740 SchoolBoard041818.mp4.CSV,2018-04-18,2018,Board,188.3,0.25,0.316,0.018,0.339,0.019,0.306,0.313,0.342,6,14,7,9,23,0,0,0,0,0,1,0,0,0
9764 SchoolBoard050218.mp4.CSV,2018-05-02,2018,Board,93.1,0.47,0.344,0.023,0.0,0.164,0.0,0.321,0.379,6,13,0,1,0,0,0,0,0,0,1,0,1,0
9790 SchoolBoard051618.mp4.CSV,2018-05-16,2018,Board,187.5,0.332,0.332,0.0,0.262,0.033,0.201,0.279,0.383,7,0,1,6,0,0,1,0,0,0,3,0,0,1
9799 SAU6051018.mp4.CSV,2018-05-10,2018,SAU6,74.7,0.476,0.398,0.0,0.0,0.127,0.566,0.455,0.482,9,0,6,3,1,0,0,0,0,1,1,0,0,0
9828 SchoolBoard060618.mp4.CSV,2018-06-06,2018,Board,144.5,0.471,0.352,0.136,0.0,0.042,0.175,0.373,0.369,6,81,1,10,0,1,5,1,0,0,5,0,0,0
9849 SchoolBoardCityCouncilJoint062118.mp4.CSV,2018-06-21,2018,Joint,107.9,0.154,0.0,0.073,0.078,0.044,0.658,0.351,0.292,5,19,2,2,0,2,0,0,1,0,0,0,0,0
9850 SchoolBoard062018.mp4.CSV,2018-06-20,2018,Board,114.8,0.153,0.672,0.108,0.0,0.067,0.504,0.357,0.423,7,43,1,6,0,0,0,3,0,2,1,0,0,0
9853 SAU6061418.mp4.CSV,2018-06-14,2018,SAU6,146.5,0.632,0.295,0.018,0.0,0.036,0.594,0.506,0.561,10,11,7,9,15,1,0,8,0,0,4,0,0,4
9876 SAU6062818.mp4.CSV,2018-06-28,2018,SAU6,102.0,0.605,0.33,0.0,0.006,0.059,0.989,0.751,0.672,6,0,0,6,0,0,9,19,0,0,3,0,0,1
9906 SAU6071218.mp4.CSV,2018-07-12,2018,SAU6,130.9,0.656,0.307,0.0,0.0,0.038,0.585,0.359,0.412,8,0,3,4,0,0,0,7,1,0,3,0,0,0
9907 SchoolBoard071818.mp4.CSV,2018-07-18,2018,Board,62.8,0.373,0.261,0.0,0.341,0.025,0.439,0.43,0.425,5,0,1,7,0,1,0,0,0,1,0,0,0,0
9928 SAU6072618.mp4.CSV,2018-07-26,2018,SAU6,44.4,0.601,0.365,0.0,0.0,0.0,0.811,0.778,0.732,8,0,3,5,7,0,3,0,0,0,3,0,0,0
9950 SchoolBoard081518.mp4.CSV,2018-08-15,2018,Board,153.2,0.377,0.473,0.034,0.044,0.0,0.288,0.288,0.473,8,20,4,8,2,0,0,0,1,2,4,0,0,0
9953 SchoolBoardCityCouncilJoint080918.mp4.CSV,2018-08-09,2018,Joint,92.4,0.285,0.051,0.036,0.043,0.0,0.409,0.409,0.438,8,11,3,5,0,0,0,1,0,0,2,0,0,0
9974 SAU6082318.mp4.CSV,2018-08-23,2018,SAU6,117.5,0.343,0.041,0.0,0.611,0.004,0.11,0.253,0.408,9,0,2,4,2,0,0,1,0,0,3,0,0,1
9986 SchoolBoard090518.mp4.CSV,2018-09-05,2018,Board,159.9,0.465,0.243,0.128,0.0,0.057,0.437,0.274,0.339,7,77,1,10,0,1,17,2,0,0,3,0,0,0
Claremont School Board - 72926.CSV,2026-07-29,2026,Board,158.2,0.495,0.486,0.0,0.0,0.0,0.197,0.367,0.381,5,0,0,0,7,0,18,0,0,5,1,0,0,0
Claremont School Board - 8526.CSV,2026-08-05,2026,Board,190.7,0.3,0.43,0.099,0.126,0.001,0.454,0.454,0.386,5,7,2,6,8,1,42,3,0,7,3,1,1,1
Claremont School Board 72126.CSV,2026-07-21,2026,Board,158.8,0.411,0.525,0.0,0.04,0.002,0.651,0.49,0.675,9,0,2,8,3,0,36,1,0,4,2,3,0,2
Claremont School Board 81926.mp4.CSV,2026-08-19,2026,Board,195.9,0.447,0.496,0.0,0.0,0.002,0.803,0.35,0.506,9,0,1,5,3,4,44,0,0,12,1,2,0,0
Claremont School Board Finance - 81226.CSV,2026-08-12,2026,Finance,69.3,0.313,0.682,0.0,0.0,0.0,0.57,0.57,0.339,3,0,0,0,2,0,4,0,0,4,0,0,0,0
Claremont School Board Meeting 2123.mp4.CSV,2023-02-01,2022,Board,165.9,0.275,0.421,0.239,0.0,0.002,0.337,0.337,0.54,9,150,0,4,0,0,4,0,2,0,0,0,0,0
School Board Finance Committee - 61926.CSV,2026-06-19,2026,Finance,76.9,0.661,0.169,0.0,0.17,0.0,0.484,0.484,0.242,3,0,0,0,0,0,7,0,0,1,0,0,0,1
