era,meetings,hours,board_share,admin_share,public_share,outside_share,unid_share,chair_share,top_share,gini,rollcall_per10h,voicevote_per10h,nonpublic_per10h,unanimous_per10h,audit_per10h,fundbal_per10h,esser_per10h,reimb_per10h,motion_per10h,public_turns_per10h
2014,2,4.2,0.443,0.453,0.051,0.0,0.017,0.742,0.57,0.432,7.13,35.66,0.0,0.0,7.13,16.64,0.0,0.0,7.13,209.19
2015,3,5.6,0.344,0.423,0.044,0.051,0.032,0.479,0.534,0.437,8.96,32.25,0.0,5.37,1.79,1.79,0.0,10.75,7.17,116.45
2016,22,49.9,0.33,0.438,0.084,0.03,0.049,0.301,0.348,0.314,8.41,22.64,10.62,0.6,3.21,2.2,1.0,2.4,11.22,191.13
2017,31,70.9,0.301,0.419,0.079,0.022,0.053,0.247,0.371,0.317,5.93,21.02,6.21,1.69,4.23,4.09,0.56,3.67,5.64,167.74
2018,23,44.8,0.375,0.349,0.053,0.073,0.039,0.412,0.358,0.396,7.15,32.38,9.83,1.56,13.4,2.01,1.79,2.01,13.4,156.98
2019,22,31.9,0.339,0.361,0.079,0.034,0.063,0.56,0.538,0.457,8.14,37.28,5.64,0.0,19.74,2.19,0.94,10.02,20.05,171.04
2020,13,26.3,0.381,0.492,0.041,0.027,0.018,0.376,0.409,0.44,28.52,11.79,1.52,3.42,7.61,2.66,1.52,9.51,20.53,82.89
2021,18,34.8,0.364,0.475,0.071,0.0,0.054,0.488,0.394,0.483,14.08,24.43,3.74,0.57,6.04,1.72,1.72,7.18,9.77,130.48
2022,20,37.9,0.31,0.424,0.13,0.029,0.035,0.507,0.383,0.386,6.87,29.59,1.85,0.26,12.95,1.06,20.87,14.0,5.02,310.95
2023,28,47.0,0.309,0.533,0.079,0.063,0.002,0.582,0.585,0.391,8.93,20.41,9.14,2.98,12.33,6.8,24.02,2.55,9.14,300.37
2024,25,38.1,0.32,0.453,0.079,0.1,0.002,0.582,0.542,0.461,8.14,16.79,8.4,2.1,22.04,3.15,13.12,9.45,9.71,291.81
2025,32,71.0,0.419,0.282,0.174,0.04,0.0,0.653,0.484,0.472,7.19,23.67,10.28,2.25,36.21,1.13,1.55,5.35,12.4,380.68
2026,16,30.9,0.463,0.402,0.05,0.055,0.002,0.702,0.508,0.548,8.42,22.03,17.49,2.27,63.82,1.62,0.32,17.49,8.1,126.34
