Start,End,Start (sec),End (sec),Speaker,Role,Dialogue,Diarized As,Video URL
0:00:16.72,0:00:20.16,16.72,20.16,Unidentified,"Unidentified - catch-all cluster mixing roll-call responses, the clerk's roll call and several board members; attributable segments reassigned per segment",Televised the first two minutes.,Speaker 1,https://reflect-claremont.cablecast.tv/internetchannel/show/10407?site=1&seekto=16
0:00:20.24,0:00:21.24,20.24,21.24,Michael Petrin,SAU 6 Board Chair,I think we're on.,Speaker 2,https://reflect-claremont.cablecast.tv/internetchannel/show/10407?site=1&seekto=20
0:00:21.32,0:00:21.64,21.32,21.64,Unidentified,"Unidentified - catch-all cluster mixing roll-call responses, the clerk's roll call and several board members; attributable segments reassigned per segment",Yeah.,Speaker 1,https://reflect-claremont.cablecast.tv/internetchannel/show/10407?site=1&seekto=21
0:00:21.71,0:00:26.78,21.71,26.78,Michael Petrin,SAU 6 Board Chair,All right.,Speaker 2,https://reflect-claremont.cablecast.tv/internetchannel/show/10407?site=1&seekto=21
0:00:26.86,0:00:35.92,26.86,35.92,Michael Petrin,SAU 6 Board Chair,Call the June 4th o six school board meeting to order. Rise for the pledge.,Speaker 2,https://reflect-claremont.cablecast.tv/internetchannel/show/10407?site=1&seekto=26
0:00:36.00,0:00:52.80,36.00,52.80,Unidentified,"Unidentified - pledge, ayes and roll-call responses from several members; attributable responses reassigned","Allegiance to the flag of the United States of America and to the Republic for which it stands. One nation under God, indivisible, with liberty and justice for all.",Speaker 3,https://reflect-claremont.cablecast.tv/internetchannel/show/10407?site=1&seekto=36
0:00:52.88,0:01:02.96,52.88,62.96,Michael Petrin,SAU 6 Board Chair,"Just a reminder to turn off your cell phones and electronic devices so they're not disturbing during our meeting. Mary's not here, so.",Speaker 2,https://reflect-claremont.cablecast.tv/internetchannel/show/10407?site=1&seekto=52
0:01:03.04,0:01:09.80,63.04,69.80,Unidentified,"Unidentified - catch-all cluster mixing roll-call responses, the clerk's roll call and several board members; attributable segments reassigned per segment",I can do a roll call.,Speaker 1,https://reflect-claremont.cablecast.tv/internetchannel/show/10407?site=1&seekto=63
0:01:09.88,0:01:11.28,69.88,71.28,Michael Petrin,SAU 6 Board Chair,I can do.,Speaker 2,https://reflect-claremont.cablecast.tv/internetchannel/show/10407?site=1&seekto=69
0:01:11.36,0:01:12.99,71.36,72.99,Unidentified,"Unidentified - catch-all cluster mixing roll-call responses, the clerk's roll call and several board members; attributable segments reassigned per segment",Okay.,Speaker 1,https://reflect-claremont.cablecast.tv/internetchannel/show/10407?site=1&seekto=71
0:01:13.07,0:01:21.08,73.07,81.08,Michael Petrin,SAU 6 Board Chair,I was just. I'm going to start Marjorie here. David's.,Speaker 2,https://reflect-claremont.cablecast.tv/internetchannel/show/10407?site=1&seekto=73
0:01:21.16,0:01:23.26,81.16,83.26,Michael Petrin,SAU 6 Board Chair,Prudence report here.,Speaker 2,https://reflect-claremont.cablecast.tv/internetchannel/show/10407?site=1&seekto=81
0:01:23.34,0:01:25.76,83.34,85.76,Unidentified,"Unidentified - catch-all cluster mixing roll-call responses, the clerk's roll call and several board members; attributable segments reassigned per segment",Shannon here.,Speaker 1,https://reflect-claremont.cablecast.tv/internetchannel/show/10407?site=1&seekto=83
0:01:25.84,0:01:38.23,85.84,98.23,Michael Petrin,SAU 6 Board Chair,Gary Bader here. Frank Sprague here. Rebecca. Zulu here. Jason Bender here. Rob Lovett junior. Here.  Heather Whitney here. Carolyn toll.,Speaker 2,https://reflect-claremont.cablecast.tv/internetchannel/show/10407?site=1&seekto=85
0:01:38.40,0:01:39.84,98.40,99.84,Carolyn Towle,Claremont School Board member,Yes. Here.,Speaker 1,https://reflect-claremont.cablecast.tv/internetchannel/show/10407?site=1&seekto=98
0:01:39.92,0:01:47.92,99.92,107.92,Michael Petrin,SAU 6 Board Chair,Yeah. Well done here. I miss anybody. All right.,Speaker 2,https://reflect-claremont.cablecast.tv/internetchannel/show/10407?site=1&seekto=99
0:01:48.00,0:01:51.12,108.00,111.12,Unidentified,"Unidentified - catch-all cluster mixing roll-call responses, the clerk's roll call and several board members; attributable segments reassigned per segment",Do good.,Speaker 1,https://reflect-claremont.cablecast.tv/internetchannel/show/10407?site=1&seekto=108
0:01:51.20,0:01:57.16,111.20,117.16,Michael Petrin,SAU 6 Board Chair,So we have an agenda in front of us tonight. Any changes?,Speaker 2,https://reflect-claremont.cablecast.tv/internetchannel/show/10407?site=1&seekto=111
0:01:57.24,0:02:00.44,117.24,120.44,Rob Lovett Jr.,Claremont School Board member,I move the way we  accept the agenda as written.,Speaker 4,https://reflect-claremont.cablecast.tv/internetchannel/show/10407?site=1&seekto=117
0:02:00.52,0:02:01.84,120.52,121.84,Unidentified,"Unidentified - catch-all cluster mixing roll-call responses, the clerk's roll call and several board members; attributable segments reassigned per segment",Second.,Speaker 1,https://reflect-claremont.cablecast.tv/internetchannel/show/10407?site=1&seekto=120
0:02:01.92,0:02:14.40,121.92,134.40,Michael Petrin,SAU 6 Board Chair,Any further discussion? Seeing none. All in favor? Opposed?,Speaker 2,https://reflect-claremont.cablecast.tv/internetchannel/show/10407?site=1&seekto=121
0:02:14.48,0:02:22.56,134.48,142.56,Michael Petrin,SAU 6 Board Chair,"All right. I need a motion. I make a motion that we go into nonpublic session. The RSA 91-A colon, three.",Speaker 2,https://reflect-claremont.cablecast.tv/internetchannel/show/10407?site=1&seekto=134
0:02:22.56,0:02:49.44,142.56,169.44,Rob Lovett Jr.,Claremont School Board member,"Subs, two a the dismissal, promotion or compensation of any public employee or the disciplining of employee, or the investigation of any charge against him or her, unless the employee affected one has a right to a meeting and two requests that the meeting be open, in which case the request shall be granted and RSA 91-A colon three two subparagraph matters which, if discussed in public, would likely affect adversely the reputation of any person other than a member of the public body itself.",Speaker 4,https://reflect-claremont.cablecast.tv/internetchannel/show/10407?site=1&seekto=142
0:02:49.52,0:03:00.92,169.52,180.92,Rob Lovett Jr.,Claremont School Board member,"Unless such person requests an open meeting, this exemption shall be extended to any application for assistance or tax abatement or waiver of a fee, fine or other levy if based on inability to pay or poverty of the applicant.",Speaker 4,https://reflect-claremont.cablecast.tv/internetchannel/show/10407?site=1&seekto=169
0:03:01.16,0:03:03.76,181.16,183.76,Michael Petrin,SAU 6 Board Chair,Second.,Speaker 2,https://reflect-claremont.cablecast.tv/internetchannel/show/10407?site=1&seekto=181
0:03:03.84,0:03:15.40,183.84,195.40,Michael Petrin,SAU 6 Board Chair,"Any further discussion? Seeing none, I need a roll call vote. So start on the end with Gary. Yes. Right. Yes. Carolyn.",Speaker 2,https://reflect-claremont.cablecast.tv/internetchannel/show/10407?site=1&seekto=183
0:03:15.44,0:03:16.28,195.44,196.28,Carolyn Towle,Claremont School Board member,Yes.,Speaker 1,https://reflect-claremont.cablecast.tv/internetchannel/show/10407?site=1&seekto=195
0:03:16.36,0:03:19.40,196.36,199.40,Michael Petrin,SAU 6 Board Chair,Jason. Yes.  Prince.,Speaker 2,https://reflect-claremont.cablecast.tv/internetchannel/show/10407?site=1&seekto=196
0:03:19.44,0:03:20.40,199.44,200.40,Prudence McCormick,SAU 6 Board member (Unity),Yes.,Speaker 1,https://reflect-claremont.cablecast.tv/internetchannel/show/10407?site=1&seekto=199
0:03:20.48,0:03:21.12,200.48,201.12,Michael Petrin,SAU 6 Board Chair,Rebecca.,Speaker 2,https://reflect-claremont.cablecast.tv/internetchannel/show/10407?site=1&seekto=200
0:03:21.20,0:03:22.56,201.20,202.56,Rebecca Zullo,Claremont School Board Vice Chair,Yes.,Speaker 1,https://reflect-claremont.cablecast.tv/internetchannel/show/10407?site=1&seekto=201
0:03:22.64,0:03:23.28,202.64,203.28,Michael Petrin,SAU 6 Board Chair,Marjorie.,Speaker 2,https://reflect-claremont.cablecast.tv/internetchannel/show/10407?site=1&seekto=202
0:03:23.36,0:03:25.16,203.36,205.16,Marjorie Erickson,SAU 6 Board Vice Chair (Unity),Yes.,Speaker 1,https://reflect-claremont.cablecast.tv/internetchannel/show/10407?site=1&seekto=203
0:03:25.24,0:03:25.64,205.24,205.64,Michael Petrin,SAU 6 Board Chair,Heather.,Speaker 2,https://reflect-claremont.cablecast.tv/internetchannel/show/10407?site=1&seekto=205
0:03:25.72,0:03:26.72,205.72,206.72,Heather Whitney,Claremont School Board member,Yes.,Speaker 1,https://reflect-claremont.cablecast.tv/internetchannel/show/10407?site=1&seekto=205
0:03:26.80,0:03:27.36,206.80,207.36,Michael Petrin,SAU 6 Board Chair,Rob.,Speaker 2,https://reflect-claremont.cablecast.tv/internetchannel/show/10407?site=1&seekto=206
0:03:27.52,0:03:28.80,207.52,208.80,Rob Lovett Jr.,Claremont School Board member,Yes.,Speaker 4,https://reflect-claremont.cablecast.tv/internetchannel/show/10407?site=1&seekto=207
0:03:28.88,0:03:29.96,208.88,209.96,Michael Petrin,SAU 6 Board Chair,And. Shannon.,Speaker 2,https://reflect-claremont.cablecast.tv/internetchannel/show/10407?site=1&seekto=208
0:03:30.00,0:03:30.72,210.00,210.72,Shannon Popescu,SAU 6 Board member (Unity),Yes.,Speaker 1,https://reflect-claremont.cablecast.tv/internetchannel/show/10407?site=1&seekto=210
0:03:30.80,0:03:57.44,210.80,237.44,Michael Petrin,SAU 6 Board Chair,"And I am a yes. All right. So here we are going to,  invite lawyer Mr. O'Shaughnessy in with us.  For just a few minutes, I guess, to give us the rundown of how things are going to run, and then we will have, Corey and Mr. O'Neill.",Speaker 2,https://reflect-claremont.cablecast.tv/internetchannel/show/10407?site=1&seekto=210
0:03:57.52,0:04:33.26,237.52,273.26,Michael Petrin,SAU 6 Board Chair,We're going to head next for.,Speaker 2,https://reflect-claremont.cablecast.tv/internetchannel/show/10407?site=1&seekto=237
0:04:33.34,0:05:18.00,273.34,318.00,Unidentified,"Unidentified - catch-all cluster mixing roll-call responses, the clerk's roll call and several board members; attributable segments reassigned per segment",A blanket..,Speaker 1,https://reflect-claremont.cablecast.tv/internetchannel/show/10407?site=1&seekto=273
0:05:18.08,0:05:19.68,318.08,319.68,Michael Petrin,SAU 6 Board Chair,Jason to have a second point.,Speaker 2,https://reflect-claremont.cablecast.tv/internetchannel/show/10407?site=1&seekto=318
0:05:19.76,0:05:24.52,319.76,324.52,Unidentified,"Unidentified - catch-all cluster mixing roll-call responses, the clerk's roll call and several board members; attributable segments reassigned per segment",Five a second.,Speaker 1,https://reflect-claremont.cablecast.tv/internetchannel/show/10407?site=1&seekto=319
0:05:24.60,0:05:25.72,324.60,325.72,Unidentified,"Unidentified - catch-all cluster mixing roll-call responses, the clerk's roll call and several board members; attributable segments reassigned per segment","Second, second.",Speaker 1,https://reflect-claremont.cablecast.tv/internetchannel/show/10407?site=1&seekto=324
0:05:25.80,0:05:26.24,325.80,326.24,Michael Petrin,SAU 6 Board Chair,Heather.,Speaker 2,https://reflect-claremont.cablecast.tv/internetchannel/show/10407?site=1&seekto=325
0:05:26.28,0:05:34.60,326.28,334.60,Unidentified,"Unidentified - catch-all cluster mixing roll-call responses, the clerk's roll call and several board members; attributable segments reassigned per segment",Yeah. Heather. We'll have the hand because I can't see. Okay. And I have to speak up.,Speaker 1,https://reflect-claremont.cablecast.tv/internetchannel/show/10407?site=1&seekto=326
0:05:34.68,0:05:36.44,334.68,336.44,Michael Petrin,SAU 6 Board Chair,I forgot Mary's back.,Speaker 2,https://reflect-claremont.cablecast.tv/internetchannel/show/10407?site=1&seekto=334
0:05:36.52,0:05:39.08,336.52,339.08,Unidentified,"Unidentified - catch-all cluster mixing roll-call responses, the clerk's roll call and several board members; attributable segments reassigned per segment",With one of my.,Speaker 1,https://reflect-claremont.cablecast.tv/internetchannel/show/10407?site=1&seekto=336
0:05:39.16,0:05:46.36,339.16,346.36,Michael Petrin,SAU 6 Board Chair,All right. Any further discussion? All right. Seeing none. Mary. Do.,Speaker 2,https://reflect-claremont.cablecast.tv/internetchannel/show/10407?site=1&seekto=339
0:05:46.44,0:05:54.40,346.44,354.40,Mary Woodman,School district clerk and recording secretary,Okay. Roll call.  Marjorie Erickson. Yes. Robert McDevitt.,Speaker 1,https://reflect-claremont.cablecast.tv/internetchannel/show/10407?site=1&seekto=346
0:05:54.48,0:05:59.34,354.48,359.34,Mary Woodman,School district clerk and recording secretary,Prudence McCormack. No.,Speaker 1,https://reflect-claremont.cablecast.tv/internetchannel/show/10407?site=1&seekto=354
0:05:59.42,0:06:18.12,359.42,378.12,Mary Woodman,School district clerk and recording secretary,"Shannon. Hope. Yeah. Gary. Vader. Yes.  Vader. Vader, baby. Okay. Thank you. Frank Sprague. Yes. Rebecca. No. No. Jason. Bennion.",Speaker 1,https://reflect-claremont.cablecast.tv/internetchannel/show/10407?site=1&seekto=359
0:06:18.20,0:06:19.52,378.20,379.52,Jason Benware,Claremont School Board member,Yes.,Speaker 3,https://reflect-claremont.cablecast.tv/internetchannel/show/10407?site=1&seekto=378
0:06:19.60,0:06:20.80,379.60,380.80,Mary Woodman,School district clerk and recording secretary,Rob. Lovett. Junior.,Speaker 1,https://reflect-claremont.cablecast.tv/internetchannel/show/10407?site=1&seekto=379
0:06:20.88,0:06:21.80,380.88,381.80,Rob Lovett Jr.,Claremont School Board member,Yes.,Speaker 4,https://reflect-claremont.cablecast.tv/internetchannel/show/10407?site=1&seekto=380
0:06:21.88,0:06:31.26,381.88,391.26,Mary Woodman,School district clerk and recording secretary,Michael. Patron. Yes. Heather. Whitney. Yes. And Carolyn. Tall. Yes.,Speaker 1,https://reflect-claremont.cablecast.tv/internetchannel/show/10407?site=1&seekto=381
0:06:31.34,0:06:40.98,391.34,400.98,Michael Petrin,SAU 6 Board Chair,Yes. On the agenda is the discussion and action to give the  superintendent permission to hire over the summer. So?,Speaker 2,https://reflect-claremont.cablecast.tv/internetchannel/show/10407?site=1&seekto=391
0:06:41.06,0:06:44.22,401.06,404.22,Cory LeClair,"Acting Superintendent, SAU 6",So this is something that's typically done every summer.,Speaker 5,https://reflect-claremont.cablecast.tv/internetchannel/show/10407?site=1&seekto=401
0:06:44.26,0:07:11.16,404.26,431.16,Cory LeClair,"Acting Superintendent, SAU 6","Be me. It will be. Mr.. So when he's on board.  But it just allows, with the absence of regular, regularly scheduled board meetings throughout the course of the summer and so that he can  hire,  the vacant positions at the Saw level. It gives him permission to do so. And then those positions would be presented to the board afterward.",Speaker 5,https://reflect-claremont.cablecast.tv/internetchannel/show/10407?site=1&seekto=404
0:07:11.24,0:07:11.76,431.24,431.76,Jason Benware,Claremont School Board member,I move.,Speaker 3,https://reflect-claremont.cablecast.tv/internetchannel/show/10407?site=1&seekto=431
0:07:11.76,0:07:11.92,431.76,431.92,Michael Petrin,SAU 6 Board Chair,That.,Speaker 2,https://reflect-claremont.cablecast.tv/internetchannel/show/10407?site=1&seekto=431
0:07:11.92,0:07:15.26,431.92,435.26,Jason Benware,Claremont School Board member,We give the superintendent summer permission to employ.,Speaker 6,https://reflect-claremont.cablecast.tv/internetchannel/show/10407?site=1&seekto=431
0:07:15.34,0:07:20.84,435.34,440.84,Unidentified,"Unidentified - catch-all cluster mixing roll-call responses, the clerk's roll call and several board members; attributable segments reassigned per segment",All second.,Speaker 1,https://reflect-claremont.cablecast.tv/internetchannel/show/10407?site=1&seekto=435
0:07:20.92,0:07:41.60,440.92,461.60,Rebecca Zullo,Claremont School Board Vice Chair,"I think that's a great idea. But before he hires an assistant superintendent or whatever his plan is going to be, I think that we need to have a board discussion in regard to whether or not we're going to fill that position, or what our thoughts are  on filling that position, and I don't know. I know in the email that he sent out, he had two positions listed and not the assistant superintendent position listed.",Speaker 7,https://reflect-claremont.cablecast.tv/internetchannel/show/10407?site=1&seekto=440
0:07:41.72,0:07:50.28,461.72,470.28,Rebecca Zullo,Claremont School Board Vice Chair,"So I'm not sure if he's I'm not sure what his thinking is around that, but I would really like to have a board discussion before we get permission for hiring an assistant superintendent.",Speaker 7,https://reflect-claremont.cablecast.tv/internetchannel/show/10407?site=1&seekto=461
0:07:50.32,0:07:53.56,470.32,473.56,Jason Benware,Claremont School Board member,That's a good point.,Speaker 6,https://reflect-claremont.cablecast.tv/internetchannel/show/10407?site=1&seekto=470
0:07:53.64,0:07:54.08,473.64,474.08,Michael Petrin,SAU 6 Board Chair,Heather.,Speaker 2,https://reflect-claremont.cablecast.tv/internetchannel/show/10407?site=1&seekto=473
0:07:54.12,0:07:59.84,474.12,479.84,Heather Whitney,Claremont School Board member,Does this give him free salary negotiation authority as well?,Speaker 1,https://reflect-claremont.cablecast.tv/internetchannel/show/10407?site=1&seekto=474
0:07:59.92,0:08:15.20,479.92,495.20,Cory LeClair,"Acting Superintendent, SAU 6",The board wouldn't have authority over that anyway. Okay. And he would have to construct salaries within the budget that the board approved last fall.,Speaker 5,https://reflect-claremont.cablecast.tv/internetchannel/show/10407?site=1&seekto=479
0:08:15.28,0:08:23.68,495.28,503.68,Jason Benware,Claremont School Board member,So I guess there's a fair number of positions that he's going to be hiring for throughout the summer.,Speaker 6,https://reflect-claremont.cablecast.tv/internetchannel/show/10407?site=1&seekto=495
0:08:23.76,0:08:25.52,503.76,505.52,Cory LeClair,"Acting Superintendent, SAU 6",We're only speaking of the right now.,Speaker 5,https://reflect-claremont.cablecast.tv/internetchannel/show/10407?site=1&seekto=503
0:08:25.57,0:08:27.36,505.57,507.36,Jason Benware,Claremont School Board member,Okay. Okay.,Speaker 6,https://reflect-claremont.cablecast.tv/internetchannel/show/10407?site=1&seekto=505
0:08:27.44,0:08:50.00,507.44,530.00,Cory LeClair,"Acting Superintendent, SAU 6","Just,  we'll have, you know, you'll have the same discussion in unity on the 11th. You'll have the same discussion in Claremont on the 19th. Right now you're only speaking about the saw. So as I know  as it stands today, that would be the director of business and finance, the assistant director of business and finance, HR director and the assistant superintendent are the three vacant or open positions to fill.",Speaker 5,https://reflect-claremont.cablecast.tv/internetchannel/show/10407?site=1&seekto=507
0:08:50.08,0:08:50.64,530.08,530.64,Jason Benware,Claremont School Board member,My motion.,Speaker 6,https://reflect-claremont.cablecast.tv/internetchannel/show/10407?site=1&seekto=530
0:08:50.68,0:09:01.76,530.68,541.76,Rebecca Zullo,Claremont School Board Vice Chair,"I'm okay with the HR. Me personally, I'm okay with the HR and the business, but I would like to have a board discussion prior to,  the hiring of an assistant superintendent.",Speaker 7,https://reflect-claremont.cablecast.tv/internetchannel/show/10407?site=1&seekto=530
0:09:01.84,0:09:02.28,541.84,542.28,Jason Benware,Claremont School Board member,"Well, if it's.",Speaker 6,https://reflect-claremont.cablecast.tv/internetchannel/show/10407?site=1&seekto=541
0:09:02.28,0:09:12.76,542.28,552.76,Unidentified,"Unidentified - catch-all cluster mixing roll-call responses, the clerk's roll call and several board members; attributable segments reassigned per segment","A that's I mean, I, I agree that it would be nice to be part something with superintendent.",Speaker 1,https://reflect-claremont.cablecast.tv/internetchannel/show/10407?site=1&seekto=542
0:09:12.92,0:09:15.04,552.92,555.04,Unidentified,"Unidentified - catch-all cluster mixing roll-call responses, the clerk's roll call and several board members; attributable segments reassigned per segment","Well, the board have to decide.",Speaker 1,https://reflect-claremont.cablecast.tv/internetchannel/show/10407?site=1&seekto=552
0:09:15.12,0:09:26.56,555.12,566.56,Rebecca Zullo,Claremont School Board Vice Chair,Middleton and the board instructed that there be an assistant superintendent. That's how Corey got her position. And I would like to have a conversation about whether or not we would like to continue to fill that position or not fill it.,Speaker 7,https://reflect-claremont.cablecast.tv/internetchannel/show/10407?site=1&seekto=555
0:09:26.65,0:09:27.28,566.65,567.28,Unidentified,"Unidentified - catch-all cluster mixing roll-call responses, the clerk's roll call and several board members; attributable segments reassigned per segment",And yeah.,Speaker 1,https://reflect-claremont.cablecast.tv/internetchannel/show/10407?site=1&seekto=566
0:09:27.32,0:09:27.60,567.32,567.60,Cory LeClair,"Acting Superintendent, SAU 6",I.,Speaker 5,https://reflect-claremont.cablecast.tv/internetchannel/show/10407?site=1&seekto=567
0:09:27.62,0:09:32.20,567.62,572.20,Unidentified,"Unidentified - board member, two short remarks [82],[96]","I agree, I just think Mike needs to weigh in on that.",Speaker 8,https://reflect-claremont.cablecast.tv/internetchannel/show/10407?site=1&seekto=567
0:09:32.40,0:09:33.40,572.40,573.40,Unidentified,"Unidentified - catch-all cluster mixing roll-call responses, the clerk's roll call and several board members; attributable segments reassigned per segment",I think so too.,Speaker 1,https://reflect-claremont.cablecast.tv/internetchannel/show/10407?site=1&seekto=572
0:09:33.56,0:09:34.04,573.56,574.04,Rebecca Zullo,Claremont School Board Vice Chair,That's why it.,Speaker 7,https://reflect-claremont.cablecast.tv/internetchannel/show/10407?site=1&seekto=573
0:09:34.04,0:09:34.40,574.04,574.40,Unidentified,"Unidentified - catch-all cluster mixing roll-call responses, the clerk's roll call and several board members; attributable segments reassigned per segment",Should be a.,Speaker 1,https://reflect-claremont.cablecast.tv/internetchannel/show/10407?site=1&seekto=574
0:09:34.40,0:09:40.86,574.40,580.86,Rebecca Zullo,Claremont School Board Vice Chair,Board discussion here.,Speaker 7,https://reflect-claremont.cablecast.tv/internetchannel/show/10407?site=1&seekto=574
0:09:41.00,0:09:42.56,581.00,582.56,Jason Benware,Claremont School Board member,So I'm retracting my motion.,Speaker 6,https://reflect-claremont.cablecast.tv/internetchannel/show/10407?site=1&seekto=581
0:09:42.68,0:09:43.24,582.68,583.24,Michael Petrin,SAU 6 Board Chair,So are you.,Speaker 2,https://reflect-claremont.cablecast.tv/internetchannel/show/10407?site=1&seekto=582
0:09:43.28,0:09:45.04,583.28,585.04,Frank Sprague,Claremont School Board Chair; SAU 6 Board member,Asking that way that we.,Speaker 9,https://reflect-claremont.cablecast.tv/internetchannel/show/10407?site=1&seekto=583
0:09:45.24,0:09:46.48,585.24,586.48,Unidentified,"Unidentified - catch-all cluster mixing roll-call responses, the clerk's roll call and several board members; attributable segments reassigned per segment",I'm asking that we put.,Speaker 1,https://reflect-claremont.cablecast.tv/internetchannel/show/10407?site=1&seekto=585
0:09:46.48,0:09:55.32,586.48,595.32,Rebecca Zullo,Claremont School Board Vice Chair,"It on the agenda, that we discuss whether or not we will be hiring another assistant superintendent and make that decision as a board, because that's kind of a big deal.",Speaker 7,https://reflect-claremont.cablecast.tv/internetchannel/show/10407?site=1&seekto=586
0:09:55.44,0:09:56.12,595.44,596.12,Unidentified,"Unidentified - pledge, ayes and roll-call responses from several members; attributable responses reassigned",I was.,Speaker 3,https://reflect-claremont.cablecast.tv/internetchannel/show/10407?site=1&seekto=595
0:09:56.20,0:09:56.68,596.20,596.68,Unidentified,"Unidentified - catch-all cluster mixing roll-call responses, the clerk's roll call and several board members; attributable segments reassigned per segment",Really you're.,Speaker 1,https://reflect-claremont.cablecast.tv/internetchannel/show/10407?site=1&seekto=596
0:09:56.68,0:10:02.16,596.68,602.16,Unidentified,Unidentified - mix; includes a member who says 'I was on the board and that wasn't the case' [128] and Unity roll-call responses,Restricting the only restriction you have about  allowing the employment is the superintendent position.,Speaker 10,https://reflect-claremont.cablecast.tv/internetchannel/show/10407?site=1&seekto=596
0:10:02.28,0:10:04.92,602.28,604.92,Unidentified,"Unidentified - catch-all cluster mixing roll-call responses, the clerk's roll call and several board members; attributable segments reassigned per segment","As assistant. Yes, yes.",Speaker 1,https://reflect-claremont.cablecast.tv/internetchannel/show/10407?site=1&seekto=602
0:10:05.00,0:10:07.48,605.00,607.48,Unidentified,"Unidentified - board member, two short remarks [82],[96]",So has that been advertised?,Speaker 8,https://reflect-claremont.cablecast.tv/internetchannel/show/10407?site=1&seekto=605
0:10:07.56,0:10:21.08,607.56,621.08,Cory LeClair,"Acting Superintendent, SAU 6","It is advertised based on this board's last discussion. Related that because I brought that up as a question at the last meeting and asked if the board wanted to move forward with all three positions or not, and at that time, the will of the board was, yes, move forward with.",Speaker 5,https://reflect-claremont.cablecast.tv/internetchannel/show/10407?site=1&seekto=607
0:10:21.08,0:10:28.20,621.08,628.20,Rebecca Zullo,Claremont School Board Vice Chair,Posting that he wanted to see the the candidate pool. It wasn't so much that we  talked about whether or not we would be hiring. He said that.,Speaker 7,https://reflect-claremont.cablecast.tv/internetchannel/show/10407?site=1&seekto=621
0:10:28.24,0:10:30.76,628.24,630.76,Cory LeClair,"Acting Superintendent, SAU 6",I said the board said to move forward with posting.,Speaker 5,https://reflect-claremont.cablecast.tv/internetchannel/show/10407?site=1&seekto=628
0:10:30.76,0:10:32.28,630.76,632.28,Rebecca Zullo,Claremont School Board Vice Chair,Them the postings. Yes.,Speaker 7,https://reflect-claremont.cablecast.tv/internetchannel/show/10407?site=1&seekto=630
0:10:32.40,0:10:33.04,632.40,633.04,Unidentified,"Unidentified - catch-all cluster mixing roll-call responses, the clerk's roll call and several board members; attributable segments reassigned per segment",I.,Speaker 1,https://reflect-claremont.cablecast.tv/internetchannel/show/10407?site=1&seekto=632
0:10:33.12,0:10:36.84,633.12,636.84,Cory LeClair,"Acting Superintendent, SAU 6",Did at the direction of the board. What happens after that?,Speaker 5,https://reflect-claremont.cablecast.tv/internetchannel/show/10407?site=1&seekto=633
0:10:36.92,0:10:38.76,636.92,638.76,Unidentified,"Unidentified - catch-all cluster mixing roll-call responses, the clerk's roll call and several board members; attributable segments reassigned per segment",Right.,Speaker 1,https://reflect-claremont.cablecast.tv/internetchannel/show/10407?site=1&seekto=636
0:10:38.84,0:10:50.68,638.84,650.68,Rebecca Zullo,Claremont School Board Vice Chair,"So I would make a motion that we would allow Mike to do the hiring as needed throughout the summer, with the exception of the assistant superintendent position, until the board has a conversation around that.",Speaker 7,https://reflect-claremont.cablecast.tv/internetchannel/show/10407?site=1&seekto=638
0:10:50.76,0:10:55.52,650.76,655.52,Unidentified,"Unidentified - catch-all cluster mixing roll-call responses, the clerk's roll call and several board members; attributable segments reassigned per segment",Can I ask why do you think it's the board's decision and not the superintendents decision to hire.,Speaker 1,https://reflect-claremont.cablecast.tv/internetchannel/show/10407?site=1&seekto=650
0:10:55.68,0:11:00.16,655.68,660.16,Rebecca Zullo,Claremont School Board Vice Chair,The board to have a conversation with the incoming superintendent around that?,Speaker 7,https://reflect-claremont.cablecast.tv/internetchannel/show/10407?site=1&seekto=655
0:11:00.20,0:11:07.76,660.20,667.76,Unidentified,"Unidentified - catch-all cluster mixing roll-call responses, the clerk's roll call and several board members; attributable segments reassigned per segment","No, no, no, I but I understand that. But why is it I feel like that's micromanaging the superintendent.",Speaker 1,https://reflect-claremont.cablecast.tv/internetchannel/show/10407?site=1&seekto=660
0:11:07.80,0:11:16.72,667.80,676.72,Rebecca Zullo,Claremont School Board Vice Chair,I feel like the board in the superintendent made that decision whether to hire an assistant superintendent last time.,Speaker 7,https://reflect-claremont.cablecast.tv/internetchannel/show/10407?site=1&seekto=667
0:11:16.80,0:11:22.44,676.80,682.44,Rebecca Zullo,Claremont School Board Vice Chair,"It was, it was driven by the board. The board determined that they wanted to have an assistant superintendent.",Speaker 7,https://reflect-claremont.cablecast.tv/internetchannel/show/10407?site=1&seekto=676
0:11:22.52,0:11:24.68,682.52,684.68,Michael Petrin,SAU 6 Board Chair,"Jason and Rob, can  I.",Speaker 2,https://reflect-claremont.cablecast.tv/internetchannel/show/10407?site=1&seekto=682
0:11:24.68,0:11:27.69,684.68,687.69,Frank Sprague,Claremont School Board Chair; SAU 6 Board member,Second her motion? I'll second her motion and then we can get into.,Speaker 9,https://reflect-claremont.cablecast.tv/internetchannel/show/10407?site=1&seekto=684
0:11:27.69,0:11:31.48,687.69,691.48,Michael Petrin,SAU 6 Board Chair,The discussion. So I have a second. Further discussion. You start with Jason.,Speaker 2,https://reflect-claremont.cablecast.tv/internetchannel/show/10407?site=1&seekto=687
0:11:31.52,0:11:51.40,691.52,711.40,Jason Benware,Claremont School Board member,"So so as I understand it, even though we we may agree philosophically on what we want to look at for the structure of an saw. The fact is, is that when we look at what our job is as a, as a school board, our job is to oversee the superintendent, to write policies and to make a budget.",Speaker 6,https://reflect-claremont.cablecast.tv/internetchannel/show/10407?site=1&seekto=691
0:11:51.48,0:12:09.00,711.48,729.00,Jason Benware,Claremont School Board member,"Our job is not to hire personnel or to, I don't think, make decisions about hiring personnel, even though it would be nice if the decisions that were made by our superintendent sort of went along with what our philosophies were. But so I don't think we can really direct that. Rebecca.",Speaker 6,https://reflect-claremont.cablecast.tv/internetchannel/show/10407?site=1&seekto=711
0:12:09.04,0:12:32.96,729.04,752.96,Rebecca Zullo,Claremont School Board Vice Chair,"I don't think we can direct it, but I think we can have a conversation around it and share our thinking. I think he's going to make the decision ultimately, but I would also hope that he would be willing to listen to board members thoughts on that. I mean, the previous superintendent did. That's how we got an assistant superintendent.",Speaker 7,https://reflect-claremont.cablecast.tv/internetchannel/show/10407?site=1&seekto=729
0:12:33.04,0:12:36.93,753.04,756.93,Michael Petrin,SAU 6 Board Chair,Rob.,Speaker 2,https://reflect-claremont.cablecast.tv/internetchannel/show/10407?site=1&seekto=753
0:12:37.01,0:13:01.00,757.01,781.00,Rob Lovett Jr.,Claremont School Board member,"I think that we put our faith in Mike Tempesta to make the decisions on behalf of the board as far as hiring. It's just a gross overstep  of our authority to then think that we can have.  I absolutely agree we should have a conversation with him in that direction, but I don't think that we should stop him from hiring someone as he sees fit, right?",Speaker 4,https://reflect-claremont.cablecast.tv/internetchannel/show/10407?site=1&seekto=757
0:13:01.08,0:13:03.99,781.08,783.99,Rebecca Zullo,Claremont School Board Vice Chair,"Or make him, which is what happened in the past.",Speaker 7,https://reflect-claremont.cablecast.tv/internetchannel/show/10407?site=1&seekto=781
0:13:04.07,0:13:06.04,784.07,786.04,Unidentified,"Unidentified - catch-all cluster mixing roll-call responses, the clerk's roll call and several board members; attributable segments reassigned per segment",Okay.,Speaker 1,https://reflect-claremont.cablecast.tv/internetchannel/show/10407?site=1&seekto=784
0:13:06.12,0:13:45.06,786.12,825.06,Unidentified,"Unidentified - board member who cites Tempesta's entry plan [120],[279]; possibly Carolyn Towle (uncertain - no recognition cue)","I don't know if you've all had a chance to read the 12 page entry plan that Mr. Tempesta sent out today, but the employee structure and meeting with all the school board individually is the chance for anybody to represent a little bit of their theories,  in my opinion.  And I think  I would agree with Jason and Rob at this point that, we would be in gross era to oversee that hiring.",Speaker 11,https://reflect-claremont.cablecast.tv/internetchannel/show/10407?site=1&seekto=786
0:13:45.14,0:13:47.10,825.14,827.10,Unidentified,"Unidentified - catch-all cluster mixing roll-call responses, the clerk's roll call and several board members; attributable segments reassigned per segment",Or you want input on the candidate.,Speaker 1,https://reflect-claremont.cablecast.tv/internetchannel/show/10407?site=1&seekto=825
0:13:47.30,0:14:05.62,827.30,845.62,Rebecca Zullo,Claremont School Board Vice Chair,"I'm suggesting that there should be a conversation around whether we eliminate the position or not. That has been a very hot topic in the community. I think they deserve to hear our conversation around that as school board members and where we stand on that. And I think ultimately, it's obviously Mike's decision whether or not he hires an assistant superintendent or not.",Speaker 7,https://reflect-claremont.cablecast.tv/internetchannel/show/10407?site=1&seekto=827
0:14:05.62,0:14:10.52,845.62,850.52,Rebecca Zullo,Claremont School Board Vice Chair,But that's that's an important conversation that should be had on camera.,Speaker 7,https://reflect-claremont.cablecast.tv/internetchannel/show/10407?site=1&seekto=845
0:14:10.60,0:14:18.90,850.60,858.90,Unidentified,"Unidentified - catch-all cluster mixing roll-call responses, the clerk's roll call and several board members; attributable segments reassigned per segment",Why? What was the decision of the need for the assistant superintendent? Why did the board decide that there was the need for an assistant superintendent.,Speaker 1,https://reflect-claremont.cablecast.tv/internetchannel/show/10407?site=1&seekto=850
0:14:18.94,0:14:20.54,858.94,860.54,Rebecca Zullo,Claremont School Board Vice Chair,That had been before I was on.,Speaker 7,https://reflect-claremont.cablecast.tv/internetchannel/show/10407?site=1&seekto=858
0:14:20.58,0:14:26.26,860.58,866.26,Unidentified,Unidentified - mix; includes a member who says 'I was on the board and that wasn't the case' [128] and Unity roll-call responses,"There was not he that was Middleton's decision, right? So there had nothing to do? No, it was not directed by the.",Speaker 10,https://reflect-claremont.cablecast.tv/internetchannel/show/10407?site=1&seekto=860
0:14:26.34,0:14:27.34,866.34,867.34,Rebecca Zullo,Claremont School Board Vice Chair,That's what I was told.,Speaker 7,https://reflect-claremont.cablecast.tv/internetchannel/show/10407?site=1&seekto=866
0:14:27.47,0:14:30.66,867.47,870.66,Unidentified,Unidentified - mix; includes a member who says 'I was on the board and that wasn't the case' [128] and Unity roll-call responses,"Well, I'm telling you, I was on the board and that wasn't the case.",Speaker 10,https://reflect-claremont.cablecast.tv/internetchannel/show/10407?site=1&seekto=867
0:14:30.74,0:14:37.24,870.74,877.24,Unidentified,"Unidentified - catch-all cluster mixing roll-call responses, the clerk's roll call and several board members; attributable segments reassigned per segment",I was under the same understanding that it was number.,Speaker 1,https://reflect-claremont.cablecast.tv/internetchannel/show/10407?site=1&seekto=870
0:14:37.28,0:14:58.52,877.28,898.52,Cory LeClair,"Acting Superintendent, SAU 6","Two, because the role and function of my job did not change. Just the title changed. So I don't know if that was at the direction of perhaps the board chair at the time, individually, outside of the board or the full board. I wasn't in attendance at those meetings, but my understanding was the same as Becky's on that.",Speaker 5,https://reflect-claremont.cablecast.tv/internetchannel/show/10407?site=1&seekto=877
0:14:58.60,0:15:19.04,898.60,919.04,Unidentified,"Unidentified - catch-all cluster mixing roll-call responses, the clerk's roll call and several board members; attributable segments reassigned per segment","So there wasn't actually a position created that was, you assumed, a different title essentially, which is a different position. It's a position, but it wasn't a budget, an increase of budget.  Oh, no, that's what I'm saying. It was a budget neutral move. It was just an authoritarian. It was a kind of like it gave her more authority versus.",Speaker 1,https://reflect-claremont.cablecast.tv/internetchannel/show/10407?site=1&seekto=898
0:15:19.04,0:15:49.32,919.04,949.32,Cory LeClair,"Acting Superintendent, SAU 6","A year. A a year period of time when there was a vacant position  and then there was a restructure.  So  my responsibilities remained the same. And then the,  curriculum specialist coordinator, curriculum coordinator position was created, but the  total bottom budget number,  I believe I would have to go back to confirm, but I believe the budget was neutral.",Speaker 5,https://reflect-claremont.cablecast.tv/internetchannel/show/10407?site=1&seekto=919
0:15:49.56,0:15:53.60,949.56,953.60,Cory LeClair,"Acting Superintendent, SAU 6",It was done within the budget constraints.,Speaker 5,https://reflect-claremont.cablecast.tv/internetchannel/show/10407?site=1&seekto=949
0:15:53.68,0:15:54.56,953.68,954.56,Unidentified,"Unidentified - catch-all cluster mixing roll-call responses, the clerk's roll call and several board members; attributable segments reassigned per segment",Okay.,Speaker 1,https://reflect-claremont.cablecast.tv/internetchannel/show/10407?site=1&seekto=953
0:15:54.64,0:16:32.44,954.64,992.44,Frank Sprague,Claremont School Board Chair; SAU 6 Board member,"One of the things I've I've  talked about, having come to the Claremont School District and working here in 2006, is a phrase that I've used called creep, and I've seen the essay you grow in that period of time, and part of that was Middleton. Middleton was not  not a hands on type of superintendent. So I think he built up layers  around himself to  allow him to be, probably less active in curriculum, less active in things that he was not hands on in the traditional sense from my perspective.",Speaker 9,https://reflect-claremont.cablecast.tv/internetchannel/show/10407?site=1&seekto=954
0:16:32.52,0:17:00.88,992.52,1020.88,Frank Sprague,Claremont School Board Chair; SAU 6 Board member,"And so I think that there were positions created to preserve that for him.  And my name for it is is creep because Corey's position, you were the school improvement person, then you became the assistant superintendent.  Now there are additional curriculum people that didn't exist before. So there are all these layers that were built up.  And, I just think that it's something that I agree with Rebecca,  and I'm a little bit torn.",Speaker 9,https://reflect-claremont.cablecast.tv/internetchannel/show/10407?site=1&seekto=992
0:17:00.96,0:17:31.24,1020.96,1051.24,Frank Sprague,Claremont School Board Chair; SAU 6 Board member,"My my main, what I'm really worried about is I don't want to hire somebody for a year and then make a decision that, okay, we've decided after a year we don't need you anymore. So that's that's a that's something I'm concerned about because I'm not I'm with Rebecca, I am not I think we're top heavy. I do.",Speaker 9,https://reflect-claremont.cablecast.tv/internetchannel/show/10407?site=1&seekto=1020
0:17:31.32,0:17:32.96,1051.32,1052.96,Unidentified,"Unidentified - catch-all cluster mixing roll-call responses, the clerk's roll call and several board members; attributable segments reassigned per segment",Hired Mike Tempesta for.,Speaker 1,https://reflect-claremont.cablecast.tv/internetchannel/show/10407?site=1&seekto=1051
0:17:32.96,0:17:34.00,1052.96,1054.00,Unidentified,"Unidentified - board member who cites Tempesta's entry plan [120],[279]; possibly Carolyn Towle (uncertain - no recognition cue)",His experience.,Speaker 11,https://reflect-claremont.cablecast.tv/internetchannel/show/10407?site=1&seekto=1052
0:17:34.00,0:17:37.12,1054.00,1057.12,Unidentified,"Unidentified - catch-all cluster mixing roll-call responses, the clerk's roll call and several board members; attributable segments reassigned per segment",In running a.,Speaker 1,https://reflect-claremont.cablecast.tv/internetchannel/show/10407?site=1&seekto=1054
0:17:37.12,0:17:38.92,1057.12,1058.92,Unidentified,"Unidentified - board member who cites Tempesta's entry plan [120],[279]; possibly Carolyn Towle (uncertain - no recognition cue)",School district. And I think.,Speaker 11,https://reflect-claremont.cablecast.tv/internetchannel/show/10407?site=1&seekto=1057
0:17:38.92,0:17:39.04,1058.92,1059.04,Unidentified,"Unidentified - catch-all cluster mixing roll-call responses, the clerk's roll call and several board members; attributable segments reassigned per segment",We.,Speaker 1,https://reflect-claremont.cablecast.tv/internetchannel/show/10407?site=1&seekto=1058
0:17:39.08,0:17:39.32,1059.08,1059.32,Unidentified,"Unidentified - board member who cites Tempesta's entry plan [120],[279]; possibly Carolyn Towle (uncertain - no recognition cue)",Have.,Speaker 11,https://reflect-claremont.cablecast.tv/internetchannel/show/10407?site=1&seekto=1059
0:17:39.32,0:18:02.08,1059.32,1082.08,Unidentified,"Unidentified - catch-all cluster mixing roll-call responses, the clerk's roll call and several board members; attributable segments reassigned per segment","To trust that the process that was used to hire him got the right guy. And we will certainly have input. I mean, gosh knows where he's going to be interviewing everybody and we will talk to him. I don't want to tell him he can't hire if he does all of his work and decides that that's something that's needed.",Speaker 1,https://reflect-claremont.cablecast.tv/internetchannel/show/10407?site=1&seekto=1059
0:18:02.16,0:18:04.60,1082.16,1084.60,Michael Petrin,SAU 6 Board Chair,Jason. Then Rob and Heather.,Speaker 2,https://reflect-claremont.cablecast.tv/internetchannel/show/10407?site=1&seekto=1082
0:18:04.68,0:18:20.96,1084.68,1100.96,Jason Benware,Claremont School Board member,"I'm in full agreement with you, Frank, as far as how I feel about things. However, I just want to be very cautious about overstepping our bounds.  I mean, we have a very specific set of guidelines of how we're supposed to operate. And even though.",Speaker 6,https://reflect-claremont.cablecast.tv/internetchannel/show/10407?site=1&seekto=1084
0:18:21.04,0:18:31.84,1101.04,1111.84,Jason Benware,Claremont School Board member,"I feel it should be a certain way, also feel like we should do, you know, we should operate within our, our boundaries.  So, I think that's important.",Speaker 6,https://reflect-claremont.cablecast.tv/internetchannel/show/10407?site=1&seekto=1101
0:18:31.92,0:18:35.08,1111.92,1115.08,Unidentified,"Unidentified - pledge, ayes and roll-call responses from several members; attributable responses reassigned",I don't want to speak.,Speaker 3,https://reflect-claremont.cablecast.tv/internetchannel/show/10407?site=1&seekto=1111
0:18:35.16,0:19:03.56,1115.16,1143.56,Heather Whitney,Claremont School Board member,"My only other question to you is, without the redundancy, the administrative redundancy built into the system. What would have happened? Or who would have been qualified to step into the position that, I mean, Cory was able to pretty much seamlessly step into the position when the decision was made to excuse the current superintendent. So how does that mean some level of redundancy?",Speaker 1,https://reflect-claremont.cablecast.tv/internetchannel/show/10407?site=1&seekto=1115
0:19:03.56,0:19:06.56,1143.56,1146.56,Heather Whitney,Claremont School Board member,Makes sense to me.,Speaker 1,https://reflect-claremont.cablecast.tv/internetchannel/show/10407?site=1&seekto=1143
0:19:06.64,0:19:07.44,1146.64,1147.44,Unidentified,"Unidentified - pledge, ayes and roll-call responses from several members; attributable responses reassigned",Going back to when I.,Speaker 3,https://reflect-claremont.cablecast.tv/internetchannel/show/10407?site=1&seekto=1146
0:19:07.44,0:19:19.24,1147.44,1159.24,Frank Sprague,Claremont School Board Chair; SAU 6 Board member,"Started and and six the the Bay was the assistant superintendent. And so when the superintendent was out, the business administrator served in that assistant superintendent role.",Speaker 9,https://reflect-claremont.cablecast.tv/internetchannel/show/10407?site=1&seekto=1147
0:19:19.32,0:19:23.12,1159.32,1163.12,Heather Whitney,Claremont School Board member,He would have no education or curriculum experience or.,Speaker 1,https://reflect-claremont.cablecast.tv/internetchannel/show/10407?site=1&seekto=1159
0:19:23.20,0:19:23.88,1163.20,1163.88,Frank Sprague,Claremont School Board Chair; SAU 6 Board member,Depends on who.,Speaker 9,https://reflect-claremont.cablecast.tv/internetchannel/show/10407?site=1&seekto=1163
0:19:23.92,0:19:26.80,1163.92,1166.80,Heather Whitney,Claremont School Board member,The who it is is.,Speaker 1,https://reflect-claremont.cablecast.tv/internetchannel/show/10407?site=1&seekto=1163
0:19:26.88,0:19:44.52,1166.88,1184.52,Rebecca Zullo,Claremont School Board Vice Chair,"But we do have,  curriculum people now, amazing ones as well. I think we have a lot of pieces now that we didn't have before. And well, we did have summit before, but now we have even more. So I  have no.",Speaker 7,https://reflect-claremont.cablecast.tv/internetchannel/show/10407?site=1&seekto=1166
0:19:44.60,0:19:45.64,1184.60,1185.64,Unidentified,"Unidentified - pledge, ayes and roll-call responses from several members; attributable responses reassigned",So we still have.,Speaker 3,https://reflect-claremont.cablecast.tv/internetchannel/show/10407?site=1&seekto=1184
0:19:45.72,0:19:48.68,1185.72,1188.68,Michael Petrin,SAU 6 Board Chair,Motion on the floor with Frank's second.,Speaker 2,https://reflect-claremont.cablecast.tv/internetchannel/show/10407?site=1&seekto=1185
0:19:48.76,0:19:50.88,1188.76,1190.88,Jason Benware,Claremont School Board member,Can you remind me what the motion was?,Speaker 6,https://reflect-claremont.cablecast.tv/internetchannel/show/10407?site=1&seekto=1188
0:19:50.96,0:19:58.12,1190.96,1198.12,Rebecca Zullo,Claremont School Board Vice Chair,"Oh, for permission to hire over the summer, but have a board conversation around the assistant superintendent position.",Speaker 7,https://reflect-claremont.cablecast.tv/internetchannel/show/10407?site=1&seekto=1190
0:19:58.20,0:19:58.64,1198.20,1198.64,Unidentified,"Unidentified - pledge, ayes and roll-call responses from several members; attributable responses reassigned",So the.,Speaker 3,https://reflect-claremont.cablecast.tv/internetchannel/show/10407?site=1&seekto=1198
0:19:58.68,0:20:01.12,1198.68,1201.12,Frank Sprague,Claremont School Board Chair; SAU 6 Board member,"BA, the assistant be a.",Speaker 9,https://reflect-claremont.cablecast.tv/internetchannel/show/10407?site=1&seekto=1198
0:20:01.20,0:20:07.72,1201.20,1207.72,Rebecca Zullo,Claremont School Board Vice Chair,"Yes, because you can operate with. You can't really operate without those.",Speaker 7,https://reflect-claremont.cablecast.tv/internetchannel/show/10407?site=1&seekto=1201
0:20:07.80,0:20:11.68,1207.80,1211.68,Michael Petrin,SAU 6 Board Chair,Okay. What do we vote on?,Speaker 2,https://reflect-claremont.cablecast.tv/internetchannel/show/10407?site=1&seekto=1207
0:20:11.76,0:20:12.88,1211.76,1212.88,Unidentified,Unidentified - mix; includes a member who says 'I was on the board and that wasn't the case' [128] and Unity roll-call responses,I move the question.,Speaker 10,https://reflect-claremont.cablecast.tv/internetchannel/show/10407?site=1&seekto=1211
0:20:13.08,0:20:20.96,1213.08,1220.96,Michael Petrin,SAU 6 Board Chair,"Any further discussion? All right. You just need a voice vote, right? All in favor?",Speaker 2,https://reflect-claremont.cablecast.tv/internetchannel/show/10407?site=1&seekto=1213
0:20:21.04,0:20:23.60,1221.04,1223.60,Unidentified,"Unidentified - pledge, ayes and roll-call responses from several members; attributable responses reassigned","Aye, aye.",Speaker 3,https://reflect-claremont.cablecast.tv/internetchannel/show/10407?site=1&seekto=1221
0:20:23.68,0:20:25.00,1223.68,1225.00,Michael Petrin,SAU 6 Board Chair,Opposed?,Speaker 2,https://reflect-claremont.cablecast.tv/internetchannel/show/10407?site=1&seekto=1223
0:20:25.08,0:20:29.24,1225.08,1229.24,Unidentified,Unidentified - mix; includes a member who says 'I was on the board and that wasn't the case' [128] and Unity roll-call responses,Nay.,Speaker 10,https://reflect-claremont.cablecast.tv/internetchannel/show/10407?site=1&seekto=1225
0:20:29.32,0:20:31.56,1229.32,1231.56,Michael Petrin,SAU 6 Board Chair,"I'm not sure if you caught that, Mary.",Speaker 2,https://reflect-claremont.cablecast.tv/internetchannel/show/10407?site=1&seekto=1229
0:20:31.64,0:20:35.56,1231.64,1235.56,Unidentified,Unidentified - mix; includes a member who says 'I was on the board and that wasn't the case' [128] and Unity roll-call responses,That means you do a voice count.,Speaker 10,https://reflect-claremont.cablecast.tv/internetchannel/show/10407?site=1&seekto=1231
0:20:35.64,0:20:38.85,1235.64,1238.85,Unidentified,Unidentified - short procedural remarks; LeClair onset reassigned,Roll call.,Speaker 12,https://reflect-claremont.cablecast.tv/internetchannel/show/10407?site=1&seekto=1235
0:20:38.93,0:20:49.54,1238.93,1249.54,Michael Petrin,SAU 6 Board Chair,For Mary. Roll call.,Speaker 2,https://reflect-claremont.cablecast.tv/internetchannel/show/10407?site=1&seekto=1238
0:20:49.62,0:20:52.80,1249.62,1252.80,Unidentified,Unidentified - mix; includes a member who says 'I was on the board and that wasn't the case' [128] and Unity roll-call responses,No.,Speaker 10,https://reflect-claremont.cablecast.tv/internetchannel/show/10407?site=1&seekto=1249
0:20:52.88,0:20:55.56,1252.88,1255.56,Mary Woodman,School district clerk and recording secretary,Robert McDevitt is absent.,Speaker 13,https://reflect-claremont.cablecast.tv/internetchannel/show/10407?site=1&seekto=1252
0:20:55.64,0:20:56.68,1255.64,1256.68,Mary Woodman,School district clerk and recording secretary,Prudence McCormick.,Speaker 1,https://reflect-claremont.cablecast.tv/internetchannel/show/10407?site=1&seekto=1255
0:20:56.72,0:20:58.49,1256.72,1258.49,Unidentified,Unidentified - mix; includes a member who says 'I was on the board and that wasn't the case' [128] and Unity roll-call responses,No.,Speaker 10,https://reflect-claremont.cablecast.tv/internetchannel/show/10407?site=1&seekto=1256
0:20:58.57,0:21:03.68,1258.57,1263.68,Mary Woodman,School district clerk and recording secretary,Shannon. No. No. Gary Bader.,Speaker 13,https://reflect-claremont.cablecast.tv/internetchannel/show/10407?site=1&seekto=1258
0:21:03.88,0:21:06.20,1263.88,1266.20,Gary Bader,SAU 6 Board member (Unity),Yes.,Speaker 3,https://reflect-claremont.cablecast.tv/internetchannel/show/10407?site=1&seekto=1263
0:21:06.28,0:21:07.20,1266.28,1267.20,Mary Woodman,School district clerk and recording secretary,Frank Sprague.,Speaker 13,https://reflect-claremont.cablecast.tv/internetchannel/show/10407?site=1&seekto=1266
0:21:07.24,0:21:09.88,1267.24,1269.88,Frank Sprague,Claremont School Board Chair; SAU 6 Board member,Yes.,Speaker 3,https://reflect-claremont.cablecast.tv/internetchannel/show/10407?site=1&seekto=1267
0:21:09.96,0:21:14.42,1269.96,1274.42,Mary Woodman,School district clerk and recording secretary,Rebecca zullo. Yes.,Speaker 13,https://reflect-claremont.cablecast.tv/internetchannel/show/10407?site=1&seekto=1269
0:21:14.50,0:21:15.94,1274.50,1275.94,Mary Woodman,School district clerk and recording secretary,Jason. Benoit.,Speaker 13,https://reflect-claremont.cablecast.tv/internetchannel/show/10407?site=1&seekto=1274
0:21:16.02,0:21:19.18,1276.02,1279.18,Jason Benware,Claremont School Board member,No.,Speaker 6,https://reflect-claremont.cablecast.tv/internetchannel/show/10407?site=1&seekto=1276
0:21:19.26,0:21:20.46,1279.26,1280.46,Mary Woodman,School district clerk and recording secretary,Rob. Lovett. Junior.,Speaker 13,https://reflect-claremont.cablecast.tv/internetchannel/show/10407?site=1&seekto=1279
0:21:20.54,0:21:24.00,1280.54,1284.00,Rob Lovett Jr.,Claremont School Board member,No.,Speaker 3,https://reflect-claremont.cablecast.tv/internetchannel/show/10407?site=1&seekto=1280
0:21:24.08,0:21:25.06,1284.08,1285.06,Mary Woodman,School district clerk and recording secretary,Michael. Patron.,Speaker 13,https://reflect-claremont.cablecast.tv/internetchannel/show/10407?site=1&seekto=1284
0:21:25.12,0:21:27.04,1285.12,1287.04,Michael Petrin,SAU 6 Board Chair,No.,Speaker 2,https://reflect-claremont.cablecast.tv/internetchannel/show/10407?site=1&seekto=1285
0:21:27.12,0:21:28.04,1287.12,1288.04,Mary Woodman,School district clerk and recording secretary,Heather. Whitney.,Speaker 13,https://reflect-claremont.cablecast.tv/internetchannel/show/10407?site=1&seekto=1287
0:21:28.16,0:21:30.12,1288.16,1290.12,Heather Whitney,Claremont School Board member,No.,Speaker 1,https://reflect-claremont.cablecast.tv/internetchannel/show/10407?site=1&seekto=1288
0:21:30.20,0:21:43.56,1290.20,1303.56,Mary Woodman,School district clerk and recording secretary,And Carolyn. Tall. No.,Speaker 13,https://reflect-claremont.cablecast.tv/internetchannel/show/10407?site=1&seekto=1290
0:21:43.64,0:21:46.36,1303.64,1306.36,Mary Woodman,School district clerk and recording secretary,The Noles definitely have it.,Speaker 13,https://reflect-claremont.cablecast.tv/internetchannel/show/10407?site=1&seekto=1303
0:21:46.44,0:21:47.72,1306.44,1307.72,Unidentified,"Unidentified - board member who cites Tempesta's entry plan [120],[279]; possibly Carolyn Towle (uncertain - no recognition cue)",An emotion.,Speaker 11,https://reflect-claremont.cablecast.tv/internetchannel/show/10407?site=1&seekto=1306
0:21:47.80,0:21:54.80,1307.80,1314.80,Rob Lovett Jr.,Claremont School Board member,I make a motion that we give Mike Tempesta the permission to employ as he sees fit over the summer.,Speaker 4,https://reflect-claremont.cablecast.tv/internetchannel/show/10407?site=1&seekto=1307
0:21:54.88,0:21:58.82,1314.88,1318.82,Unidentified,Unidentified - short procedural remarks; LeClair onset reassigned,I'll second.,Speaker 12,https://reflect-claremont.cablecast.tv/internetchannel/show/10407?site=1&seekto=1314
0:21:58.90,0:22:02.38,1318.90,1322.38,Michael Petrin,SAU 6 Board Chair,Further discussion.,Speaker 2,https://reflect-claremont.cablecast.tv/internetchannel/show/10407?site=1&seekto=1318
0:22:02.46,0:22:04.58,1322.46,1324.58,Michael Petrin,SAU 6 Board Chair,Seeing none. All those in favor?,Speaker 2,https://reflect-claremont.cablecast.tv/internetchannel/show/10407?site=1&seekto=1322
0:22:04.74,0:22:06.06,1324.74,1326.06,Unidentified,"Unidentified - pledge, ayes and roll-call responses from several members; attributable responses reassigned",Aye. Aye.,Speaker 3,https://reflect-claremont.cablecast.tv/internetchannel/show/10407?site=1&seekto=1324
0:22:06.14,0:22:13.52,1326.14,1333.52,Michael Petrin,SAU 6 Board Chair,Opposed?,Speaker 2,https://reflect-claremont.cablecast.tv/internetchannel/show/10407?site=1&seekto=1326
0:22:13.60,0:22:17.40,1333.60,1337.40,Michael Petrin,SAU 6 Board Chair,Moving on to item number.,Speaker 2,https://reflect-claremont.cablecast.tv/internetchannel/show/10407?site=1&seekto=1333
0:22:17.48,0:22:26.50,1337.48,1346.50,Michael Petrin,SAU 6 Board Chair,"Moving on to item. See,",Speaker 2,https://reflect-claremont.cablecast.tv/internetchannel/show/10407?site=1&seekto=1337
0:22:26.58,0:22:34.70,1346.58,1354.70,Cory LeClair,"Acting Superintendent, SAU 6","Will be issuing a press release, in the next day or two.",Speaker 12,https://reflect-claremont.cablecast.tv/internetchannel/show/10407?site=1&seekto=1346
0:22:34.78,0:22:38.26,1354.78,1358.26,Cory LeClair,"Acting Superintendent, SAU 6",Regarding some.,Speaker 12,https://reflect-claremont.cablecast.tv/internetchannel/show/10407?site=1&seekto=1354
0:22:38.34,0:22:51.12,1358.34,1371.12,Cory LeClair,"Acting Superintendent, SAU 6","Additional  matters that we discovered and, what they are and how we'll be moving forward with that.",Speaker 5,https://reflect-claremont.cablecast.tv/internetchannel/show/10407?site=1&seekto=1358
0:22:51.20,0:22:52.00,1371.20,1372.00,Michael Petrin,SAU 6 Board Chair,I mean.,Speaker 2,https://reflect-claremont.cablecast.tv/internetchannel/show/10407?site=1&seekto=1371
0:22:52.08,0:22:54.88,1372.08,1374.88,Cory LeClair,"Acting Superintendent, SAU 6",I don't know if you want to add anything to that.,Speaker 5,https://reflect-claremont.cablecast.tv/internetchannel/show/10407?site=1&seekto=1372
0:22:54.96,0:23:00.20,1374.96,1380.20,Unidentified,Unidentified - mix; clerk's roll call segments reassigned to Mary Woodman,Is there any action by the board required?,Speaker 13,https://reflect-claremont.cablecast.tv/internetchannel/show/10407?site=1&seekto=1374
0:23:00.28,0:23:06.36,1380.28,1386.36,Michael Petrin,SAU 6 Board Chair,"Yeah, I guess we may need to authorize. Usually the board chair.",Speaker 2,https://reflect-claremont.cablecast.tv/internetchannel/show/10407?site=1&seekto=1380
0:23:06.40,0:23:13.00,1386.40,1393.00,Rebecca Zullo,Claremont School Board Vice Chair,"And so we need to give the board chair. We were council and Corey, permission to write the press release.",Speaker 7,https://reflect-claremont.cablecast.tv/internetchannel/show/10407?site=1&seekto=1386
0:23:13.08,0:23:13.32,1393.08,1393.32,Unidentified,"Unidentified - pledge, ayes and roll-call responses from several members; attributable responses reassigned",Yeah.,Speaker 3,https://reflect-claremont.cablecast.tv/internetchannel/show/10407?site=1&seekto=1393
0:23:13.56,0:23:15.88,1393.56,1395.88,Jason Benware,Claremont School Board member,Motion that we give the board chair legal counsel.,Speaker 6,https://reflect-claremont.cablecast.tv/internetchannel/show/10407?site=1&seekto=1393
0:23:15.88,0:23:16.36,1395.88,1396.36,Unidentified,"Unidentified - pledge, ayes and roll-call responses from several members; attributable responses reassigned",And.,Speaker 3,https://reflect-claremont.cablecast.tv/internetchannel/show/10407?site=1&seekto=1395
0:23:16.44,0:23:17.12,1396.44,1397.12,Jason Benware,Claremont School Board member,Permission to write.,Speaker 6,https://reflect-claremont.cablecast.tv/internetchannel/show/10407?site=1&seekto=1396
0:23:17.12,0:23:19.36,1397.12,1399.36,Unidentified,"Unidentified - pledge, ayes and roll-call responses from several members; attributable responses reassigned",A press release. Second.,Speaker 3,https://reflect-claremont.cablecast.tv/internetchannel/show/10407?site=1&seekto=1397
0:23:19.44,0:23:20.00,1399.44,1400.00,Unidentified,Unidentified - mix; clerk's roll call segments reassigned to Mary Woodman,I will not.,Speaker 13,https://reflect-claremont.cablecast.tv/internetchannel/show/10407?site=1&seekto=1399
0:23:20.00,0:23:23.80,1400.00,1403.80,Rebecca Zullo,Claremont School Board Vice Chair,"Second, because everybody else did.",Speaker 7,https://reflect-claremont.cablecast.tv/internetchannel/show/10407?site=1&seekto=1400
0:23:23.88,0:23:25.84,1403.88,1405.84,Michael Petrin,SAU 6 Board Chair,I heard Shannon. Mary.,Speaker 2,https://reflect-claremont.cablecast.tv/internetchannel/show/10407?site=1&seekto=1403
0:23:25.92,0:23:29.52,1405.92,1409.52,Unidentified,"Unidentified - pledge, ayes and roll-call responses from several members; attributable responses reassigned",Jan second.,Speaker 3,https://reflect-claremont.cablecast.tv/internetchannel/show/10407?site=1&seekto=1405
0:23:29.60,0:23:31.84,1409.60,1411.84,Michael Petrin,SAU 6 Board Chair,All right. Any discussion?,Speaker 2,https://reflect-claremont.cablecast.tv/internetchannel/show/10407?site=1&seekto=1409
0:23:31.92,0:23:32.80,1411.92,1412.80,Unidentified,"Unidentified - pledge, ayes and roll-call responses from several members; attributable responses reassigned",No.,Speaker 3,https://reflect-claremont.cablecast.tv/internetchannel/show/10407?site=1&seekto=1411
0:23:32.88,0:23:33.92,1412.88,1413.92,Michael Petrin,SAU 6 Board Chair,All those in favor?,Speaker 2,https://reflect-claremont.cablecast.tv/internetchannel/show/10407?site=1&seekto=1412
0:23:33.96,0:23:34.96,1413.96,1414.96,Unidentified,"Unidentified - pledge, ayes and roll-call responses from several members; attributable responses reassigned",Aye aye aye.,Speaker 3,https://reflect-claremont.cablecast.tv/internetchannel/show/10407?site=1&seekto=1413
0:23:35.04,0:23:53.58,1415.04,1433.58,Michael Petrin,SAU 6 Board Chair,Opposed? All right. Plus I don't. Letter D is the SOU18 audit.,Speaker 2,https://reflect-claremont.cablecast.tv/internetchannel/show/10407?site=1&seekto=1415
0:23:54.42,0:24:16.66,1434.42,1456.66,Cory LeClair,"Acting Superintendent, SAU 6","Annual financial audit as of June 30th, 2018. So what this means is the audits for the Saw as an entity.  So this is not Claremont and Unity separately, but the saw as its own entity is caught up in current with audits. And so they will be moving into auditing. Fiscal year 19, which is the year we're in currently.",Speaker 5,https://reflect-claremont.cablecast.tv/internetchannel/show/10407?site=1&seekto=1434
0:24:16.82,0:25:01.15,1456.82,1501.15,Cory LeClair,"Acting Superintendent, SAU 6","Sometime in the next few months, under the direction of the new business administrator, when they're hired and the superintendent. So this is not a document that, can be just consumed easily in a few minutes. I encourage you to take the time to read through this toward the end of the document. Are,   the areas identified of significant deficiency and material weaknesses, and those are really the areas that will need to be addressed by the new business administrator in the business office and corrected under the supervision and direction of the new superintendent coming in.",Speaker 5,https://reflect-claremont.cablecast.tv/internetchannel/show/10407?site=1&seekto=1456
0:25:01.18,0:25:27.22,1501.18,1527.22,Cory LeClair,"Acting Superintendent, SAU 6","So when you're thinking about, you know, where do we stand? That's where I encourage you to focus your time, as it relates to where we have some deficiencies. So this again, is just for the say you this isn't the Claremont School District and Unity School District. Independently, the SA  is a smaller entity. The budget is much smaller.",Speaker 5,https://reflect-claremont.cablecast.tv/internetchannel/show/10407?site=1&seekto=1501
0:25:27.30,0:25:51.26,1527.30,1551.26,Cory LeClair,"Acting Superintendent, SAU 6","Typically there's not many grants that run solely through the saw. So it's a much smaller entity. So the recommendations in here may not be as extensive as you would see  in the coming reports for Unity and Claremont, but it gives a place to start. And then I encourage you to have conversations about this moving forward.",Speaker 5,https://reflect-claremont.cablecast.tv/internetchannel/show/10407?site=1&seekto=1527
0:25:51.34,0:26:16.90,1551.34,1576.90,Cory LeClair,"Acting Superintendent, SAU 6","You should be receiving a bound copy like this for every audit that's completed for every entity. So just as your role that we just discussed as a board, your role is to make sure you receive these when they're completed.  So of the 17 outstanding audits that we had when I,  became involved in correcting that,  we have five left.",Speaker 5,https://reflect-claremont.cablecast.tv/internetchannel/show/10407?site=1&seekto=1551
0:26:16.90,0:26:42.26,1576.90,1602.26,Cory LeClair,"Acting Superintendent, SAU 6","So say is done. Cornish is done because those two entities were still outstanding. We do have audits left in Claremont and you need to be completed. I expect to get a draft of two of those remaining five this week, and I expect that prior to my departure. You may end up with Claremont 18 unfinished and possibly unity 18 unfinished.",Speaker 5,https://reflect-claremont.cablecast.tv/internetchannel/show/10407?site=1&seekto=1576
0:26:42.34,0:27:13.82,1602.34,1633.82,Cory LeClair,"Acting Superintendent, SAU 6","We're working  through it all. But they will be in substantially better shape than they were when I started this process. And the audit team is continuing to work through this to get things cleaned up and tidied up and identified. The audit is only half of the puzzle, though. That's just telling you. What's wrong or where the areas are that need to be addressed.",Speaker 5,https://reflect-claremont.cablecast.tv/internetchannel/show/10407?site=1&seekto=1602
0:27:14.02,0:27:33.44,1634.02,1653.44,Cory LeClair,"Acting Superintendent, SAU 6","Actually doing those corrective actions and actually making those changes as the other  piece of that. And that's what will need your prompting. An oversight as a board, because this is budget. This is financials. So that's what we'll need your attention moving forward.",Speaker 5,https://reflect-claremont.cablecast.tv/internetchannel/show/10407?site=1&seekto=1634
0:27:33.52,0:27:34.52,1653.52,1654.52,Rebecca Zullo,Claremont School Board Vice Chair,We have these for.,Speaker 14,https://reflect-claremont.cablecast.tv/internetchannel/show/10407?site=1&seekto=1653
0:27:34.60,0:27:41.76,1654.60,1661.76,Rebecca Zullo,Claremont School Board Vice Chair,The wasn't like 1516 done. I'm not talking about that. You know I can wait  until another board meeting. Shouldn't we have these four.,Speaker 7,https://reflect-claremont.cablecast.tv/internetchannel/show/10407?site=1&seekto=1654
0:27:41.96,0:28:17.28,1661.96,1697.28,Cory LeClair,"Acting Superintendent, SAU 6","Yeah. So I will review what we physically have on hand at the office and distribute to the respective. I have a file for unity to go to you all, at your next meeting, and so I. I can distribute what we have to you. So that you have those, to some degree, the 18 is going to be the best data because some of the 15, 16, 17, the problems are just, the identified problems.",Speaker 5,https://reflect-claremont.cablecast.tv/internetchannel/show/10407?site=1&seekto=1661
0:28:17.36,0:28:39.80,1697.36,1719.80,Cory LeClair,"Acting Superintendent, SAU 6","Some of them have been corrected. Some of them have not been corrected. Some of them are new. So the 18 is the best data because it's the most current.  And so you certainly have access to prior audits. 1516, 17, 14 whatever you wish to access. But.",Speaker 5,https://reflect-claremont.cablecast.tv/internetchannel/show/10407?site=1&seekto=1697
0:28:39.88,0:28:50.04,1719.88,1730.04,Cory LeClair,"Acting Superintendent, SAU 6","In terms of what you need to focus on to correct your 18th, going to be your best bet on that, if that makes sense.",Speaker 5,https://reflect-claremont.cablecast.tv/internetchannel/show/10407?site=1&seekto=1719
0:28:50.12,0:28:58.48,1730.12,1738.48,Cory LeClair,"Acting Superintendent, SAU 6",And so I don't have 18 yet for Unity or Claremont just to say you.,Speaker 5,https://reflect-claremont.cablecast.tv/internetchannel/show/10407?site=1&seekto=1730
0:28:58.56,0:29:03.48,1738.56,1743.48,Unidentified,"Unidentified - pledge, ayes and roll-call responses from several members; attributable responses reassigned",Anything else.,Speaker 3,https://reflect-claremont.cablecast.tv/internetchannel/show/10407?site=1&seekto=1738
0:29:03.56,0:29:04.28,1743.56,1744.28,Unidentified,"Unidentified - pledge, ayes and roll-call responses from several members; attributable responses reassigned",Are they going.,Speaker 3,https://reflect-claremont.cablecast.tv/internetchannel/show/10407?site=1&seekto=1743
0:29:04.28,0:29:04.68,1744.28,1744.68,Unidentified,"Unidentified - catch-all cluster mixing roll-call responses, the clerk's roll call and several board members; attributable segments reassigned per segment",To come.,Speaker 1,https://reflect-claremont.cablecast.tv/internetchannel/show/10407?site=1&seekto=1744
0:29:04.68,0:29:05.36,1744.68,1745.36,Unidentified,Unidentified - mix; clerk's roll call segments reassigned to Mary Woodman,In and.,Speaker 13,https://reflect-claremont.cablecast.tv/internetchannel/show/10407?site=1&seekto=1744
0:29:05.60,0:29:06.52,1745.60,1746.52,Unidentified,"Unidentified - catch-all cluster mixing roll-call responses, the clerk's roll call and several board members; attributable segments reassigned per segment",Interpret this.,Speaker 1,https://reflect-claremont.cablecast.tv/internetchannel/show/10407?site=1&seekto=1745
0:29:06.52,0:29:08.36,1746.52,1748.36,Unidentified,Unidentified - mix; clerk's roll call segments reassigned to Mary Woodman,For us?,Speaker 13,https://reflect-claremont.cablecast.tv/internetchannel/show/10407?site=1&seekto=1746
0:29:08.44,0:29:11.64,1748.44,1751.64,Cory LeClair,"Acting Superintendent, SAU 6","Yeah, absolutely.",Speaker 5,https://reflect-claremont.cablecast.tv/internetchannel/show/10407?site=1&seekto=1748
0:29:12.44,0:29:20.44,1752.44,1760.44,Cory LeClair,"Acting Superintendent, SAU 6","So I, I do have one little piece of information that I can read to you. That was an interpretation offered to me by someone.",Speaker 5,https://reflect-claremont.cablecast.tv/internetchannel/show/10407?site=1&seekto=1752
0:29:25.52,0:29:26.98,1765.52,1766.98,Michael Petrin,SAU 6 Board Chair,Yeah. Summary too.,Speaker 2,https://reflect-claremont.cablecast.tv/internetchannel/show/10407?site=1&seekto=1765
0:29:27.06,0:29:29.28,1767.06,1769.28,Unidentified,"Unidentified - catch-all cluster mixing roll-call responses, the clerk's roll call and several board members; attributable segments reassigned per segment",I'm just talking about.,Speaker 1,https://reflect-claremont.cablecast.tv/internetchannel/show/10407?site=1&seekto=1767
0:29:29.36,0:29:30.40,1769.36,1770.40,Unidentified,"Unidentified - pledge, ayes and roll-call responses from several members; attributable responses reassigned",Yeah.,Speaker 3,https://reflect-claremont.cablecast.tv/internetchannel/show/10407?site=1&seekto=1769
0:29:30.48,0:29:32.12,1770.48,1772.12,Unidentified,"Unidentified - catch-all cluster mixing roll-call responses, the clerk's roll call and several board members; attributable segments reassigned per segment","You know, for the.",Speaker 1,https://reflect-claremont.cablecast.tv/internetchannel/show/10407?site=1&seekto=1770
0:29:32.20,0:29:35.24,1772.20,1775.24,Cory LeClair,"Acting Superintendent, SAU 6","Layman's terms relating to audits. So and, and.",Speaker 5,https://reflect-claremont.cablecast.tv/internetchannel/show/10407?site=1&seekto=1772
0:29:35.32,0:29:36.48,1775.32,1776.48,Unidentified,"Unidentified - catch-all cluster mixing roll-call responses, the clerk's roll call and several board members; attributable segments reassigned per segment",And the recommendations.,Speaker 1,https://reflect-claremont.cablecast.tv/internetchannel/show/10407?site=1&seekto=1775
0:29:36.48,0:29:42.24,1776.48,1782.24,Cory LeClair,"Acting Superintendent, SAU 6",Some time now.,Speaker 5,https://reflect-claremont.cablecast.tv/internetchannel/show/10407?site=1&seekto=1776
0:29:45.64,0:30:18.60,1785.64,1818.60,Cory LeClair,"Acting Superintendent, SAU 6","So just real  briefly, I want to I'll start by and I didn't write this a,  somebody who's been working to help us through  fixing this problem wrote this, but, want to start by explaining what an audit is and what an audit opinion is.  And a government audit, an auditor determines whether the financial statements of the entity are presented fairly, in all material respects and in accordance with accounting standards, by reviewing the underlying information and processes that went into preparing the financial statements.",Speaker 5,https://reflect-claremont.cablecast.tv/internetchannel/show/10407?site=1&seekto=1785
0:30:18.76,0:30:39.68,1818.76,1839.68,Cory LeClair,"Acting Superintendent, SAU 6","So audit reports include an opinion as to whether there is a reasonable assurance that the financial statements are free from material misstatements. So did we present them fairly accurately? All of that? An unqualified opinion is the best possible audit outcome. So that's what we're looking for an unqualified opinion. This is what I, this is what we strive for year after year.",Speaker 5,https://reflect-claremont.cablecast.tv/internetchannel/show/10407?site=1&seekto=1818
0:30:39.72,0:31:08.64,1839.72,1868.64,Cory LeClair,"Acting Superintendent, SAU 6","And it is also by far the outcome that the auditor's report. Most often, the term unqualified means that in an auditor's opinion, the financial statements conform to generally accepted accounting principles. GAAP and statements represents the entities financial accounts fairly. A qualified opinion means the auditor finds that reports conform to GAAP, except in just a few areas. For these areas, the auditor cannot assert conformance.",Speaker 5,https://reflect-claremont.cablecast.tv/internetchannel/show/10407?site=1&seekto=1839
0:31:08.72,0:31:40.08,1868.72,1900.08,Cory LeClair,"Acting Superintendent, SAU 6","An adverse opinion means the auditor finds one or both of the following. Either statements did not fairly represent the entities accounts, or the audited statements do not comply with the generally acceptable the counting principles. So whatever we provide didn't follow the accounting principles or statements do not fairly represent what our accounts are. So, inaccurate information potentially. So there's either an unqualified position, which is what you strive for, a qualified position, which opinion.",Speaker 5,https://reflect-claremont.cablecast.tv/internetchannel/show/10407?site=1&seekto=1868
0:31:40.08,0:32:10.60,1900.08,1930.60,Cory LeClair,"Acting Superintendent, SAU 6","Which means that there might be a few exceptions or an adverse opinion, which means that there are issues.  When auditors do report an adverse opinion, they give specific reasons for that conclusion, which they have, which they have in their report. So in the report I handed you, there are specific reasons for the adverse opinion, and our auditors pointed out specific accounting areas, errors or  departures from the generally accepted accounting principles.",Speaker 5,https://reflect-claremont.cablecast.tv/internetchannel/show/10407?site=1&seekto=1900
0:32:10.60,0:32:24.32,1930.60,1944.32,Cory LeClair,"Acting Superintendent, SAU 6",So that's what you will read in the back of that. There are it's an adverse opinion which is not what we strive for. And the reasons for that adverse opinion are listed there.,Speaker 5,https://reflect-claremont.cablecast.tv/internetchannel/show/10407?site=1&seekto=1930
0:32:27.72,0:32:48.02,1947.72,1968.02,Cory LeClair,"Acting Superintendent, SAU 6","So we  have,  you know, begun taking measures to correct these things. And that's going to be an ongoing conversation at the board for you to focus on.",Speaker 5,https://reflect-claremont.cablecast.tv/internetchannel/show/10407?site=1&seekto=1947
0:32:48.10,0:33:16.30,1968.10,1996.30,Cory LeClair,"Acting Superintendent, SAU 6","I think without going into any more details at this time, I think it's important for you to take a look at the report and generate some questions, and then we can  certainly have that conversation. And the auditors may actually even be willing to attend a future meeting at your request, and help to understand and explain what it means.",Speaker 5,https://reflect-claremont.cablecast.tv/internetchannel/show/10407?site=1&seekto=1968
0:33:16.38,0:33:25.18,1996.38,2005.18,Michael Petrin,SAU 6 Board Chair,Is this available. To someone wants to see this? Can they get it online or can they get it?,Speaker 2,https://reflect-claremont.cablecast.tv/internetchannel/show/10407?site=1&seekto=1996
0:33:25.26,0:33:36.74,2005.26,2016.74,Cory LeClair,"Acting Superintendent, SAU 6","Yeah. I mean, all of our records are public. I don't have it posted  on our website, but I certainly could provide.",Speaker 5,https://reflect-claremont.cablecast.tv/internetchannel/show/10407?site=1&seekto=2005
0:33:36.82,0:33:37.50,2016.82,2017.50,Michael Petrin,SAU 6 Board Chair,Came to the yes.,Speaker 2,https://reflect-claremont.cablecast.tv/internetchannel/show/10407?site=1&seekto=2016
0:33:37.54,0:33:49.50,2017.54,2029.50,Cory LeClair,"Acting Superintendent, SAU 6","I will. I would just want to check the say first, but I believe it's for full public disclosure. And I can provide a yes copy to people. Correct.",Speaker 5,https://reflect-claremont.cablecast.tv/internetchannel/show/10407?site=1&seekto=2017
0:33:50.02,0:33:52.14,2030.02,2032.14,Michael Petrin,SAU 6 Board Chair,So someone came and.,Speaker 2,https://reflect-claremont.cablecast.tv/internetchannel/show/10407?site=1&seekto=2030
0:33:52.22,0:33:56.18,2032.22,2036.18,Cory LeClair,"Acting Superintendent, SAU 6",Or I believe I also have it in electronic format and could share a PDF.,Speaker 5,https://reflect-claremont.cablecast.tv/internetchannel/show/10407?site=1&seekto=2032
0:33:56.30,0:33:58.54,2036.30,2038.54,Unidentified,"Unidentified - pledge, ayes and roll-call responses from several members; attributable responses reassigned",Okay.,Speaker 3,https://reflect-claremont.cablecast.tv/internetchannel/show/10407?site=1&seekto=2036
0:33:58.62,0:34:02.26,2038.62,2042.26,Rebecca Zullo,Claremont School Board Vice Chair,That was my question.,Speaker 7,https://reflect-claremont.cablecast.tv/internetchannel/show/10407?site=1&seekto=2038
0:34:02.34,0:34:29.48,2042.34,2069.48,Michael Petrin,SAU 6 Board Chair,Anything else. Will you move on to future agenda items. I guess we need to determine a July meeting date.,Speaker 2,https://reflect-claremont.cablecast.tv/internetchannel/show/10407?site=1&seekto=2042
0:34:29.56,0:34:39.68,2069.56,2079.68,Cory LeClair,"Acting Superintendent, SAU 6","My memory serves me correctly, which is not the greatest as of late.  It was that you wanted to connect with the incoming superintendent to define a date to meet.",Speaker 5,https://reflect-claremont.cablecast.tv/internetchannel/show/10407?site=1&seekto=2069
0:34:39.76,0:34:41.32,2079.76,2081.32,Unidentified,"Unidentified - pledge, ayes and roll-call responses from several members; attributable responses reassigned",That's what I thought.,Speaker 3,https://reflect-claremont.cablecast.tv/internetchannel/show/10407?site=1&seekto=2079
0:34:41.40,0:34:47.64,2081.40,2087.64,Frank Sprague,Claremont School Board Chair; SAU 6 Board member,I think it's his intent to meet with many of us individually as well. I think that's.,Speaker 9,https://reflect-claremont.cablecast.tv/internetchannel/show/10407?site=1&seekto=2081
0:34:47.80,0:34:52.67,2087.80,2092.67,Unidentified,"Unidentified - board member who cites Tempesta's entry plan [120],[279]; possibly Carolyn Towle (uncertain - no recognition cue)",That's it's exactly what was on the entry plan. So.,Speaker 11,https://reflect-claremont.cablecast.tv/internetchannel/show/10407?site=1&seekto=2087
0:34:52.75,0:34:59.24,2092.75,2099.24,Cory LeClair,"Acting Superintendent, SAU 6",So I'm not preventing you from setting a meeting date tonight. But that was just my interpretation of your conversation the last time we met.,Speaker 5,https://reflect-claremont.cablecast.tv/internetchannel/show/10407?site=1&seekto=2092
0:34:59.39,0:35:09.84,2099.39,2109.84,Michael Petrin,SAU 6 Board Chair,Was like me to reach out to Mr. Tempesta. Yes. Okay. I will do that.,Speaker 2,https://reflect-claremont.cablecast.tv/internetchannel/show/10407?site=1&seekto=2099
0:35:09.92,0:35:11.68,2109.92,2111.68,Unidentified,"Unidentified - catch-all cluster mixing roll-call responses, the clerk's roll call and several board members; attributable segments reassigned per segment",So sorry. One more thing.,Speaker 1,https://reflect-claremont.cablecast.tv/internetchannel/show/10407?site=1&seekto=2109
0:35:11.72,0:35:12.40,2111.72,2112.40,Unidentified,"Unidentified - board member who cites Tempesta's entry plan [120],[279]; possibly Carolyn Towle (uncertain - no recognition cue)",Sure.,Speaker 11,https://reflect-claremont.cablecast.tv/internetchannel/show/10407?site=1&seekto=2111
0:35:12.48,0:35:17.96,2112.48,2117.96,Unidentified,"Unidentified - catch-all cluster mixing roll-call responses, the clerk's roll call and several board members; attributable segments reassigned per segment","Is this. Is this the time that we can request an agenda item be attached, regardless of what the date is?",Speaker 1,https://reflect-claremont.cablecast.tv/internetchannel/show/10407?site=1&seekto=2112
0:35:18.04,0:35:19.00,2118.04,2119.00,Unidentified,"Unidentified - pledge, ayes and roll-call responses from several members; attributable responses reassigned",Yes.,Speaker 3,https://reflect-claremont.cablecast.tv/internetchannel/show/10407?site=1&seekto=2118
0:35:19.08,0:35:20.72,2119.08,2120.72,Unidentified,Unidentified - mix; includes a member who says 'I was on the board and that wasn't the case' [128] and Unity roll-call responses,Yes.,Speaker 10,https://reflect-claremont.cablecast.tv/internetchannel/show/10407?site=1&seekto=2119
0:35:20.80,0:35:36.80,2120.80,2136.80,Unidentified,"Unidentified - catch-all cluster mixing roll-call responses, the clerk's roll call and several board members; attributable segments reassigned per segment",What I would hope that we could do is perhaps contact the New Hampshire School Board Association  and get them involved with helping us  develop an evaluation criteria for the incoming superintendent and to start that process. We do.,Speaker 1,https://reflect-claremont.cablecast.tv/internetchannel/show/10407?site=1&seekto=2120
0:35:36.92,0:35:38.66,2136.92,2138.66,Unidentified,Unidentified - mix; clerk's roll call segments reassigned to Mary Woodman,Sure we do.,Speaker 13,https://reflect-claremont.cablecast.tv/internetchannel/show/10407?site=1&seekto=2136
0:35:38.74,0:35:41.02,2138.74,2141.02,Unidentified,"Unidentified - catch-all cluster mixing roll-call responses, the clerk's roll call and several board members; attributable segments reassigned per segment",I think we should review that first.,Speaker 1,https://reflect-claremont.cablecast.tv/internetchannel/show/10407?site=1&seekto=2138
0:35:41.10,0:35:43.40,2141.10,2143.40,Michael Petrin,SAU 6 Board Chair,"Yeah, we have subcommittee that put together.",Speaker 2,https://reflect-claremont.cablecast.tv/internetchannel/show/10407?site=1&seekto=2141
0:35:43.48,0:35:52.00,2143.48,2152.00,Unidentified,"Unidentified - catch-all cluster mixing roll-call responses, the clerk's roll call and several board members; attributable segments reassigned per segment","It was I didn't know that we had a full comprehensive, but we do have a lot of new members, so we should review that again if we're done.",Speaker 1,https://reflect-claremont.cablecast.tv/internetchannel/show/10407?site=1&seekto=2143
0:35:52.08,0:35:55.10,2152.08,2155.10,Rebecca Zullo,Claremont School Board Vice Chair,It's done. It's done. But you should definitely have access to it.,Speaker 7,https://reflect-claremont.cablecast.tv/internetchannel/show/10407?site=1&seekto=2152
0:35:55.14,0:35:58.52,2155.14,2158.52,Unidentified,"Unidentified - catch-all cluster mixing roll-call responses, the clerk's roll call and several board members; attributable segments reassigned per segment",So and we should talk to Mike about it because he'll have.,Speaker 1,https://reflect-claremont.cablecast.tv/internetchannel/show/10407?site=1&seekto=2155
0:35:58.52,0:35:58.64,2158.52,2158.64,Unidentified,Unidentified - mix; clerk's roll call segments reassigned to Mary Woodman,To.,Speaker 13,https://reflect-claremont.cablecast.tv/internetchannel/show/10407?site=1&seekto=2158
0:35:58.64,0:35:59.60,2158.64,2159.60,Unidentified,"Unidentified - catch-all cluster mixing roll-call responses, the clerk's roll call and several board members; attributable segments reassigned per segment",Agree with it to.,Speaker 1,https://reflect-claremont.cablecast.tv/internetchannel/show/10407?site=1&seekto=2158
0:35:59.84,0:36:00.84,2159.84,2160.84,Jason Benware,Claremont School Board member,Good agenda item.,Speaker 6,https://reflect-claremont.cablecast.tv/internetchannel/show/10407?site=1&seekto=2159
0:36:01.00,0:36:02.00,2161.00,2162.00,Unidentified,Unidentified - mix; includes a member who says 'I was on the board and that wasn't the case' [128] and Unity roll-call responses,It is a good agenda.,Speaker 10,https://reflect-claremont.cablecast.tv/internetchannel/show/10407?site=1&seekto=2161
0:36:02.04,0:36:02.32,2162.04,2162.32,Unidentified,"Unidentified - pledge, ayes and roll-call responses from several members; attributable responses reassigned",Item.,Speaker 3,https://reflect-claremont.cablecast.tv/internetchannel/show/10407?site=1&seekto=2162
0:36:02.56,0:36:04.60,2162.56,2164.60,Jason Benware,Claremont School Board member,For the superintendent evaluation.,Speaker 6,https://reflect-claremont.cablecast.tv/internetchannel/show/10407?site=1&seekto=2162
0:36:04.68,0:36:07.44,2164.68,2167.44,Michael Petrin,SAU 6 Board Chair,All right. I will.,Speaker 2,https://reflect-claremont.cablecast.tv/internetchannel/show/10407?site=1&seekto=2164
0:36:07.52,0:36:08.92,2167.52,2168.92,Unidentified,Unidentified - single 'Good job',Good job.,Speaker 15,https://reflect-claremont.cablecast.tv/internetchannel/show/10407?site=1&seekto=2167
0:36:09.00,0:36:11.68,2169.00,2171.68,Unidentified,"Unidentified - catch-all cluster mixing roll-call responses, the clerk's roll call and several board members; attributable segments reassigned per segment",I didn't. Yeah.,Speaker 1,https://reflect-claremont.cablecast.tv/internetchannel/show/10407?site=1&seekto=2169
0:36:11.76,0:36:12.16,2171.76,2172.16,Michael Petrin,SAU 6 Board Chair,All right.,Speaker 2,https://reflect-claremont.cablecast.tv/internetchannel/show/10407?site=1&seekto=2171
0:36:12.20,0:36:13.80,2172.20,2173.80,Unidentified,"Unidentified - pledge, ayes and roll-call responses from several members; attributable responses reassigned",Anything else?,Speaker 3,https://reflect-claremont.cablecast.tv/internetchannel/show/10407?site=1&seekto=2172
0:36:13.88,0:36:16.80,2173.88,2176.80,Michael Petrin,SAU 6 Board Chair,Other business.,Speaker 2,https://reflect-claremont.cablecast.tv/internetchannel/show/10407?site=1&seekto=2173
0:36:16.88,0:36:35.28,2176.88,2195.28,Michael Petrin,SAU 6 Board Chair,"I personally would like to thank. I know we thought last meeting was quarry's last meeting, but I personally would like to thank Corey for all the hard work,  she has done over the years for this district and wish her well as she moves on to new endeavors. She's your hard.",Speaker 2,https://reflect-claremont.cablecast.tv/internetchannel/show/10407?site=1&seekto=2176
0:36:35.28,0:36:35.52,2195.28,2195.52,Unidentified,"Unidentified - pledge, ayes and roll-call responses from several members; attributable responses reassigned",Work.,Speaker 3,https://reflect-claremont.cablecast.tv/internetchannel/show/10407?site=1&seekto=2195
0:36:35.72,0:36:39.60,2195.72,2199.60,Unidentified,"Unidentified - board member who cites Tempesta's entry plan [120],[279]; possibly Carolyn Towle (uncertain - no recognition cue)","Especially this year, young lady. Good futures.",Speaker 11,https://reflect-claremont.cablecast.tv/internetchannel/show/10407?site=1&seekto=2195
0:36:39.60,0:36:44.43,2199.60,2204.43,Unidentified,Unidentified - mix; clerk's roll call segments reassigned to Mary Woodman,For you.,Speaker 13,https://reflect-claremont.cablecast.tv/internetchannel/show/10407?site=1&seekto=2199
0:36:44.51,0:36:44.82,2204.51,2204.82,Unidentified,Unidentified - mix; clerk's roll call segments reassigned to Mary Woodman,So thank.,Speaker 13,https://reflect-claremont.cablecast.tv/internetchannel/show/10407?site=1&seekto=2204
0:36:44.82,0:36:46.38,2204.82,2206.38,Cory LeClair,"Acting Superintendent, SAU 6",You for the support along.,Speaker 5,https://reflect-claremont.cablecast.tv/internetchannel/show/10407?site=1&seekto=2204
0:36:46.38,0:36:48.30,2206.38,2208.30,Unidentified,Unidentified - mix; clerk's roll call segments reassigned to Mary Woodman,The way.,Speaker 13,https://reflect-claremont.cablecast.tv/internetchannel/show/10407?site=1&seekto=2206
0:36:48.38,0:36:49.60,2208.38,2209.60,Michael Petrin,SAU 6 Board Chair,Anybody else?,Speaker 2,https://reflect-claremont.cablecast.tv/internetchannel/show/10407?site=1&seekto=2208
0:36:49.78,0:36:52.86,2209.78,2212.86,Unidentified,Unidentified - mix; clerk's roll call segments reassigned to Mary Woodman,You sure about that? Yes.,Speaker 13,https://reflect-claremont.cablecast.tv/internetchannel/show/10407?site=1&seekto=2209
0:36:52.94,0:36:54.58,2212.94,2214.58,Unidentified,"Unidentified - pledge, ayes and roll-call responses from several members; attributable responses reassigned",Just kidding.,Speaker 3,https://reflect-claremont.cablecast.tv/internetchannel/show/10407?site=1&seekto=2212
0:36:54.66,0:36:57.98,2214.66,2217.98,Michael Petrin,SAU 6 Board Chair,"All right. If there's nothing else, I'm looking for a motion. I make.",Speaker 2,https://reflect-claremont.cablecast.tv/internetchannel/show/10407?site=1&seekto=2214
0:36:57.98,0:36:59.50,2217.98,2219.50,Rob Lovett Jr.,Claremont School Board member,A motion that we adjourn.,Speaker 4,https://reflect-claremont.cablecast.tv/internetchannel/show/10407?site=1&seekto=2217
0:36:59.58,0:37:02.90,2219.58,2222.90,Michael Petrin,SAU 6 Board Chair,I'll check with that.,Speaker 2,https://reflect-claremont.cablecast.tv/internetchannel/show/10407?site=1&seekto=2219
0:37:02.98,0:37:23.20,2222.98,2243.20,Unidentified,"Unidentified - pledge, ayes and roll-call responses from several members; attributable responses reassigned",Further discussions.,Speaker 3,https://reflect-claremont.cablecast.tv/internetchannel/show/10407?site=1&seekto=2222
0:37:23.28,0:37:24.12,2243.28,2244.12,Michael Petrin,SAU 6 Board Chair,All in favor?,Speaker 2,https://reflect-claremont.cablecast.tv/internetchannel/show/10407?site=1&seekto=2243
0:37:24.20,0:37:25.24,2244.20,2245.24,Unidentified,"Unidentified - pledge, ayes and roll-call responses from several members; attributable responses reassigned",Aye. Aye.,Speaker 3,https://reflect-claremont.cablecast.tv/internetchannel/show/10407?site=1&seekto=2244
0:37:25.32,0:37:30.72,2245.32,2250.72,Michael Petrin,SAU 6 Board Chair,Opposed? All right. We are done.,Speaker 2,https://reflect-claremont.cablecast.tv/internetchannel/show/10407?site=1&seekto=2245
0:37:30.80,0:37:51.50,2250.80,2271.50,Unidentified,"Unidentified - pledge, ayes and roll-call responses from several members; attributable responses reassigned",Thank you.,Speaker 3,https://reflect-claremont.cablecast.tv/internetchannel/show/10407?site=1&seekto=2250
