Start,End,Start (sec),End (sec),Speaker,Role,Dialogue,Diarized As
0:00:18.25,0:00:25.10,18.25,25.10,Unidentified,Unidentified - pre-meeting remark,Little juice in there.,Speaker 1
0:00:25.18,0:00:52.02,25.18,52.02,Frank Sprague,Claremont School Board Chair,"Like to call the  public hearing to order, please. We  will be taking citizens comments on the acceptance of a donation from the Jack and Dorothy Byrne Foundation to the SRB RTC, the sugar River Valley Regional Technical Center, in the amount of 20 $0.  Board policy requires us to have a public hearing when  we are given a gift of this size.",Speaker 2
0:00:52.10,0:01:12.56,52.10,72.56,Frank Sprague,Claremont School Board Chair,"So at this point in time, I would invite any citizens who would like to give input on this donation to the podium. Seeing none. I will close the public hearing. At this time, please stand for the Pledge of Allegiance.",Speaker 2
0:01:12.64,0:01:17.04,72.64,77.04,Frank Sprague,Claremont School Board Chair,I pledge allegiance to the flag.,Speaker 2
0:01:17.12,0:01:26.36,77.12,86.36,Unidentified,Unidentified - group response or short fragment,"And to the Republic for which it stands. One nation under God, indivisible, with liberty and justice for all.",Speaker 3
0:01:26.44,0:01:26.99,86.44,86.99,Frank Sprague,Claremont School Board Chair,I can see the.,Speaker 2
0:01:27.00,0:01:29.08,87.00,89.08,Unidentified,Unidentified - group response or short fragment,Equal sign.,Speaker 3
0:01:29.16,0:01:35.24,89.16,95.24,Frank Sprague,Claremont School Board Chair,"And as I should have said, we are now going into our school board meeting of September 18th, 2019.",Speaker 2
0:01:35.44,0:01:40.60,95.44,100.60,Rebecca Zullo,Claremont School Board member (Vice Chair per roster; not stated on this recording),"Before we do that, can we just give a big, huge thank you to the Jack and Dorothy Byrne Foundation?",Speaker 4
0:01:40.64,0:01:41.84,100.64,101.84,Frank Sprague,Claremont School Board Chair,We will. We accept it.,Speaker 2
0:01:41.88,0:01:47.36,101.88,107.36,Rebecca Zullo,Claremont School Board member (Vice Chair per roster; not stated on this recording),"Oh, okay. Well, I'm saying thank you. Now, already ahead of time.",Speaker 4
0:01:47.44,0:01:58.20,107.44,118.20,Frank Sprague,Claremont School Board Chair,"Please turn off cell phones and electronic devices that might prove a distraction.  Mrs. Woodman, because the roll call. Attendance, please.",Speaker 2
0:01:58.28,0:01:59.20,118.28,119.20,Rebecca Zullo,Claremont School Board member (Vice Chair per roster; not stated on this recording),Here.,Speaker 4
0:01:59.28,0:02:16.60,119.28,136.60,Mary Woodman,School district clerk and board recording secretary,"Jason. Benwell, Rob. Lovett. Junior. Michael. Heather Whitney, Carolyn Toll and Frank Sprague here.",Speaker 5
0:02:16.68,0:02:36.68,136.68,156.68,Frank Sprague,Claremont School Board Chair,"So we have a agenda in front of us.  I've got a couple of things.  Under D, I'd like under the approval of minutes, I'd like to add a student representative report if Tyler Sullivan with us.",Speaker 2
0:02:36.76,0:02:41.76,156.76,161.76,Frank Sprague,Claremont School Board Chair,I would also like to add approval of minutes.,Speaker 2
0:02:41.84,0:02:46.18,161.84,166.18,Frank Sprague,Claremont School Board Chair,To the agenda.,Speaker 2
0:02:46.26,0:02:48.32,166.26,168.32,Unidentified,"Unidentified - board-side interjections and questions (Medicaid, class rank) not tied to a name","And. Steve, you.",Speaker 6
0:02:48.40,0:02:51.40,168.40,171.40,Frank Sprague,Claremont School Board Chair,Oh. I'm sorry. It's right there in front of me. I'm sorry. Too obvious.,Speaker 2
0:02:51.44,0:02:53.06,171.44,173.06,Rebecca Zullo,Claremont School Board member (Vice Chair per roster; not stated on this recording),Don't be sorry. Sorry. No judges.,Speaker 4
0:02:53.08,0:03:18.24,173.08,198.24,Frank Sprague,Claremont School Board Chair,"And then,  under action items.  The donation that we just took public.  Public hearing on. I'd like to add the acceptance of the of that donation into the action items we had, warned it last time, and we, announced we'd be talking about it tonight, so I think that's sufficient warning. So we'll add it to the agenda.",Speaker 2
0:03:18.32,0:03:21.92,198.32,201.92,Frank Sprague,Claremont School Board Chair,The acceptance of donation. And we accept the.,Speaker 2
0:03:21.92,0:03:22.28,201.92,202.28,Unidentified,Unidentified - group response or short fragment,Agenda.,Speaker 3
0:03:22.32,0:03:24.48,202.32,204.48,Michael Petrin,Claremont School Board member,As amended.,Speaker 7
0:03:24.56,0:03:25.04,204.56,205.04,Rebecca Zullo,Claremont School Board member (Vice Chair per roster; not stated on this recording),Second.,Speaker 4
0:03:25.20,0:03:29.84,205.20,209.84,Frank Sprague,Claremont School Board Chair,Any other changes besides mine? All those in favor?,Speaker 2
0:03:29.96,0:03:31.44,209.96,211.44,Unidentified,Unidentified - group response or short fragment,Aye.,Speaker 3
0:03:31.52,0:03:34.96,211.52,214.96,Frank Sprague,Claremont School Board Chair,Opposed? Okay.,Speaker 2
0:03:35.04,0:03:42.88,215.04,222.88,Frank Sprague,Claremont School Board Chair,Approval of minutes that we do have. See?  Any. Can I have a motion on those?,Speaker 2
0:03:43.12,0:03:48.00,223.12,228.00,Michael Petrin,Claremont School Board member,"And we accept the minutes of September 4th, 2019.",Speaker 7
0:03:48.08,0:03:50.04,228.08,230.04,Heather Whitney,"Claremont School Board member (medium - by content: policy committee update, not Carolyn)",I  only have one suggestion.,Speaker 8
0:03:50.12,0:03:50.52,230.12,230.52,Frank Sprague,Claremont School Board Chair,Yep.,Speaker 2
0:03:50.72,0:04:03.28,230.72,243.28,Heather Whitney,"Claremont School Board member (medium - by content: policy committee update, not Carolyn)","Just on the approval of all the schools handbooks, there was a somewhat lengthy conversation that was parodied by Carolyn in regards to us receiving the books earlier. It seemed like something important to add to the minutes.",Speaker 8
0:04:03.48,0:04:12.00,243.48,252.00,Frank Sprague,Claremont School Board Chair,"Yeah, if we could add that Mrs. Whitman would be nice to get them earlier, preferably in the spring.",Speaker 2
0:04:12.08,0:04:13.12,252.08,253.12,Heather Whitney,"Claremont School Board member (medium - by content: policy committee update, not Carolyn)",That's all.,Speaker 8
0:04:13.20,0:04:16.16,253.20,256.16,Frank Sprague,Claremont School Board Chair,Over the summer.,Speaker 2
0:04:16.24,0:04:25.96,256.24,265.96,Frank Sprague,Claremont School Board Chair,Okay. Can I have a second on that second? Further discussion. All those in favor? Aye. Opposed?,Speaker 2
0:04:26.04,0:04:34.12,266.04,274.12,Rebecca Zullo,Claremont School Board member (Vice Chair per roster; not stated on this recording),"I need to abstain, Miss Mary, because I wasn't here. I'm abstaining from that because I wasn't here on September 4th.",Speaker 4
0:04:34.20,0:04:57.76,274.20,297.76,Frank Sprague,Claremont School Board Chair,"So we have a student representatives. This is Tyler Sullivan, and have already given him the drill. He needs to go to the podium.",Speaker 2
0:04:57.84,0:05:06.40,297.84,306.40,Tyler Sullivan,"Student representative to the school board, Stevens High School","So I am Tellus 11. I'm a senior at Stevens High School, and I'm the school board web.",Speaker 9
0:05:06.48,0:05:31.20,306.48,331.20,Tyler Sullivan,"Student representative to the school board, Stevens High School","So at Stevens High School, we tomorrow on Thursday, September 19th, we are welcoming a representative from the National Student Voice, aligned with the Nellie May Foundation, who will be hosting 90 minute sessions with 15 students in each session, holding a total of three sessions throughout the school day, which would consist of a total of 45 minute round tables and 45 minute which ups.",Speaker 9
0:05:31.28,0:05:53.80,331.28,353.80,Tyler Sullivan,"Student representative to the school board, Stevens High School","This would be a great opportunity for high school students to experience leadership in their school. The annual mini, the annual high school mini college fair, will be taking place tomorrow from 8 to 9 a.m., which will host lots of colleges in the area and in the country. It is a great way for our seniors and students to learn more about the college's payments and application process.",Speaker 9
0:05:53.88,0:06:21.04,353.88,381.04,Tyler Sullivan,"Student representative to the school board, Stevens High School","On Tuesday, October 1st, we about nationally were known speaker start from value up to visit. Stephenson  asked to assembly followed by an evening for parents and a staff training  as well that afternoon.  Credit. Yeah. Credit. Start is one of the survivors of the Taliban high school shooting. He was in the library, where ten students were killed.",Speaker 9
0:06:21.16,0:06:48.60,381.16,408.60,Tyler Sullivan,"Student representative to the school board, Stevens High School","Craig was watch. Sorry. Craig watched. Two of his friends were killed on both sides of him in a short time gap. When the shooters left the library, Creed led a group of students out the library. The next morning, he would learn his sister, Rachel Joyce Dot was the first to be killed, since then tried to dedicated his life to Martin, a difference in Stewart's share in his and his sister's story, spitting on a number of issues.",Speaker 9
0:06:48.76,0:06:52.48,408.76,412.48,Tyler Sullivan,"Student representative to the school board, Stevens High School",The biggest thing?,Speaker 9
0:06:52.56,0:07:24.40,412.56,444.40,Tyler Sullivan,"Student representative to the school board, Stevens High School","Sorry, the British thing that the experience is correct, has had numerous appearances on Oprah, The Today Show and another local and  under one of the maritime, many others. He was appointed to a presidential panel of on school safety and has been  a consistent voice in in the media after incidents of school violence. His presentations have helped to stop hundreds of documented suicides as well as several school students.",Speaker 9
0:07:24.52,0:07:56.64,444.52,476.64,Tyler Sullivan,"Student representative to the school board, Stevens High School","He has spoken to over a million people in live sentence methods with the seed stylist, who attended a wetland season A of college this past summer.  And they were beginning on Saturday on this Saturday, September 21st, for for their first day long intermission  called touring Colleges throughout New Hampshire. The weekly mentoring sessions with the students will begin on Tuesday, October 14th, immediately after school ends.",Speaker 9
0:07:56.72,0:08:21.40,476.72,501.40,Tyler Sullivan,"Student representative to the school board, Stevens High School","The sugar River Valley Regional centers have an open house tomato from 6 to 730. Stevens High School has also hosted a homecoming dance on the side of the day, September 21st hosted by Student Council. On September 26th, 2019,  a group of seniors are drawn to attend the college fair. Well over 200 colleges at Southern New Hampshire University.",Speaker 9
0:08:21.48,0:08:41.36,501.48,521.36,Tyler Sullivan,"Student representative to the school board, Stevens High School","Claremont Middle School, the Claremont Middle School will be hosting an open house tomorrow from 6 to 7 as well. On September 27th, Claremont Middle School will have a dance sponsored by the seventh grade class from 7 to 9. On the 30th they will have their picture day. I also at Sims along with the elementary schools. They will now choose love curriculum and advisories.",Speaker 9
0:08:41.40,0:09:04.24,521.40,544.24,Tyler Sullivan,"Student representative to the school board, Stevens High School",This quarter they are focusing on courage for Bluff Elementary School. They are hosting about the School of Abbot tomorrow from 6 to 7 as well. Designed now to be hosting the open House on September 25th from 530 to 7 p.m.  along with the barbecue. And they'll put today's on the 27th for Maple Avenue. They will be having an open house on September 24th from 6 to 7.,Speaker 9
0:09:04.28,0:09:10.18,544.28,550.18,Tyler Sullivan,"Student representative to the school board, Stevens High School",Austin's and family of Maple welcome. And that's it.,Speaker 9
0:09:10.26,0:09:13.18,550.26,553.18,Frank Sprague,Claremont School Board Chair,You don't get to sit down yet.,Speaker 2
0:09:13.26,0:09:16.26,553.26,556.26,Frank Sprague,Claremont School Board Chair,Any questions?,Speaker 3
0:09:16.34,0:09:17.82,556.34,557.82,Frank Sprague,Claremont School Board Chair,Mr. Peterson? And then.,Speaker 2
0:09:17.90,0:09:30.70,557.90,570.70,Michael Petrin,Claremont School Board member,"I had one question. Not really about the report, just out of curiosity, and I we may have discussed this in the past. I'm just trying to remember how is the student rep chosen? I'm just curious about it.",Speaker 7
0:09:30.74,0:09:39.10,570.74,579.10,Tyler Sullivan,"Student representative to the school board, Stevens High School",It's by interested seniors. They don't speak with the high school principal and then it goes from from them.,Speaker 9
0:09:39.18,0:09:42.78,579.18,582.78,Michael Petrin,Claremont School Board member,"Well, welcome.",Speaker 7
0:09:42.86,0:09:43.50,582.86,583.50,Frank Sprague,Claremont School Board Chair,Go ahead.,Speaker 3
0:09:43.58,0:09:53.10,583.58,593.10,Rebecca Zullo,Claremont School Board member (Vice Chair per roster; not stated on this recording),"Tyler, I just wanted to tell you that I am so stinking proud of you. And I'm really happy to see you standing up there. So well done.",Speaker 4
0:09:53.82,0:09:57.42,593.82,597.42,Carolyn Towle,Claremont School Board member,Are you attending the leadership conference tomorrow?,Speaker 10
0:09:57.50,0:10:01.70,597.50,601.70,Tyler Sullivan,"Student representative to the school board, Stevens High School",I'm actually one of the. I'm one of the only students who will be hosting it.,Speaker 9
0:10:01.78,0:10:10.46,601.78,610.46,Carolyn Towle,Claremont School Board member,"Wonderful. Can you make sure you give us feedback after you attend that? That would be great. Thank you, and welcome aboard.",Speaker 10
0:10:10.54,0:10:14.50,610.54,614.50,Frank Sprague,Claremont School Board Chair,Thank you very much.,Speaker 2
0:10:14.58,0:10:17.66,614.58,617.66,Frank Sprague,Claremont School Board Chair,"Thanks, John.",Speaker 2
0:10:17.74,0:10:20.06,617.74,620.06,Frank Sprague,Claremont School Board Chair,Superintendents report.,Speaker 2
0:10:20.14,0:10:20.52,620.14,620.52,Steve Moss,"Curriculum specialist, grades 6-12, SAU 6 (self-identified [149]; ASR also 'Steve Morse')",All right.,Speaker 3
0:10:20.54,0:10:24.62,620.54,624.62,Michael Tempesta,"Superintendent, SAU 6",So I.,Speaker 2
0:10:24.70,0:10:35.10,624.70,635.10,Michael Tempesta,"Superintendent, SAU 6",What I tried to do in the report and I can I can actually go. Up and what we're I met with the number the microphones. Fantastic.,Speaker 2
0:10:35.18,0:10:45.00,635.18,645.00,Unidentified,Unidentified - group response or short fragment,Okay.,Speaker 3
0:10:45.08,0:11:11.76,645.08,671.76,Michael Tempesta,"Superintendent, SAU 6","I can just I can just do it from here. So what we're trying to do,  and we talked about this as a administration administrative leadership team is we're trying to showcase the teaching and learning that goes on in the schools, and we want the community to to see that and be a part of that. And we're also trying to showcase now that we're out in, in the schools  every day for up to four hours, the administrative team.",Speaker 2
0:11:11.84,0:12:03.92,671.84,723.92,Michael Tempesta,"Superintendent, SAU 6","We're seeing a lot of things, a lot of amazing things, and we wanted to share those with you. So,  I'll just I'll just start. Okay. And I'm trying to stay stay with the visuals. And I'm going to be very outdone  by Mr. Moss right after my presentation, so  I'll be ready for that. So  I had the opportunity  to participate with Mr. Moss, principal Romeo and,  science teacher, Mr. Bilodeau  at Dartmouth as part of the four  middle schools, two from New Hampshire and two from Vermont  that are  we had a ideation session, basically an open, open session  to plan how we were going to go forward with our five year partnership and to",Speaker 2
0:12:03.96,0:12:31.12,723.96,751.12,Michael Tempesta,"Superintendent, SAU 6","talk about the things in the fields of science and as well as in engineering. It was hosted at Thayer School of Engineering at Dartmouth.  Unbelievable facility. And you'll see a few slides in a minute to talk about that. But a really exciting opportunity. And it was really exciting to hear from their graduate students, engineering students  who were talking about the units that they hope to plan with the educators, and also, from the perspective of the educators,  exactly what it is that students need to know, want to know.",Speaker 2
0:12:31.36,0:12:57.12,751.36,777.12,Michael Tempesta,"Superintendent, SAU 6","And we used  the feedback from the Montana  museum as well. And they were participants  all kinds of exit survey data to come up with a with a plan  in a series of field trips, units and things like that that are going to be very exciting. That will keep you posted with over the next five years. So,  these are representatives.",Speaker 2
0:12:57.36,0:13:00.96,777.36,780.96,Michael Tempesta,"Superintendent, SAU 6",I don't know if I have to go.,Speaker 2
0:13:01.04,0:13:03.56,781.04,783.56,Michael Tempesta,"Superintendent, SAU 6",Vegas here. Okay. So all.,Speaker 2
0:13:03.56,0:13:04.64,783.56,784.64,Unidentified,Unidentified - group response or short fragment,Right.,Speaker 3
0:13:04.72,0:13:33.40,784.72,813.40,Michael Tempesta,"Superintendent, SAU 6","So,  this is the curator of the museum, the leader of the museum, and the person behind. I forget the  woman's name,  a post postdoc from Stanford who's running the whole program now for for  for Dartmouth. But these were some of the topics, and it's tough to see them at home that the students came up with, as did other science participants, about the topics which they want to learn about, and engineering  the brain science.",Speaker 2
0:13:33.40,0:14:02.32,813.40,842.32,Michael Tempesta,"Superintendent, SAU 6","That's the leading one down there.  And a few other things. The specifications.  I'm sorry, it's hard to be that  of, what makes a great theme. Okay. We we brainstorm that,  in the series, this is  the perspective of the teachers, the  perspective of the grad students and the team project leaders as to what they could offer and what they wanted to get out of the session going forward.",Speaker 2
0:14:02.40,0:14:29.52,842.40,869.52,Michael Tempesta,"Superintendent, SAU 6","These are some of the subjects. Botany, a lot of cell,  cell, really  high, high falutin science was going on that they were talking about. But I think what was really  out that I gleaned a lot from was hearing the teachers talk at the level as the graduate students as well, and also how this would play out, particularly in a middle school, classroom for kids to get excited about pursuing the field and the study of science.",Speaker 2
0:14:29.60,0:14:49.60,869.60,889.60,Michael Tempesta,"Superintendent, SAU 6","So  these are some of the,  3D printers that they had that were on a scale that I haven't seen in a school. Another interesting thing that they were talking about is they have money as well to help fund or in loan some of this equipment to the schools participating. So that was that was very exciting to hear.",Speaker 2
0:14:49.68,0:15:25.84,889.68,925.84,Michael Tempesta,"Superintendent, SAU 6","These were some of the replica busts they made of the graduate students themselves  in there, just to see if it worked.  This is again, the same brainstorming  session. These  objects, they were mobility projects and they, they were given all the this apparatus. And when you see some of the equipment that they have  in the next couple of slides, they, they had a few labs where open tinkering labs like makerspace that you see at the  public school level.",Speaker 2
0:15:25.84,0:15:48.04,925.84,948.04,Michael Tempesta,"Superintendent, SAU 6","They have that in the the Graduate Thayer School of Engineering as well. And these are some of the things that every student can tinker on. Okay. The hybrid Formula One racing car  that they drop in and they work as part of a systems team to engineer that.  There's our teacher, as well as another science teacher from Vermont.",Speaker 2
0:15:48.12,0:16:15.72,948.12,975.72,Michael Tempesta,"Superintendent, SAU 6","And we were just looking at how, how and how that's designed. And also  I talked to the lead biology teacher, and he also  mentioned that we may be able to have a field trip and have the, the these cars actually come to the middle school and, and be on display. And we're going to try to arrange things like that for the community and have replica units with model cars that the students could work on and other types of design elements.",Speaker 2
0:16:15.72,0:16:42.63,975.72,1002.63,Michael Tempesta,"Superintendent, SAU 6","So it was it was really it was pretty engaging.  Again, this this is a team of the engineers sitting  engineering students with the teachers.  This gentleman is a cognitive scientist. And, who is being wooed by who who did he say like Google or some Amazon or some basically what what you see that cap that he puts on his head?",Speaker 2
0:16:42.64,0:17:07.72,1002.64,1027.72,Michael Tempesta,"Superintendent, SAU 6","It's it's an imaging  neural cap that shows how the neurons fire in the brain to a pretty high degree of sophistication, even though it looks like a hat.  But he also talked about some of the experimentation you could do with that. And to show kids even guided thinking in different parts of the brain, light up. And and those are some of the things that we're going to actually be able to bring into the classes at  the middle school.",Speaker 2
0:17:07.72,0:17:40.28,1027.72,1060.28,Michael Tempesta,"Superintendent, SAU 6","So we're excited about it. And these are the  PBL  programs just walking around students working in the afternoons at the middle school. I just tried to snap a few shots going around  at the schools.  Some of the posters,   having to do with courage and perseverance  as a theme by the whole school.  It was really wonderful to see  these students are designing and testing bridges,  as well.",Speaker 2
0:17:40.28,0:18:06.04,1060.28,1086.04,Michael Tempesta,"Superintendent, SAU 6","This is the afternoon block that everyone goes off into groups, and I'll get you a list of those blocks. And so that you can see those skillful teacher is those that we had almost 24, I think, I think we 24 people, including administrators and teachers, taking the skillful teacher course here in this room today,  just a few hours ago, literally, it did not look like it does today.",Speaker 2
0:18:06.04,0:18:26.64,1086.04,1106.64,Michael Tempesta,"Superintendent, SAU 6","It kind of looked like this is a classroom visit from Maple that I put in there for good measure. And this is the this same room and that's the same screen with the presenter. They were in here all day as a series of eight  full day workshops that they're going to have on, on,  improving their repertoire of teaching.",Speaker 2
0:18:26.64,0:18:54.04,1106.64,1134.04,Michael Tempesta,"Superintendent, SAU 6","And we hope to have another spring cohort of people educated all this through  our our training grants. Okay. But just to build capacity in the classroom for teaching and learning, there's a group, high school, chemistry teacher and our two of our elementary principals. Okay.  Audrey. Audrey getting up to go do bunch. Bus duty waits for no person.",Speaker 2
0:18:54.08,0:19:25.31,1134.08,1165.31,Michael Tempesta,"Superintendent, SAU 6","Okay.  All right, so in  the, you know, just just a good bunch. Very well received. Incredible presenters.  Research for better teaching is an outfit out of Massachusetts. John Sapphire and  Robert Gower, who created this book. It's the Bible for educators  for for teaching and learning.  Completely a framework for the Massachusetts state frameworks and for all of the curriculum frameworks in observation and evaluation  throughout the country.",Speaker 2
0:19:25.32,0:19:51.32,1165.32,1191.32,Michael Tempesta,"Superintendent, SAU 6","So it's kind of the Bible and work they've been doing for 35, 40 years. So very, very great in their field. Teachers were fired up, fired up about taking. The coffee was flowing, the snacks were out, you know, it was people were getting punchy. I think I was there were about 2 or 3, so but again, groups from everywhere  doing their activities.",Speaker 2
0:19:51.40,0:20:20.36,1191.40,1220.36,Michael Tempesta,"Superintendent, SAU 6","The last thing I had to report on that I want to talk about,  it's an important thing that's going on this week. There's two funding meetings that are going on the 19th and the 20th. One is there's a, a meeting  convening of of the JLC AR. Okay. And this letter is specific to the Medicaid funding that we were talking about before, where they want to put a new threshold of how you have to report.",Speaker 2
0:20:20.36,0:20:51.08,1220.36,1251.08,Michael Tempesta,"Superintendent, SAU 6","This is still very much in flux right now. And what the  Superintendents Association in the Sped Directors Association put together was this  letter imploring the committee to.  To reconsider their option for changing this midstream.  We talked about this briefly,  and basically they're saying it's not the emergency that they think it is. I understand that they had a  fairly significant meeting today, and we're still going to wait to see the course of this.",Speaker 2
0:20:51.16,0:21:15.48,1251.16,1275.48,Michael Tempesta,"Superintendent, SAU 6","The other thing that is happening tomorrow at the joint session of the House and Senate, is that they're going to be talking about  overriding the governor's veto, which, of course, we would be very much in favor of in Claremont. It would really mean that a lot of money would come to us. That is,  we're now in the precarious state  of continuing with a continued resolution for the folks at home.",Speaker 2
0:21:15.48,0:21:37.80,1275.48,1297.80,Michael Tempesta,"Superintendent, SAU 6","That just basically means that we don't know how we're going to be funded going forward. We do know that it's going to be a significant detriment to us  to aid, not know for planning purposes, and also to be operating at only a quarter of our budget that was promised for the year. So  we're hoping there's a change in that, but we don't know how that is going to go.",Speaker 2
0:21:37.88,0:21:56.16,1297.88,1316.16,Michael Tempesta,"Superintendent, SAU 6","But those are the two financial matters. It's a precarious time, but we're hoping that this should be resolved  one way or another in the next couple of months. So and that's all I have to report. I'd rather go back to the smiling faces of the kids. Maybe I should have led with the drier stuff. A note for next time.",Speaker 2
0:21:56.16,0:22:23.12,1316.16,1343.12,Michael Tempesta,"Superintendent, SAU 6","But, but,  I also have,  Mr. Moss did a great presentation and can speak about the,  the project based learning or the problem based learning. I  honestly didn't know that there's two kind of synonymous terms going back and forth. But either way, the concept is that there's a group putting your heads together and applying the knowledge that you're learning in a traditional format to specify to a specified problems.",Speaker 2
0:22:23.20,0:22:40.76,1343.20,1360.76,Michael Tempesta,"Superintendent, SAU 6",Give me a second here.,Speaker 2
0:22:40.84,0:22:53.40,1360.84,1373.40,Carolyn Towle,Claremont School Board member,I thought that they were going back for another vote by Friday. That was my understanding. Have they already gone back and he's vetoed it again?,Speaker 10
0:22:53.44,0:23:03.16,1373.44,1383.16,Michael Tempesta,"Superintendent, SAU 6","No no no. The 19th and 20th. They start meeting tomorrow in Friday. By Friday, we'll know both on the governor's veto and is also on the Medicaid.",Speaker 2
0:23:03.28,0:23:17.16,1383.28,1397.16,Carolyn Towle,Claremont School Board member,But isn't he saying that he has found a way to fund the educational piece? That's what he has said a couple times this week. Sununu said  that.,Speaker 10
0:23:17.24,0:23:19.96,1397.24,1399.96,Unidentified,Unidentified board member (question on state funding numbers),But is it the same numbers as we're looking at?  Well.,Speaker 3
0:23:20.04,0:23:23.72,1400.04,1403.72,Carolyn Towle,Claremont School Board member,There are no numbers mentioned. That's the problem.,Speaker 10
0:23:23.80,0:23:28.60,1403.80,1408.60,Unidentified,Unidentified board member (question on state funding numbers),"We were looking at.  Yeah. Well, why can't I both read the letter and there were.",Speaker 3
0:23:28.60,0:23:39.96,1408.60,1419.96,Frank Sprague,Claremont School Board Chair,"References to money?  But I'm not sure what was money we were already getting. It felt felt like a shell game to me, the way the money was being described, because I couldn't. We talked about it. We could figure.",Speaker 11
0:23:39.96,0:23:55.84,1419.96,1435.84,Michael Tempesta,"Superintendent, SAU 6","It out. Yeah, we're still going to get a fraction of what we were going to get. So if best case scenario, I think we were looking at almost two, 2.3 or 2.4 million,  if the if the budget from the legislature stayed, and as I understand it, and particularly from our.",Speaker 2
0:23:55.84,0:23:56.92,1435.84,1436.92,Unidentified,Unidentified - group response or short fragment,Representative.,Speaker 3
0:23:57.00,0:23:57.68,1437.00,1437.68,Frank Sprague,Claremont School Board Chair,An additional.,Speaker 11
0:23:57.72,0:24:13.52,1437.72,1453.52,Michael Tempesta,"Superintendent, SAU 6","An additional from what is already coming in. So that would have really filled some gaps and would have been a good position as we go into negotiating CBA's and all kinds of things that it would, it would have been really beneficial. We don't know where that stands now.",Speaker 2
0:24:13.72,0:24:26.92,1453.72,1466.92,Frank Sprague,Claremont School Board Chair,"What I couldn't sort out in the governor's letter was the difference between what we were already getting anyway. He was making references to money that we are we  already have gotten in the past, and I couldn't parse out.",Speaker 11
0:24:27.00,0:24:28.24,1467.00,1468.24,Carolyn Towle,Claremont School Board member,What new monies.,Speaker 10
0:24:28.36,0:24:32.96,1468.36,1472.96,Frank Sprague,Claremont School Board Chair,"What additional money was part of that without with the information he gave, I couldn't figure it out.",Speaker 11
0:24:33.16,0:24:33.44,1473.16,1473.44,Unidentified,Unidentified - group response or short fragment,And that's.,Speaker 3
0:24:33.44,0:24:40.64,1473.44,1480.64,Michael Tempesta,"Superintendent, SAU 6","What I representative also said when he presented, and I forget the gentleman's name at last.",Speaker 2
0:24:40.68,0:24:42.00,1480.68,1482.00,Frank Sprague,Claremont School Board Chair,Gary Merchant.,Speaker 11
0:24:42.08,0:24:55.16,1482.08,1495.16,Michael Tempesta,"Superintendent, SAU 6","So he kind of articulated that too. And it was still very gray as to particularly the school building money and a few other parts that it just didn't it didn't seem like it was fleshing out  to, to close to a third of what was originally promised.",Speaker 2
0:24:55.40,0:24:59.24,1495.40,1499.24,Frank Sprague,Claremont School Board Chair,"Jason, as I recall it, the.",Speaker 3
0:24:59.32,0:25:17.08,1499.32,1517.08,Jason Benware,Claremont School Board member,"Tow money was over, two year period was about 4.3 million, and the post veto solution was more like  1 in 1 point four. Yeah.  And so break that down over two years and we'd still be in the hole at budget season.",Speaker 12
0:25:17.12,0:25:17.56,1517.12,1517.56,Unidentified,Unidentified - group response or short fragment,"Oh, yeah.",Speaker 3
0:25:17.60,0:25:20.00,1517.60,1520.00,Jason Benware,Claremont School Board member,"So,",Speaker 12
0:25:20.08,0:25:48.08,1520.08,1548.08,Frank Sprague,Claremont School Board Chair,"Yeah, I think it's important to know that, again, this doesn't there's no freeze on the loss of stabilization grants at this point in with the continuing resolution, that means everything stays as it was. And that includes the continued loss of stabilization grants, which is about a quarter of a million to us just for that. And then, negotiated agreements, insurance increases.",Speaker 11
0:25:48.16,0:25:58.48,1548.16,1558.48,Frank Sprague,Claremont School Board Chair,"We easily could be looking at, I'm guessing 500 K  or more, just a level fund at 1920 levels for 2021.",Speaker 11
0:25:58.60,0:26:22.48,1558.60,1582.48,Jason Benware,Claremont School Board member,"If we went in the same, the same cycle as we have been over the last several years, we will without any increases. In our funding, we're going to be somewhere around 950 zero 0 to $1.1 million short going into budget season, based upon what we were last year and how much we're going to lose that after we lose that extra 4%.",Speaker 12
0:26:22.56,0:26:24.08,1582.56,1584.08,Frank Sprague,Claremont School Board Chair,Right. You're talking about the continuing.,Speaker 11
0:26:24.12,0:26:24.24,1584.12,1584.24,Jason Benware,Claremont School Board member,Yeah.,Speaker 12
0:26:24.28,0:26:26.64,1584.28,1586.64,Unidentified,Unidentified - group response or short fragment,The continuation. Yeah. Yeah.,Speaker 3
0:26:26.72,0:26:37.60,1586.72,1597.60,Frank Sprague,Claremont School Board Chair,"So yeah, because we, we've we've exceeded now at a quarter of a million after four years we've lost. We're operating at a million less stabilization money than we were.",Speaker 11
0:26:37.72,0:26:45.96,1597.72,1605.96,Jason Benware,Claremont School Board member,"And it's, it's exactly it's almost within a couple thousand dollars of how much we're in the hole. And we start to budget every year. Surprisingly.",Speaker 12
0:26:46.04,0:26:46.68,1606.04,1606.68,Unidentified,Unidentified - group response or short fragment,Yeah.,Speaker 3
0:26:46.76,0:26:50.64,1606.76,1610.64,Frank Sprague,Claremont School Board Chair,So it's very important.  Yes.,Speaker 11
0:26:50.72,0:26:52.08,1610.72,1612.08,Carolyn Towle,Claremont School Board member,I want to end on a really.,Speaker 10
0:26:52.08,0:26:53.20,1612.08,1613.20,Unidentified,"Unidentified - board-side interjections and questions (Medicaid, class rank) not tied to a name",Good note.,Speaker 6
0:26:53.28,0:27:03.12,1613.28,1623.12,Carolyn Towle,Claremont School Board member,I thought your presentation was awesome. And I think the audience at home really appreciates the way you're presenting.  Your report.,Speaker 10
0:27:03.20,0:27:08.52,1623.20,1628.52,Michael Tempesta,"Superintendent, SAU 6","The good. The good part hasn't happened yet. I mean,  yeah, yeah.",Speaker 2
0:27:08.60,0:27:09.04,1628.60,1629.04,Unidentified,Unidentified - group response or short fragment,Yeah.,Speaker 3
0:27:09.28,0:27:11.20,1629.28,1631.20,Michael Tempesta,"Superintendent, SAU 6","This part is, frankly, much better.",Speaker 2
0:27:11.24,0:27:14.88,1631.24,1634.88,Unidentified,Unidentified - group response or short fragment,"Okay. You introduce yourself, please. Sure.",Speaker 3
0:27:14.96,0:27:15.72,1634.96,1635.72,Unidentified,"Unidentified - board-side interjections and questions (Medicaid, class rank) not tied to a name",I just had two.,Speaker 6
0:27:15.76,0:27:31.22,1635.76,1651.22,Steve Moss,"Curriculum specialist, grades 6-12, SAU 6 (self-identified [149]; ASR also 'Steve Morse')","Yeah. Oh, I'm. I'm Steve Morse on the sixth through 12th grade. Oh, sorry.",Speaker 3
0:27:31.30,0:27:38.98,1651.30,1658.98,Unidentified,"Unidentified - board-side interjections and questions (Medicaid, class rank) not tied to a name",Change of how they were going to. So require us to prove the reverse  or.,Speaker 6
0:27:39.06,0:27:39.32,1659.06,1659.32,Steve Moss,"Curriculum specialist, grades 6-12, SAU 6 (self-identified [149]; ASR also 'Steve Morse')",Yeah.,Speaker 3
0:27:39.34,0:28:19.34,1659.34,1699.34,Michael Tempesta,"Superintendent, SAU 6","The, the perspective from, as it was explained by the, the lead rep.   To the superintendent association was that New Hampshire is going for reimbursement from the feds, which they haven't pursued for  ever. Okay. So they're going similar what we do in Massachusetts. So they're going for reimbursement. So they want to make sure that everything is  all the eyes are dotted and the teaser crossed when they're, meaning that we have really vetted people who can write and go forward  with the IEPs, with collecting for the Medicaid and the like.",Speaker 2
0:28:19.42,0:28:43.50,1699.42,1723.50,Michael Tempesta,"Superintendent, SAU 6","What the letter says that I included in the packet is from the associations with the special ed directors in the superintendents, is that they think it's premature to do that because it really puts at risk everything that's in the pipeline for this year, everything that's,  promised all the revenues that are in and everything that's allocated. So that's that's where things stand right now going back and forth.",Speaker 2
0:28:43.50,0:29:13.18,1723.50,1753.18,Michael Tempesta,"Superintendent, SAU 6","That's their perspective. It doesn't rise to the level of an emergency. And if in fact, if if taken that literally, it would be somewhere in the vicinity of $28 million immediately  impacting the cities and towns in New Hampshire. So that's that's what where the associations are. My understanding is that they met at length today. I don't know what, if anything, was completely resolved in that and that we'll we'll wait to see the results of that.",Speaker 2
0:29:13.18,0:29:17.46,1753.18,1757.46,Michael Tempesta,"Superintendent, SAU 6",And as well during the hearings tomorrow and Friday.,Speaker 2
0:29:17.50,0:29:19.06,1757.50,1759.06,Unidentified,"Unidentified - board-side interjections and questions (Medicaid, class rank) not tied to a name",So thank you.,Speaker 6
0:29:19.14,0:29:24.86,1759.14,1764.86,Unidentified,Unidentified - group response or short fragment,"Sure, sure. Any other  agenda item for our next meeting?",Speaker 3
0:29:24.86,0:29:26.86,1764.86,1766.86,Frank Sprague,Claremont School Board Chair,For sure.,Speaker 11
0:29:26.94,0:29:46.38,1766.94,1786.38,Steve Moss,"Curriculum specialist, grades 6-12, SAU 6 (self-identified [149]; ASR also 'Steve Morse')","Sure. All right. Now for better things for teaching learning. So I'm Steve Moss on the curriculum specialist for Sussex for grades six through 12th grade. So,  I'd like to start with a little presentation and some questions.",Speaker 3
0:29:46.46,0:30:05.08,1786.46,1805.08,Steve Moss,"Curriculum specialist, grades 6-12, SAU 6 (self-identified [149]; ASR also 'Steve Morse')",Is the sound playing?,Speaker 3
0:30:05.16,0:32:58.80,1805.16,1978.80,Steve Moss,"Curriculum specialist, grades 6-12, SAU 6 (self-identified [149]; ASR also 'Steve Morse')",We we tested this beforehand and it was working then. So there we go.,Speaker 3
0:32:58.88,0:33:37.36,1978.88,2017.36,Steve Moss,"Curriculum specialist, grades 6-12, SAU 6 (self-identified [149]; ASR also 'Steve Morse')","So we're in second week of our PBL initiative at the middle school. And so I would be remiss if I didn't mention Terry Hayward. She's the brainchild behind all of this. And it was put so much work effort into organizing the choice boards that you saw up on the screen. And so essentially, the way that the format is working is  the all the kids, all the teachers at the different grade levels get to pick a project that they would like to do with the kids, and then they figure out how to incorporate some of the same learning competencies that they would do in their normal classes,  and tie that into the projects that they're doing",Speaker 3
0:33:37.36,0:33:55.88,2017.36,2035.88,Steve Moss,"Curriculum specialist, grades 6-12, SAU 6 (self-identified [149]; ASR also 'Steve Morse')","with the students. And then they give out a choice board without their names on it, just the projects to the kids. And the kids pick their first, second and third choice.  And then Terry Hayward takes them all home and she schedules them. She spent like two frantic nights, like organizing the entire school and, you know, put these kids into their project groups.",Speaker 3
0:33:55.96,0:34:22.92,2035.96,2062.92,Steve Moss,"Curriculum specialist, grades 6-12, SAU 6 (self-identified [149]; ASR also 'Steve Morse')","And then at the end of the school day, the last what is it? 45 minutes, our 55 minutes of the school day. The kids all go to their different projects and they work on these engaging projects. So, for example, Terry Hayward is doing the labyrinth project that we saw. And what she does is she takes these kids out and has them build the maze, and they do all the mathematic calculations for the for the, you know, the how to build an elaborate and these  the automobile one.",Speaker 3
0:34:22.92,0:34:52.20,2062.92,2092.20,Steve Moss,"Curriculum specialist, grades 6-12, SAU 6 (self-identified [149]; ASR also 'Steve Morse')","It started out where kids were going to learn how to change a tire on the car, but the kids have taken it into a whole new level. Whole class is going in and they're researching how they buy a car versus leasing the car. What are the differences and why? Why should you consider one over the other? The day that I was in there, they were going on to Claremont Insurance Company websites and getting the rates of what they would have to pay for the insurance on a vehicle so they could figure out the overall cost of the vehicle that they want.",Speaker 3
0:34:52.28,0:35:12.80,2092.28,2112.80,Steve Moss,"Curriculum specialist, grades 6-12, SAU 6 (self-identified [149]; ASR also 'Steve Morse')","Then they go in and they figure out what kind of career path they need to get to get the job, to get the car that they want to buy.  So it's all kind of connected together. And the second part of the course, they go in and they learn the maintenance on the vehicle. And that's what those kids were, you know, learning the different parts of the engine and learning, you know, where is the starter, where's the alternator, where's the.",Speaker 3
0:35:12.80,0:35:33.16,2112.80,2133.16,Steve Moss,"Curriculum specialist, grades 6-12, SAU 6 (self-identified [149]; ASR also 'Steve Morse')","So they could, you know, be able to perform maintenance on the car. So what's really exciting is walking around in school, the one day I was taking video, I wanted to get Terry Hayward because on camera, but she had taken her kids out to a corn maze to do all the mathematical calculations on a field trip, so I couldn't get her on film.",Speaker 3
0:35:33.16,0:35:49.56,2133.16,2149.56,Steve Moss,"Curriculum specialist, grades 6-12, SAU 6 (self-identified [149]; ASR also 'Steve Morse')","So I'm very I'm very sorry, but she was doing some cool stuff with her kids.  But what I've noticed when I go around is the engagement level of these kids is off the charts. You know, you go in there, they're all working, they're all very interested in what they're doing. And, you know, hopefully they learn something about it.",Speaker 3
0:35:49.56,0:36:05.20,2149.56,2165.20,Steve Moss,"Curriculum specialist, grades 6-12, SAU 6 (self-identified [149]; ASR also 'Steve Morse')","And it's kind of interesting. So we're pretty excited about it. Everything so far has been really positive.  And that's what I had to report. So I was hoping that you would be able to see some of that. And I'll be happy to take any questions. Or do you want to add. Oh yeah. Yeah, yeah, yeah. Go right ahead.",Speaker 3
0:36:05.28,0:36:08.60,2165.28,2168.60,Steve Moss,"Curriculum specialist, grades 6-12, SAU 6 (self-identified [149]; ASR also 'Steve Morse')","Audra Buckland, our esteemed vice principal.",Speaker 3
0:36:08.68,0:36:29.16,2168.68,2189.16,Audra Buckland,"Assistant (vice) principal, Claremont Middle School","I, in addition to Terry, I think we'd be remiss if we didn't talk about how we got to this point now. And it's been a multiple year effort that involved teachers, administrators at the district level, school level parents  at one point in time, looking at our schedule and looking at our curriculum and what happens in our building and saying, what?",Speaker 13
0:36:29.16,0:36:49.76,2189.16,2209.76,Audra Buckland,"Assistant (vice) principal, Claremont Middle School","Where could we be, and visioning something else. And from the get go, one of the common threads was we wanted something that allowed for interdisciplinary instruction and more project based work for students, because we know that's how to engage students and keep them engaged in their learning.  So everybody was unified in that. And then we started to look at the schedule.",Speaker 13
0:36:49.76,0:37:17.32,2209.76,2237.32,Audra Buckland,"Assistant (vice) principal, Claremont Middle School","So there was a lot that went into allowing this to happen and figuring out how we were going to get it into our schedule and a lot of support at every level to having that happen.  And also the teachers at the middle school are amazing. So these choice boards, as much as there's the logistics of creating them and then getting kids connected to them over the summer, Terri was sending out supportive articles and materials, and a lot of teachers have some background in this already, and we're excited about it.",Speaker 13
0:37:17.32,0:37:34.08,2237.32,2254.08,Audra Buckland,"Assistant (vice) principal, Claremont Middle School","But it took many, many, many extra hours of work than what we pay them for as a district or as a school to to invest in this. And they're excited about it and they're doing it, and it's an extra class for all you know, they all had their preps and the things that they've been teaching over the years.",Speaker 13
0:37:34.08,0:37:54.20,2254.08,2274.20,Audra Buckland,"Assistant (vice) principal, Claremont Middle School","But this is new and they I haven't seen a complaint. They're super engaged and they're excited to plan for the next one. We do have to think about how we're going to sustain that level of energy. The other, you know, some other things that were pretty exciting. We this just came up this afternoon while I was sitting here in the skillful teacher workshop.",Speaker 13
0:37:54.28,0:38:18.20,2274.28,2298.20,Audra Buckland,"Assistant (vice) principal, Claremont Middle School","A teacher that was here, Courtney Steele, leaned over and said, oh, I just got an email during lunch I have to share with you. And she forwarded it. And it was from the director at the, I think, a nursing home in town. And I'm sorry, I don't remember exactly which one, but she has students doing a photojournalism project on Claremont and and what's out in our town and developing these video projects.",Speaker 13
0:38:18.20,0:38:42.96,2298.20,2322.96,Audra Buckland,"Assistant (vice) principal, Claremont Middle School","And  the director from this facility said that two, the two students that had gone in and interviewed him and wanted to take some video were incredibly professional in the way that they approached him. And he was just so proud of, you know, these students from our local community coming in and being so polite and so professional. And he was extending an invite to them to  do some volunteering.",Speaker 13
0:38:42.96,0:39:17.00,2322.96,2357.00,Audra Buckland,"Assistant (vice) principal, Claremont Middle School","So the connections that we're making real time for kids with, with community is also kind of an output of this. And then something that's very near and dear to my heart as assistant principal already, and it's early and I almost probably shouldn't say it out loud, but behavior referrals during this part of the day are incredibly down. And and there are kids, even kids in this video who struggled to sit through one class  last year and and are excited when they get to that class.",Speaker 13
0:39:17.00,0:39:30.56,2357.00,2370.56,Audra Buckland,"Assistant (vice) principal, Claremont Middle School","But not only that, seeing some improvement in behavior in the morning, I think because they're looking forward to something in their day. And so I guess I will leave it on that. Hopefully, hopefully we'll have even more data to back that up.",Speaker 13
0:39:30.64,0:39:31.64,2370.64,2371.64,Unidentified,Unidentified - short interjections and vote responses,Thank you.,Speaker 14
0:39:31.72,0:39:35.12,2371.72,2375.12,Unidentified,"Unidentified - board-side interjections and questions (Medicaid, class rank) not tied to a name",Oh.,Speaker 6
0:39:35.20,0:39:54.40,2375.20,2394.40,Rebecca Zullo,Claremont School Board member (Vice Chair per roster; not stated on this recording),"I just had a comment or a couple of them, but I'm ecstatic to hear that teachers are finally able to,  have a little bit more control over what they're teaching and how they're teaching, because that's something that's been extremely frustrating to me for  years, that teachers seem to be trapped in what they're required to do and how they do it.",Speaker 4
0:39:54.40,0:40:15.84,2394.40,2415.84,Rebecca Zullo,Claremont School Board member (Vice Chair per roster; not stated on this recording),"So I'm loving hearing that. The second thing is, I wish they had that when Aiden was in school because he would have loved it. And the third thing is, I'm hearing fantastic things from my daughter about, about her class that she's in. She's got an amazing teacher she's interested in doing, participating in the class now. And those are all things that I think make happy students and happy teachers.",Speaker 4
0:40:15.84,0:40:27.52,2415.84,2427.52,Rebecca Zullo,Claremont School Board member (Vice Chair per roster; not stated on this recording),"And  when they want to be there, we all know the results are way better. So I'm I'm just really happy. Like so happy. I could cry about it because it's kind of a big deal.",Speaker 4
0:40:27.60,0:40:35.92,2427.60,2435.92,Frank Sprague,Claremont School Board Chair,"When Mr. Moss is talking about engagement. That's what I was thinking about to his students on task and off task  and,",Speaker 11
0:40:36.00,0:40:38.12,2436.00,2438.12,Unidentified,Unidentified - short interjections and vote responses,Shoot some of that video. You know.,Speaker 14
0:40:38.20,0:40:52.32,2438.20,2452.32,Steve Moss,"Curriculum specialist, grades 6-12, SAU 6 (self-identified [149]; ASR also 'Steve Morse')","Those those kids all on the computer banks. You know, I didn't have to tell them anything. They were they were they were working. They were going. And the teacher comes up to me, he's like, I've never seen him this engaged. This is just fantastic. So, you know, they're really into it and it's really exciting.",Speaker 3
0:40:52.40,0:41:00.56,2452.40,2460.56,Frank Sprague,Claremont School Board Chair,"But Miss Buckland anticipated my question, which was,  would the heightened engagement, what's discipline look like? And pretty predictable.",Speaker 11
0:41:00.72,0:41:02.16,2460.72,2462.16,Unidentified,"Unidentified - board-side interjections and questions (Medicaid, class rank) not tied to a name",Yeah. Yes.,Speaker 6
0:41:02.24,0:41:02.88,2462.24,2462.88,Unidentified,Unidentified - short interjections and vote responses,Yeah.,Speaker 14
0:41:02.96,0:41:06.76,2462.96,2466.76,Rebecca Zullo,Claremont School Board member (Vice Chair per roster; not stated on this recording),So it's not rocket science.,Speaker 4
0:41:06.84,0:41:07.84,2466.84,2467.84,Frank Sprague,Claremont School Board Chair,Of course.,Speaker 11
0:41:07.92,0:41:08.45,2467.92,2468.45,Unidentified,Unidentified - short interjections and vote responses,Well.,Speaker 14
0:41:08.53,0:41:11.20,2468.53,2471.20,Heather Whitney,"Claremont School Board member (medium - by content: policy committee update, not Carolyn)","I, I wanted this in the middle.",Speaker 8
0:41:12.04,0:41:17.20,2472.04,2477.20,Tyler Sullivan,"Student representative to the school board, Stevens High School","We need to get this to the high school, into the other schools. Is that a possibility?",Speaker 9
0:41:17.28,0:41:18.64,2477.28,2478.64,Unidentified,Unidentified - short interjections and vote responses,We're we're working on.,Speaker 14
0:41:18.88,0:41:30.16,2478.88,2490.16,Steve Moss,"Curriculum specialist, grades 6-12, SAU 6 (self-identified [149]; ASR also 'Steve Morse')","Modeling it here and see how it works. And then, you know, definitely bringing it up into the upper grades because it works even better in high school. So we're excited about it.",Speaker 3
0:41:30.24,0:41:36.68,2490.24,2496.68,Unidentified,Unidentified - short interjections and vote responses,Good stuff. Thank you. Thank you. Appreciate it. Thank you. Okay.,Speaker 14
0:41:36.76,0:41:54.56,2496.76,2514.56,Frank Sprague,Claremont School Board Chair,"We would transition now to citizens comments, but I don't see any citizens. So we will move on to our discussion action items. I think what we'll do first is the, acceptance of donation of the Jack and Dorothy Byrne foundations. I'd be looking for a motion for that.",Speaker 11
0:41:54.68,0:41:56.40,2514.68,2516.40,Jason Benware,Claremont School Board member,I move that we accept the donation of.,Speaker 14
0:41:56.40,0:41:57.08,2516.40,2517.08,Jason Benware,Claremont School Board member,"20,000.",Speaker 12
0:41:57.08,0:41:58.60,2517.08,2518.60,Jason Benware,Claremont School Board member,"Dollars, 20,000.",Speaker 14
0:41:58.68,0:41:59.80,2518.68,2519.80,Frank Sprague,Claremont School Board Chair,"20,000.",Speaker 11
0:41:59.88,0:42:00.51,2519.88,2520.51,Jason Benware,Claremont School Board member,Jack and Dorsey.,Speaker 14
0:42:00.60,0:42:03.84,2520.60,2523.84,Jason Benware,Claremont School Board member,Byrne Foundation with our heartfelt thanks.,Speaker 12
0:42:03.92,0:42:06.68,2523.92,2526.68,Unidentified,"Unidentified - board-side interjections and questions (Medicaid, class rank) not tied to a name",A second.,Speaker 6
0:42:06.76,0:42:19.08,2526.76,2539.08,Frank Sprague,Claremont School Board Chair,"Did you get that, Mrs. Woodman? Further discussion again. This is unbelievable what this foundation does for our district. And it's just fantastic.",Speaker 11
0:42:19.16,0:42:19.60,2539.16,2539.60,Unidentified,Unidentified - short interjections and vote responses,Carolyn.,Speaker 14
0:42:19.68,0:42:21.40,2539.68,2541.40,Carolyn Towle,Claremont School Board member,Are we at comment stage?,Speaker 10
0:42:21.64,0:42:22.00,2541.64,2542.00,Unidentified,Unidentified - short interjections and vote responses,Yep.,Speaker 14
0:42:22.04,0:42:26.76,2542.04,2546.76,Carolyn Towle,Claremont School Board member,No.,Speaker 10
0:42:26.84,0:42:39.25,2546.84,2559.25,Carolyn Towle,Claremont School Board member,"Is there a plaque made for them thanking them in appreciation of there should be. I mean, somehow.,",Speaker 10
0:42:39.33,0:42:40.92,2559.33,2560.92,Unidentified,Unidentified - short interjections and vote responses,The wall of fame.,Speaker 14
0:42:41.00,0:42:42.75,2561.00,2562.75,Carolyn Towle,Claremont School Board member,Absolutely.,Speaker 10
0:42:42.83,0:42:44.36,2562.83,2564.36,Unidentified,Unidentified - short interjections and vote responses,A  little black for.,Speaker 14
0:42:44.44,0:42:45.80,2564.44,2565.80,Frank Sprague,Claremont School Board Chair,People who do wonderful things.,Speaker 11
0:42:45.84,0:42:46.80,2565.84,2566.80,Unidentified,"Unidentified - board-side interjections and questions (Medicaid, class rank) not tied to a name",That's a great idea.,Speaker 6
0:42:46.88,0:42:48.28,2566.88,2568.28,Heather Whitney,"Claremont School Board member (medium - by content: policy committee update, not Carolyn)",Maybe the tech center can make it.,Speaker 8
0:42:48.52,0:42:48.84,2568.52,2568.84,Jason Benware,Claremont School Board member,That would.,Speaker 12
0:42:48.88,0:42:49.36,2568.88,2569.36,Michael Petrin,Claremont School Board member,Be better.,Speaker 7
0:42:49.40,0:43:12.60,2569.40,2592.60,Carolyn Towle,Claremont School Board member,"That would even be better if the tech center makes it. But I, I think it's about time we start recognizing  all of the help that Claremont gives the school systems. So  and these people have outstanding outstanding been giving back. So.",Speaker 10
0:43:12.68,0:43:13.32,2592.68,2593.32,Carolyn Towle,Claremont School Board member,I'm sorry.,Speaker 10
0:43:13.40,0:43:15.32,2593.40,2595.32,Unidentified,Unidentified - short interjections and vote responses,Every year the foundation.,Speaker 14
0:43:15.52,0:43:18.12,2595.52,2598.12,Carolyn Towle,Claremont School Board member,In multiple times.,Speaker 10
0:43:18.20,0:43:20.08,2598.20,2600.08,Frank Sprague,Claremont School Board Chair,Yes we've had several.,Speaker 11
0:43:20.16,0:43:28.44,2600.16,2608.44,Carolyn Towle,Claremont School Board member,So  I would really appreciate that if  you know and take the thought and go run with it from there.,Speaker 10
0:43:28.44,0:43:30.20,2608.44,2610.20,Frank Sprague,Claremont School Board Chair,So maybe could.,Speaker 11
0:43:30.28,0:43:31.84,2610.28,2611.84,Unidentified,"Unidentified - board-side interjections and questions (Medicaid, class rank) not tied to a name","Yeah, yeah.",Speaker 6
0:43:31.92,0:43:49.24,2611.92,2629.24,Frank Sprague,Claremont School Board Chair,"I think of the, there's a soccer plaque in the used to be in the middle school, and it was made by the machine tool kits for a soccer team back in the 70s. And it was. That's pops into my mind when you said that.  Further comments.",Speaker 11
0:43:49.32,0:43:54.08,2629.32,2634.08,Rebecca Zullo,Claremont School Board member (Vice Chair per roster; not stated on this recording),"Nothing. I just want to say thank you, thank you, thank you. Now that it's the time to do that.",Speaker 4
0:43:54.16,0:44:00.68,2634.16,2640.68,Frank Sprague,Claremont School Board Chair,"All those in favor? Aye, aye. Opposed? Okay.",Speaker 11
0:44:00.76,0:44:03.56,2640.76,2643.56,Unidentified,"Unidentified - board-side interjections and questions (Medicaid, class rank) not tied to a name",My agenda here.,Speaker 6
0:44:03.64,0:44:06.11,2643.64,2646.11,Frank Sprague,Claremont School Board Chair,Policy approval.,Speaker 11
0:44:06.19,0:44:14.52,2646.19,2654.52,Heather Whitney,"Claremont School Board member (medium - by content: policy committee update, not Carolyn)",Was due to a myriad of personal situations we ended up having to defer to next week.,Speaker 8
0:44:14.52,0:44:20.92,2654.52,2660.92,Heather Whitney,"Claremont School Board member (medium - by content: policy committee update, not Carolyn)",So the update is just that. We'll have an update next. Next meeting. We will have it done by then.,Speaker 8
0:44:21.00,0:44:21.88,2661.00,2661.88,Unidentified,"Unidentified - board-side interjections and questions (Medicaid, class rank) not tied to a name",Okay.,Speaker 6
0:44:21.96,0:44:22.92,2661.96,2662.92,Unidentified,Unidentified - short interjections and vote responses,Excellent.,Speaker 14
0:44:23.00,0:44:46.93,2663.00,2686.93,Frank Sprague,Claremont School Board Chair,"So I wanted to talk a bit about future agenda items. The superintendent and I met with the mayor the other day, and we came up with an agenda, which we got today. So we'll be forwarding that off to folks soon. Regarding the, meeting on the 26th. Right here, I think it starts at 6:00, according to what we got from,  Mayor Lovett.",Speaker 11
0:44:47.00,0:44:48.44,2687.00,2688.44,Unidentified,Unidentified - short interjections and vote responses,Yeah. Okay.,Speaker 14
0:44:48.52,0:45:00.24,2688.52,2700.24,Frank Sprague,Claremont School Board Chair,"I think it starts at six. So do you want to change that or is that okay with everyone? 26, 26. It's a Thursday. It's a Thursday.",Speaker 11
0:45:00.32,0:45:05.52,2700.32,2705.52,Carolyn Towle,Claremont School Board member,I think I'll probably be missing. That's my assumption.,Speaker 10
0:45:05.60,0:45:05.84,2705.60,2705.84,Frank Sprague,Claremont School Board Chair,Yeah.,Speaker 11
0:45:05.96,0:45:07.08,2705.96,2707.08,Rebecca Zullo,Claremont School Board member (Vice Chair per roster; not stated on this recording),I think you should be missing.,Speaker 4
0:45:07.12,0:45:07.84,2707.12,2707.84,Unidentified,"Unidentified - board-side interjections and questions (Medicaid, class rank) not tied to a name",Yeah.,Speaker 6
0:45:07.92,0:45:08.80,2707.92,2708.80,Rebecca Zullo,Claremont School Board member (Vice Chair per roster; not stated on this recording),I will probably be.,Speaker 4
0:45:08.80,0:45:09.36,2708.80,2709.36,Unidentified,"Unidentified - board-side interjections and questions (Medicaid, class rank) not tied to a name",Missing two.,Speaker 6
0:45:09.40,0:45:10.16,2709.40,2710.16,Frank Sprague,Claremont School Board Chair,You're excused.,Speaker 11
0:45:10.20,0:45:14.88,2710.20,2714.88,Rebecca Zullo,Claremont School Board member (Vice Chair per roster; not stated on this recording),It's my son's home game and I'm working really hard to be a present parent this year.,Speaker 4
0:45:14.96,0:45:17.12,2714.96,2717.12,Unidentified,Unidentified - short interjections and vote responses,"Okay, okay.",Speaker 14
0:45:17.20,0:45:45.32,2717.20,2745.32,Frank Sprague,Claremont School Board Chair,"So that's coming up at 6:00, 6:00 on Thursday the 26th. Our next saw board meeting is the 10th. And if you haven't indicated that your will be attending, I think everybody's gotten an invite for that. So make sure that, as you as you know, those are, we see they're really close to having a quorum on those.",Speaker 11
0:45:45.36,0:46:20.32,2745.36,2780.32,Frank Sprague,Claremont School Board Chair,"That's helpful if we know who's going so we can actually have the meeting, then, school board retreat. It's going to be a single, as far as I can tell, a single agenda item, just simply the A conversation. Hopefully we'll have a lot more information than, than we do  now  around what we're looking at. Be great. If we could,  go into looking into negotiations and such without  wondering how much we would have to eliminate to to make ends meet.",Speaker 11
0:46:20.32,0:46:43.44,2780.32,2803.44,Frank Sprague,Claremont School Board Chair,"So,  again, I had written an I wrote an op ed to the e ticker, and I put communication. So how to get Ahold of your how to get Ahold of the governor, how to get Ahold of reps. It's in there. Give them a call. I think the main point in my op ed that this is, let's get past the tribal politics, and this is our.",Speaker 11
0:46:43.52,0:46:51.12,2803.52,2811.12,Frank Sprague,Claremont School Board Chair,These are our kids. This is our town. There's no us on them when it comes to our kids.,Speaker 11
0:46:51.20,0:46:53.04,2811.20,2813.04,Unidentified,"Unidentified - board-side interjections and questions (Medicaid, class rank) not tied to a name",So.,Speaker 6
0:46:54.56,0:46:55.92,2814.56,2815.92,Rebecca Zullo,Claremont School Board member (Vice Chair per roster; not stated on this recording),What time for the retreat?,Speaker 4
0:46:56.08,0:46:58.16,2816.08,2818.16,Frank Sprague,Claremont School Board Chair,The retreat is going to be.,Speaker 11
0:46:58.24,0:46:58.67,2818.24,2818.67,Unidentified,"Unidentified - board-side interjections and questions (Medicaid, class rank) not tied to a name",Ten.,Speaker 6
0:46:58.72,0:46:59.36,2818.72,2819.36,Frank Sprague,Claremont School Board Chair,10:00.,Speaker 11
0:46:59.40,0:46:59.58,2819.40,2819.58,Unidentified,Unidentified - short interjections and vote responses,Wonder.,Speaker 14
0:46:59.68,0:47:06.16,2819.68,2826.16,Frank Sprague,Claremont School Board Chair,"What is it? 10 to 1. And again, we'll do the same thing we've we've done in the past. We'll,",Speaker 11
0:47:06.24,0:47:09.00,2826.24,2829.00,Unidentified,"Unidentified - board-side interjections and questions (Medicaid, class rank) not tied to a name",Do breakfast.,Speaker 6
0:47:09.08,0:47:17.64,2829.08,2837.64,Frank Sprague,Claremont School Board Chair,"Do breakfast, kind of potluck. And then you folks will bring us some the paper.",Speaker 11
0:47:17.72,0:47:18.64,2837.72,2838.64,Unidentified,Unidentified - short interjections and vote responses,Notes.,Speaker 14
0:47:18.72,0:47:21.56,2838.72,2841.56,Frank Sprague,Claremont School Board Chair,And then we can figure out how to proceed.,Speaker 11
0:47:21.68,0:47:22.72,2841.68,2842.72,Unidentified,"Unidentified - board-side interjections and questions (Medicaid, class rank) not tied to a name",And I'll.,Speaker 6
0:47:22.72,0:47:24.24,2842.72,2844.24,Rebecca Zullo,Claremont School Board member (Vice Chair per roster; not stated on this recording),Bring the Kahlua for the coffee.,Speaker 4
0:47:24.32,0:47:26.20,2844.32,2846.20,Unidentified,"Unidentified - board-side interjections and questions (Medicaid, class rank) not tied to a name",Yeah.,Speaker 6
0:47:26.28,0:47:28.97,2846.28,2848.97,Frank Sprague,Claremont School Board Chair,All right. Other business.,Speaker 11
0:47:29.05,0:47:32.84,2849.05,2852.84,Michael Petrin,Claremont School Board member,My future is into.,Speaker 7
0:47:32.92,0:47:34.20,2852.92,2854.20,Frank Sprague,Claremont School Board Chair,I'm sorry. Future agenda.,Speaker 11
0:47:34.28,0:47:36.04,2854.28,2856.04,Michael Petrin,Claremont School Board member,Yeah. I had something to add.,Speaker 7
0:47:36.08,0:47:36.84,2856.08,2856.84,Frank Sprague,Claremont School Board Chair,Yes.,Speaker 11
0:47:36.92,0:47:57.56,2856.92,2877.56,Michael Petrin,Claremont School Board member,"I'm wondering,  an item that kind of was there, and then all sorts of stuff happened and fell off the list. Something I'm interested in is the grading system,  which I would like to see go by the wayside and be something different. But that's just my opinion that we were going to talk about that at some point.",Speaker 7
0:47:57.68,0:47:58.56,2877.68,2878.56,Carolyn Towle,Claremont School Board member,We all do.,Speaker 10
0:47:58.64,0:48:00.36,2878.64,2880.36,Unidentified,Unidentified - short interjections and vote responses,"We have a,",Speaker 14
0:48:00.44,0:48:25.32,2880.44,2905.32,Michael Tempesta,"Superintendent, SAU 6","We have a, a series of committees that we have going that we're going to start the meeting dates for that.  And just for people at home to the I think what's that issue is the, the linkage right, of the competency based reporting to an actual grade, that it's confusing that every everyone remembers when they were in school what an A, B, C, or D was.",Speaker 2
0:48:25.40,0:48:56.96,2905.40,2936.96,Michael Tempesta,"Superintendent, SAU 6","And it's great that we have the competency based initiative throughout the state that was mandated. And  frankly, we've done a good job with that. But it doesn't have to be necessarily tied to that. And that that's precisely what we're going to discuss. And we also, if there are folks out there  in the community, parents or students who want to be a part of that, please contact us and we'll put you on that committee as well, so that we can hear your your viewpoints.",Speaker 2
0:48:56.96,0:49:14.36,2936.96,2954.36,Michael Tempesta,"Superintendent, SAU 6","And I know from the,  the, you know, the listening sessions that I did over the summer, this, this, this was present in nearly every meeting to, from different constituencies, from teachers, from parents, from students, community members. So it's very much a hot button issue.",Speaker 2
0:49:14.40,0:49:15.64,2954.40,2955.64,Unidentified,Unidentified - short interjections and vote responses,So so.,Speaker 14
0:49:15.68,0:49:19.44,2955.68,2959.44,Frank Sprague,Claremont School Board Chair,"Having been there, done that, when this all happened, I was actually I was.",Speaker 11
0:49:19.44,0:49:20.04,2959.44,2960.04,Unidentified,Unidentified - short interjections and vote responses,The principal.,Speaker 14
0:49:20.04,0:49:47.72,2960.04,2987.72,Frank Sprague,Claremont School Board Chair,"And we initiated this.  And the reason we went to the, the, the, the P, we put in P plus due to my, my guidance background, I felt we needed more discrimination in the grades. So we wouldn't have we would everybody would have the same GPA  otherwise. And, the only reason we did that, this is what I was told.",Speaker 11
0:49:47.72,0:50:08.40,2987.72,3008.40,Frank Sprague,Claremont School Board Chair,This wasn't not my decision. Somebody told me this is why we did. It was so it would resemble the grades that were on the kneecap or the knee wasn't. Yeah. The knee cap at that time. So that's what you received for great on the knee cap. And so those grades were set up to resemble that. And that's really the only reason.,Speaker 11
0:50:08.48,0:50:33.60,3008.48,3033.60,Frank Sprague,Claremont School Board Chair,"So what you call a grade  we looked at other schools like, I think Charlie Gessner and I looked at other schools like Camp Campbell, Bedford, perhaps that kept their traditional grading system.  Because what you have to do with the is you have to take the letters, assign a number to it, and then turn it into a number and then turn it back into a letter again.",Speaker 11
0:50:33.68,0:50:59.48,3033.68,3059.48,Frank Sprague,Claremont School Board Chair,"And that's what it was. And and again, none of the systems out there really talk about what a P is or D as opposed to that all familiar grading system.  But it's in my mind it's a very easy fix. It doesn't it doesn't what you call the grade has nothing to do with competency based education. In my mind, it has nothing to do with it.",Speaker 11
0:50:59.52,0:51:01.36,3059.52,3061.36,Frank Sprague,Claremont School Board Chair,It's just simply what you call the grade.,Speaker 11
0:51:01.44,0:51:01.88,3061.44,3061.88,Unidentified,Unidentified - short interjections and vote responses,We we.,Speaker 14
0:51:01.92,0:51:23.44,3061.92,3083.44,Michael Tempesta,"Superintendent, SAU 6","Just we want to make sure. And I think overwhelmingly we're hearing the same thing that that white tie them together. And it's but I do think, that we should listen again and kind of do it formally in C before we, if there are things that are, you know, that that, that we missed in the process. I don't think so.",Speaker 2
0:51:23.60,0:51:50.36,3083.60,3110.36,Michael Tempesta,"Superintendent, SAU 6","Just from how, how much it's been beat to death. But I just want to make sure that we do this along with the other 7 or 8 committees that we have going.  We do a kind of consistently and we do it with,  with. Multiple viewpoints.  But some of the, some of the things they're not the I guess I, I don't know, a little bit, but people were talking people were talking about how, and this is what's really stuck with me is that it's starting to.",Speaker 2
0:51:50.44,0:52:35.96,3110.44,3155.96,Michael Tempesta,"Superintendent, SAU 6","Really, disincentivize students so that they feel like they're going to get there if they do it or don't do it. What's the point? Type of those were the types of things that I did to hear, and also kind of correlations and confusion  around around things like class rank around things like,  college admissions and things like that, that frankly, and you all just said this, that if it's if it's confusing things and there's a awful lot of work behind it, I would much rather opt to put all our eggs in the basket of getting more teachers, aligning the curriculum and doing these other types of gap analysis, other than kind of this somewhat",Speaker 2
0:52:36.00,0:52:55.24,3156.00,3175.24,Michael Tempesta,"Superintendent, SAU 6","esoteric connection between competencies and actual grades, you know, so that that that's that's if I my druthers but we we should be able to get back to you probably in a month or so  time with that. The results of that, that initial meetings of that committee and others safety.",Speaker 2
0:52:55.28,0:52:55.92,3175.28,3175.92,Frank Sprague,Claremont School Board Chair,And so.,Speaker 11
0:52:55.92,0:52:57.80,3175.92,3177.80,Michael Tempesta,"Superintendent, SAU 6",Let's put others that will publicize.,Speaker 2
0:52:57.84,0:53:10.24,3177.84,3190.24,Frank Sprague,Claremont School Board Chair,"So let's put the 1st October. First meeting in October, not not the report, but an update on on what we can. Yeah. An update on the grading system. Mike, you that sound good.",Speaker 11
0:53:10.39,0:53:11.28,3190.39,3191.28,Unidentified,Unidentified - short interjections and vote responses,Yes.,Speaker 14
0:53:11.36,0:53:12.64,3191.36,3192.64,Rebecca Zullo,Claremont School Board member (Vice Chair per roster; not stated on this recording),Everyone as well.,Speaker 4
0:53:12.72,0:53:13.72,3192.72,3193.72,Frank Sprague,Claremont School Board Chair,Go ahead.,Speaker 11
0:53:13.80,0:53:53.48,3193.80,3233.48,Rebecca Zullo,Claremont School Board member (Vice Chair per roster; not stated on this recording),"So, Mike, you haven't been here long. But a hot topic for me has always been school safety. And what are we doing. And I feel like we've discussed it a lot of times, but we haven't really,  come up with any answers or definitive ways that we're working to improve our schools in regard to safety. So I'm just wondering if at some point we can I have a conversation around the recommendations from the Department of Homeland Security  and see how safety improvements are going to be worked into the CIP plan, and just start talking about how we can make our schools safer for, kids, because I feel like we're really doing a disservice",Speaker 4
0:53:53.48,0:53:56.20,3233.48,3236.20,Rebecca Zullo,Claremont School Board member (Vice Chair per roster; not stated on this recording),right now.,Speaker 4
0:53:56.28,0:53:56.67,3236.28,3236.67,Frank Sprague,Claremont School Board Chair,Carolyn.,Speaker 11
0:53:56.76,0:53:58.28,3236.76,3238.28,Unidentified,"Unidentified - board-side interjections and questions (Medicaid, class rank) not tied to a name",This first.,Speaker 6
0:53:58.36,0:54:16.56,3238.36,3256.56,Carolyn Towle,Claremont School Board member,"Certainly is part of our, committee working on that and hopefully for their retreat will be able to present  back to the  retreat members just exactly where we are and what's going on.",Speaker 10
0:54:16.60,0:54:19.36,3256.60,3259.36,Unidentified,Unidentified - short interjections and vote responses,So super.,Speaker 14
0:54:19.44,0:54:52.20,3259.44,3292.20,Jason Benware,Claremont School Board member,"Something I wouldn't mind hearing at some point, since it's been over a year since we implemented the new policy, is I'd like to hear a report, possibly from the school nurses, about whether or not our incidences of head lice over the last year were less or more or equal to what they were before we changed the policy, because I'm kind of, I like to try to validate that the decision was actually it made a difference or not, or if it was, just simply made people feel better.",Speaker 12
0:54:52.28,0:55:03.84,3292.28,3303.84,Jason Benware,Claremont School Board member,"I think anecdotally, I'd heard that it sounded like it helped.  I'd like to see some  data, if it exists, if if indeed that did.",Speaker 12
0:55:03.92,0:55:08.60,3303.92,3308.60,Frank Sprague,Claremont School Board Chair,"And I think we had the alternative program that was at the 2nd October, 2nd October meeting.",Speaker 11
0:55:08.76,0:55:11.04,3308.76,3311.04,Unidentified,Unidentified - short interjections and vote responses,"Yeah, yeah.",Speaker 14
0:55:11.12,0:55:17.73,3311.12,3317.73,Frank Sprague,Claremont School Board Chair,If  I don't want to rush you on it. But since we're on the topic.,Speaker 11
0:55:17.81,0:55:19.24,3317.81,3319.24,Unidentified,Unidentified - short interjections and vote responses,It was.,Speaker 14
0:55:19.32,0:55:20.84,3319.32,3320.84,Michael Tempesta,"Superintendent, SAU 6",I was just going over with Misty.,Speaker 2
0:55:21.04,0:55:21.55,3321.04,3321.55,Heather Whitney,"Claremont School Board member (medium - by content: policy committee update, not Carolyn)","Yeah, okay.",Speaker 8
0:55:21.64,0:55:25.84,3321.64,3325.84,Michael Tempesta,"Superintendent, SAU 6","On that. It was the second meeting because I thought it was October 2nd, but it was.",Speaker 2
0:55:25.84,0:55:26.57,3325.84,3326.57,Unidentified,Unidentified - short interjections and vote responses,The second meeting.,Speaker 14
0:55:26.60,0:55:29.08,3326.60,3329.08,Michael Tempesta,"Superintendent, SAU 6",The  my own notation was the second meeting.,Speaker 2
0:55:29.08,0:55:48.48,3329.08,3348.48,Frank Sprague,Claremont School Board Chair,"So one of the things that we have had happened in the past is stuff that stayed on the future agenda items for forever. And, you know, I really don't I don't want that to happen this year. It'd be nice if we could get them retired and add other things that were curious.",Speaker 11
0:55:48.48,0:55:53.96,3348.48,3353.96,Michael Tempesta,"Superintendent, SAU 6","We want to have just a standing one so that we see it in each one templated, and then we remove it. Okay.",Speaker 2
0:55:54.04,0:56:14.56,3354.04,3374.56,Frank Sprague,Claremont School Board Chair,"You know, from frequent from nearest to most. Right now it's  the, you know, what would probably be at the bottom of the list would be the update on the grading policy  and the school nurses report. But, the rest of these things I'd like to get,",Speaker 11
0:56:14.64,0:56:24.32,3374.64,3384.32,Frank Sprague,Claremont School Board Chair,"You know, moving on. The other thing that we had on, forever on future agenda items was the was class ranked last year. It was on their.",Speaker 11
0:56:25.68,0:56:50.88,3385.68,3410.88,Frank Sprague,Claremont School Board Chair,"And, that's a little bit controversial. And it really got on the agenda several years ago when, when, when a student who  had opted to take a lot of, band and chorus performing arts courses instead of weighted courses, this is a student who was a National Merit Scholar. Wound up 10th in the class.",Speaker 11
0:56:50.96,0:57:23.40,3410.96,3443.40,Frank Sprague,Claremont School Board Chair,"And, you know, that type of measure where she didn't wasn't able to take the weighted courses, drove her her rank substantially below where, where it should have been. And so I think that the, I think the discussion was more around valedictory groups, perhaps something like  what colleges might do, where it becomes less students can take what they want to take, rather than that course that they need to take to be first or second.",Speaker 11
0:57:23.40,0:57:27.96,3443.40,3447.96,Frank Sprague,Claremont School Board Chair,So it becomes less of a race and more of a of a comprehensive experience. I think that's.,Speaker 11
0:57:27.96,0:57:28.72,3447.96,3448.72,Unidentified,Unidentified - short interjections and vote responses,What.,Speaker 14
0:57:28.80,0:57:34.04,3448.80,3454.04,Frank Sprague,Claremont School Board Chair,"If I recall correctly, that's sort of the genesis of that.",Speaker 11
0:57:34.12,0:57:52.96,3454.12,3472.96,Michael Tempesta,"Superintendent, SAU 6","It's I, I've been in the situations that some are as principal of some pretty competitive schools where, where  was the opposite where because Band Bandon was unweighted, it was more attractive to the highest level kids to take just just the opposite.",Speaker 2
0:57:53.08,0:57:53.72,3473.08,3473.72,Unidentified,Unidentified - short interjections and vote responses,Yeah.,Speaker 14
0:57:53.80,0:58:11.44,3473.80,3491.44,Michael Tempesta,"Superintendent, SAU 6","Like and they looked at it like, well, we may have to wait it and back and forth. You know, it didn't change, but particularly as it correlates to to math scores in music, I mean, there's there's a lot of studies on that, you know, on, on the improvement of, of, of grades.",Speaker 2
0:58:11.52,0:58:40.20,3491.52,3520.20,Frank Sprague,Claremont School Board Chair,"So one of the problems that, you know, and you could have the discussion, well, why wait grades. But the problem with that is, is that,  not all colleges weight them. And so you really put your kids at a disadvantage,  when they're applying against schools that do weight their grades in schools that don't. And if the college doesn't do something to to fix that, the kids from the schools where they don't wait, the grades are a huge disadvantage  for scholarships and everything.",Speaker 11
0:58:40.24,0:58:42.52,3520.24,3522.52,Frank Sprague,Claremont School Board Chair,So.,Speaker 11
0:58:42.60,0:58:50.68,3522.60,3530.68,Unidentified,"Unidentified - board-side interjections and questions (Medicaid, class rank) not tied to a name","Heather, you were talking about putting folks or students in the words in that you would are interested in eliminating the linear ranking?",Speaker 6
0:58:50.76,0:59:02.56,3530.76,3542.56,Frank Sprague,Claremont School Board Chair,"Well, if it would be what what they would be is valedictory groups would be one group might be over three, seven, five GPA, and then a 352375325 to a three point.",Speaker 11
0:59:02.56,0:59:03.20,3542.56,3543.20,Unidentified,Unidentified - short interjections and vote responses,Five.,Speaker 14
0:59:03.28,0:59:10.44,3543.28,3550.44,Frank Sprague,Claremont School Board Chair,"That you come up  come Lordi summa cum laude, magna cum laude. Types of groups.",Speaker 11
0:59:10.52,0:59:24.12,3550.52,3564.12,Unidentified,"Unidentified - board-side interjections and questions (Medicaid, class rank) not tied to a name",Concerned with that would be is is scholarships because  a lot of colleges really look at that one two rank and you're almost a shoo in to get a merit scholarship. If you're one two rank.,Speaker 6
0:59:24.32,0:59:32.80,3564.32,3572.80,Frank Sprague,Claremont School Board Chair,You would still have your GPA. Your GPA would still rank you power school would still rank you by your GPA in the class.,Speaker 11
0:59:32.84,0:59:36.52,3572.84,3576.52,Unidentified,"Unidentified - board-side interjections and questions (Medicaid, class rank) not tied to a name","But you just wouldn't be identified as in the graduating class, which.",Speaker 6
0:59:36.60,0:59:37.52,3576.60,3577.52,Frank Sprague,Claremont School Board Chair,You could still do.,Speaker 11
0:59:37.68,0:59:42.20,3577.68,3582.20,Unidentified,"Unidentified - board-side interjections and questions (Medicaid, class rank) not tied to a name","Still be a numerical ranking somewhere within the system that can be communicated to the colleges, right?",Speaker 6
0:59:42.20,0:59:53.80,3582.20,3593.80,Frank Sprague,Claremont School Board Chair,"Because power school keep track of who's GPA is what you can just put them into a, put them into an Excel and sort them, and you would know who  who had the highest GPA.",Speaker 11
0:59:53.88,0:59:56.24,3593.88,3596.24,Tyler Sullivan,"Student representative to the school board, Stevens High School",Can I say something on this? Yes.,Speaker 14
0:59:56.32,1:00:18.18,3596.32,3618.18,Tyler Sullivan,"Student representative to the school board, Stevens High School","Personally with valedictorian, it gives us something to shoot for.  So I think we should personally keep it the way how it is is it gives us something. It gives me something to shoot for.  I'm currently slowly making my way up. Yeah.  But I think that all the classes should be rated the same in some way.  Because I, I took band fire.",Speaker 9
1:00:18.24,1:00:29.64,3618.24,3629.64,Tyler Sullivan,"Student representative to the school board, Stevens High School","I'm not in it this year because I didn't fit.  But I think if someone takes Brandon choir every year, it should be able to be weighed in with the same, with the same amount of weight as the other classes.",Speaker 9
1:00:29.72,1:00:36.56,3629.72,3636.56,Frank Sprague,Claremont School Board Chair,"The weighted courses, which are typically AP courses or advanced courses.",Speaker 11
1:00:36.64,1:01:02.24,3636.64,3662.24,Heather Whitney,"Claremont School Board member (medium - by content: policy committee update, not Carolyn)","I kind of have an opposite opinion.  I graduated with a 4.0, but my senior year was, you know, drama, weights and choir.  So I would be furious if I was in a college level science course and someone thought that I was on par with them. Personally, I feel like if you have an identifiable goal of being number one, being able to achieve that through, you know, going the extra mile, I think that's 100% the way it should be.",Speaker 8
1:01:02.28,1:01:10.04,3662.28,3670.04,Frank Sprague,Claremont School Board Chair,"Yeah. Well, that was the but the that was the basis of the genesis of the conversation. So not to be mistaken with my opinion.",Speaker 11
1:01:10.12,1:01:10.52,3670.12,3670.52,Unidentified,Unidentified - short interjections and vote responses,Yeah.,Speaker 14
1:01:10.60,1:01:31.00,3670.60,3691.00,Michael Tempesta,"Superintendent, SAU 6","So I think one of the things we we had a meeting of the scheduling committee and that's another committee that we're going to put out there. And one of the things that came up, we were  just talking about the the number of hours per course and what are the criteria for for waiting and things like that and what what came up.",Speaker 2
1:01:31.08,1:01:56.36,3691.08,3716.36,Michael Tempesta,"Superintendent, SAU 6","And we don't have a solution. We're going to we're going to talk about some of the things that we can present at a faculty meeting, I believe, next week. But, the amount of time because the limit to the block schedule where particularly for Advanced Placement courses. So as opposed to courses that meet all year, that basically it's, it's even the, the schools that I'm used to that are block schedule schools.",Speaker 2
1:01:56.44,1:02:19.48,3716.44,3739.48,Michael Tempesta,"Superintendent, SAU 6","They have at least a half.  They go all year. They have a you used the term skinny differently than we used it in math.  They they have a they have a, they have a half year. So, so if a student took in also the schools, if you don't have at least a dozen AP offerings, every single high school in mass has at least a dozen.",Speaker 2
1:02:19.48,1:02:38.08,3739.48,3758.08,Michael Tempesta,"Superintendent, SAU 6","So the ones I had 17 and 18 and it wasn't it was not uncommon  for every nearly every student at Ashland High School took some type of AP  class, and usually 2 or 3 was that.",Speaker 2
1:02:38.20,1:02:43.92,3758.20,3763.92,Rebecca Zullo,Claremont School Board member (Vice Chair per roster; not stated on this recording),"I think that's been a complaint for many community members, myself included, that we don't offer enough.",Speaker 4
1:02:44.12,1:02:45.16,3764.12,3765.16,Carolyn Towle,Claremont School Board member,Yeah.,Speaker 10
1:02:45.24,1:02:47.96,3765.24,3767.96,Rebecca Zullo,Claremont School Board member (Vice Chair per roster; not stated on this recording),They fill up very fast because  we don't have enough.,Speaker 4
1:02:48.04,1:02:48.68,3768.04,3768.68,Michael Tempesta,"Superintendent, SAU 6",And kids.,Speaker 2
1:02:48.72,1:02:49.04,3768.72,3769.04,Frank Sprague,Claremont School Board Chair,Kids.,Speaker 11
1:02:49.04,1:03:02.80,3769.04,3782.80,Michael Tempesta,"Superintendent, SAU 6","Don't have the time to be as successful too, because they they only have them second semester instead of all year that they're competing against. So that's just these was just some of the things that we were talking about. We don't have a solution. We said that we would show some models of other.",Speaker 2
1:03:02.88,1:03:07.80,3782.88,3787.80,Rebecca Zullo,Claremont School Board member (Vice Chair per roster; not stated on this recording),"I'm just happy you guys are talking about it, because it's been a source of frustration for many of us.",Speaker 4
1:03:07.88,1:03:18.96,3787.88,3798.96,Michael Tempesta,"Superintendent, SAU 6","The teachers invited me to the to the meeting and they had some a lot of perspectives, a lot of concerns about math. And although, you know, everyone was there, things that it's easier.",Speaker 2
1:03:19.04,1:03:19.32,3799.04,3799.32,Frank Sprague,Claremont School Board Chair,But we.,Speaker 11
1:03:19.32,1:03:45.92,3799.32,3825.92,Michael Tempesta,"Superintendent, SAU 6","Also talked just conceptually about a few things where, it would be better in the current schedule. They teachers have approximately 120 to 140 students over the course of the year, six classes of, you know, 25 or so versus if they had five classes of 20, you know, they would just be they would have fewer kids, but for longer concentrated periods of time, periods of time over the course of a year.",Speaker 2
1:03:46.04,1:04:06.48,3826.04,3846.48,Michael Tempesta,"Superintendent, SAU 6","Well, you can see the growth in, in  particularly in my case, I was an English teacher. So the in a student's writing and comprehension all the way through, it's just some of those things that I mean, there's arguments for and against. But I, I think it's good I agree, Rebecca, that they, they want to look at it and, and and see what can happen.",Speaker 2
1:04:06.64,1:04:19.20,3846.64,3859.20,Michael Tempesta,"Superintendent, SAU 6","And you've heard what just happened. The middle school schedule was a block schedule just last year. And they worked for a couple of years looking at it, and they came up with all these innovative things that they're running with. So we'll see.",Speaker 2
1:04:19.28,1:04:21.48,3859.28,3861.48,Frank Sprague,Claremont School Board Chair,So plenty to discuss.,Speaker 11
1:04:21.56,1:04:23.40,3861.56,3863.40,Unidentified,Unidentified - short interjections and vote responses,Sure.,Speaker 14
1:04:23.48,1:04:33.96,3863.48,3873.96,Frank Sprague,Claremont School Board Chair,Okay. Any other future agenda items can I have Misty busy with this?,Speaker 11
1:04:34.04,1:04:40.46,3874.04,3880.46,Frank Sprague,Claremont School Board Chair,Okay. Any other business?,Speaker 11
1:04:40.54,1:04:41.58,3880.54,3881.58,Unidentified,Unidentified - short interjections and vote responses,I'll second that.,Speaker 14
1:04:41.66,1:04:44.26,3881.66,3884.26,Frank Sprague,Claremont School Board Chair,Further discussion. All those in favor?,Speaker 11
1:04:44.50,1:04:48.82,3884.50,3888.82,Unidentified,Unidentified - short interjections and vote responses,Aye. Okay. So.,Speaker 14
