9170	CITY COUNCIL & SCHOOL BOARD MEETING - 6-22	https://reflect-claremont.cablecast.tv/store-3/9170-SCHOOL-CITY-JOINT-MEETING-6-22-17-High-v1.mp4
9171	SCHOOL BOARD MEETING 6-21-17	https://reflect-claremont.cablecast.tv/store-3/9171-7EA-SCHOOL-BOARD-6-21-17-High-v1.mp4
9248	SCHOOL BOARD MEETING  8-2-17	https://reflect-claremont.cablecast.tv/store-3/9248-7EA-SCHOOL-BOARD-MEETING-8-2-17-High-v1.mp4
9268	SCHOOL BOARD MEETING 8-16-17	https://reflect-claremont.cablecast.tv/store-3/9268-7EA-SCHOOL-BOARD-MEETING-8-16-17-High-v1.mp4
9315	SCHOOL BOARD MEETING 9-6-17	https://reflect-claremont.cablecast.tv/store-3/9315-7EA-SCHOOL-BOARD-MEETING-9-6-17-High-v1.mp4
9328	SCHOOL BOARD MEETING 9/20	https://reflect-claremont.cablecast.tv/store-3/9328-7EA-SCHOOL-BOARD-MEETING-9-20-17-High-v1.mp4
9354	SCHOOL BOARD MEETING 10-4	https://reflect-claremont.cablecast.tv/store-3/9354-7EA-SCHOOL-BOARD-MEETING-10-4-17-High-v1.mp4
9357	CITY COUNCIL / SCHOOL BOARD JOINT MEETING 9-28-17	https://reflect-claremont.cablecast.tv/store-3/9357-CITY-COUNCIL-SCHOOL-BRD-JOINT-MTG-9-28-17-High-v1.mp4
9385	SCHOOL BOARD MEETING 10-18-17	https://reflect-claremont.cablecast.tv/store-3/9385-7EA-SCHOOL-BOARD-MEETING-10-18-17-High-v1.mp4
9406	SCHOOL BOARD MEETING 11-1-17	https://reflect-claremont.cablecast.tv/store-3/9406-7EA-SCHOOL-BOARD-MEETING-11-1-17-High-v1.mp4
9431	SAU#6 SCHOOL BOARD MEETING 11-2-17	https://reflect-claremont.cablecast.tv/store-3/9431-7EA-SAU-BUDGET-MEETING-11-2-17-High-v1.mp4
9442	SCHOOL BOARD MEETING 11-15	https://reflect-claremont.cablecast.tv/store-3/9442-SCHOOL-BOARD-MEETING-High-v1.mp4
9470	SCHOOL BOARD MEETING 11-29-17	https://reflect-claremont.cablecast.tv/store-3/9470-SCHOOL-BUDGET-WORK-SESSION-11-29-17-High-v1.mp4
9495	SCHOOL BOARD MEETING 12-6-17	https://reflect-claremont.cablecast.tv/store-3/9495-17EA-SCHOOL-BOARD-MEETING-12-6-17-High-v1.mp4
9496	PART 1 OF 2 -- SCHOOL BOARD MEETING OF 12-6-17	https://reflect-claremont.cablecast.tv/store-3/9496-for-VOD-ONLY-PART-1-SCHOOL-BOARD-MEETING-12-6-17-Low-v2.mp4
9497	PART 2 OF 2 -- SCHOOL BOARD MEETING OF 12-6	https://reflect-claremont.cablecast.tv/store-3/9497-PART-TWO-SCHOOL-BOARD-MEETING-12-6-17-Low-v2.mp4
9507	SCHOOL BOARD MEETING of 12-20	https://reflect-claremont.cablecast.tv/store-3/9507-SCHOOL-BOARD-12-20-2017-Low-v1.mp4
9547	Part 1 of 2 SCHOOL BUDGET HEARING 1-3-18	https://reflect-claremont.cablecast.tv/store-3/9547-for-vod-only-specail-SCHOOL-BUDGET-HEARING-1-3-1-Low-v1.mp4
9548	Part 2 of 2 - SCHOOL BUDGET HEARING OF 1-3-18	https://reflect-claremont.cablecast.tv/store-3/9548-VOD-ONLY-SPECIIAL-SCH-BUD-HEARING-PART-2-OF-1-3-1-Low-v1.mp4
9549	Part 1 of 2 - SCHOOL BOARD MEETING of 1-3-18	https://reflect-claremont.cablecast.tv/store-3/9549-SCH-BRD-MEET-1-3-18-REEL-1-Copy-Low-v1.mp4
9550	Part 2 of 2 SCHOOL BOARD MEETING of 1-3-18	https://reflect-claremont.cablecast.tv/store-3/9550-SCH-BRD-MEETING-OF-1-3-18-Low-v1.mp4
9586	SCHOOL BOARD MEETING 1-31	https://reflect-claremont.cablecast.tv/store-3/9586-8EA-SCHOOL-BOARD-MEETING-1-31-Low-v1.mp4
9602	SCHOOL BUDGET DELIBERATIVE SESSION 2-8	https://reflect-claremont.cablecast.tv/store-3/9602-at-10db-adjustment-SCHOOL-BOARD-DELIB-SESSION-PAR-Low-v1.mp4
9631	SCHOOL BOARD MEETING 2-21	https://reflect-claremont.cablecast.tv/store-3/9631-8EA-SCHOOL-BOARD-MEETING-2-21-Low-v1.mp4
9682	SCHOOL BOARD MEETING 3-21	https://reflect-claremont.cablecast.tv/store-3/9682-8EA-SCHOOL-BOARD-MEETING-3-21-Low-v1.mp4
9711	SCHOOL BOARD MEETING 4-4	https://reflect-claremont.cablecast.tv/store-3/9711-8EA-SCHOOL-BOARD-MEETING-4-4-Low-v1.mp4
9715	SAU SCHOOL BOARD MEETING 3-29	https://reflect-claremont.cablecast.tv/store-3/9715-8EA-SAU-SCHOOL-BOARD-MEETING-3-29-Low-v1.mp4
9740	SCHOOL BOARD MEETING 4-18	https://reflect-claremont.cablecast.tv/store-3/9740-8EA-SCHOOL-BOARD-MEETING-4-18-Low-v1.mp4
9764	SCHOOL BOARD 5-2	https://reflect-claremont.cablecast.tv/store-3/9764-8EA-School-Board-5-2-18-Low-v1.mp4
9790	SCHOOL BOARD MEETING 5-16	https://reflect-claremont.cablecast.tv/store-3/9790-8EA-SCHOOL-BOARD-MEETING-5-16-Low-v1.mp4
9828	SCHOOL BOARD MEETING 6-6	https://reflect-claremont.cablecast.tv/store-3/9828-SCHOOL-BOARD-6-6-18-Low-v1.mp4
9850	SCHOOL BOARD MEETING 6-20	https://reflect-claremont.cablecast.tv/store-3/9850-8EA-SCHOOL-BOARD-MEETING-6-20-Low-v1.mp4
9853	SAU 6 SCHOOL BOARD MEETING 6-14	https://reflect-claremont.cablecast.tv/store-3/9853-SAU-SCHOOL-BOARD-6-14-18-Low-v1.mp4
9876	S.A.U. #6 SCHOOL BOARD MEETING 6-28	https://reflect-claremont.cablecast.tv/store-3/9876-SAU-6-SCHOOL-BOARD-OF-6-28-18-Low-v1.mp4
9906	SAU 6 SCHOOL BOARD 7-12	https://reflect-claremont.cablecast.tv/store-3/9906-8EA-SAU6-BOARD-MEETING-7-12-Low-v1.mp4
9907	SCHOOL BOARD MEETING 7-18	https://reflect-claremont.cablecast.tv/store-3/9907-8PB-SCHOOL-BOARD-7-18-Low-v1.mp4
9928	SAU 6 SCHOOL BOARD MEETING 7-26	https://reflect-claremont.cablecast.tv/store-3/9928-SAU-6-OF-7-26-18-Low-v1.mp4
9950	SCHOOL BOARD MEETING 8-15	https://reflect-claremont.cablecast.tv/store-3/9950-8EA-SCHOOL-BOARD-MEETING-8-15-Low-v1.mp4
9974	SAU #6 SCHOOL BOARD MEETING of 8-23	https://reflect-claremont.cablecast.tv/store-3/9974-8EA-SAU-6-BOARD-MEETING-8-25-18-Low-v1.mp4
9986	SCHOOL BOARD MEETING of 9-5	https://reflect-claremont.cablecast.tv/store-3/9986-8EA-SCHOOL-BOARD-9-5-Low-v2.mp4
10002	SAU SCHOOL BOARD MEETING of 9-13	https://reflect-claremont.cablecast.tv/store-3/10002-8EA-SAU6-SCHOOL-BOARD-MEETING-9-13-Low-v1.mp4
10012	SCHOOL BOARD MEETING 9-19	https://reflect-claremont.cablecast.tv/store-3/10012-8EA-SCHOOL-BOARD-9-19-Low-v1.mp4
10044	SCHOOL BOARD MEETING OF 10-3	https://reflect-claremont.cablecast.tv/store-3/10044-SCHOOL-BOARD-10-3-18-Low-v1.mp4
10059	SAU#6 SCHOOL BOARD MEETING 10-18	https://reflect-claremont.cablecast.tv/store-3/10059-SAU-MEETING-OF-10-19-18-Low-v1.mp4
10093	SCHOOL BOARD MEETING 11-7	https://reflect-claremont.cablecast.tv/store-3/10093-8EA-SCHOOL-BOARD-11-7-Low-v1.mp4
10094	SAU#6 SCHOOL BOARD MEETING 11-9-18	https://reflect-claremont.cablecast.tv/store-3/10094-SAU-6-OF-11-08-18-Low-v1.mp4
10095	SCHOOL BOARD MEETING 10-30	https://reflect-claremont.cablecast.tv/store-3/10095-8EA-SCHOOL-BOARD-10-30-Low-v1.mp4
10139	SCHOOL BOARD MEETING 12-5	https://reflect-claremont.cablecast.tv/store-3/10139-8EA-SCHOOL-BOARD-12-5-Low-v1.mp4
10161	SCHOOL BOARD MEETING 12-19-18	https://reflect-claremont.cablecast.tv/store-3/10161-8EA-SCHOOL-BOARD-MEETING-12-19-Low-v1.mp4
10165	SAU # 6 SCHOOL BOARD MEETING 12-13-18	https://reflect-claremont.cablecast.tv/store-3/10165-SAU-6-SCHOOL-BOARD-MEETING-12-13-18-Low-v1.mp4
10185	SCHOOL BUDGET PUBLIC HEARING of 1-2	https://reflect-claremont.cablecast.tv/store-3/10185-SCHOOL-BUDGET-HEARING-1-2-19-Low-v1.mp4
10232	CLAREMONT SCHOOL BUDGET Deliberative Session of 2-6-19	https://reflect-claremont.cablecast.tv/store-3/10232-DELIB-SESSION-2-6-19-Low-v1.mp4
10252	SCHOOL BOARD meeting of 2-20-19	https://reflect-claremont.cablecast.tv/store-3/10252-SCHOOL-BOARD-2-20-19-Low-v1.mp4
10274	SCHOOL BOARD meeting 3-6-19	https://reflect-claremont.cablecast.tv/store-3/10274-SCHOOL-BOARD-MEETING-3-6-19-Low-v1.mp4
10294	SCHOOL BOARD meeting of 3-20-19	https://reflect-claremont.cablecast.tv/store-3/10294-SCHOOL-BOARD-OF-3-20-19-Low-v1.mp4
10304	SAU #6 SCHOOL BOARD meeting 3-28-19	https://reflect-claremont.cablecast.tv/store-3/10304-SAU-SCHOOL-BRD-MEETING-3-28-19-Low-v1.mp4
10310	SCHOOL BOARD meeting of 4-3-19	https://reflect-claremont.cablecast.tv/store-3/10310-SCHOOL-BOARD-4-3-19-Low-v1.mp4
10321	SAU #6 SCHOOL BOARD MEETING of 4-11-19	https://reflect-claremont.cablecast.tv/store-3/10321-SAU-6-MEETING-4-11-19-Low-v1.mp4
10330	SCHOOL BOARD meeting of 4-17-19	https://reflect-claremont.cablecast.tv/store-3/10330-SCHOOL-BOARD-MEETING-4-17-19-Low-v1.mp4
10350	SCHOOL BOARD meeting of 5-1-19	https://reflect-claremont.cablecast.tv/store-3/10350-SCHOOL-BOARD-OF-5-1-19-Low-v1.mp4
10358	JOINT MEETING of the CITY COUNCIL & SCHOOL BOARD 5-6-19	https://reflect-claremont.cablecast.tv/store-3/10358-JOINT-SCHOOL-BOARD-CITY-COUNCIL-MEETING-5-6-19-Low-v1.mp4
10374	SCHOOL BOARD MEETING 5-15-19 (proceeded by "Special Precedural Defect" meeting)	https://reflect-claremont.cablecast.tv/store-3/10374-SCHOOL-BOARD-and-PRECEDURAL-DEFECT-MEETING-5-15-Low-v1.mp4
10375	SAU #6 SCHOOL BOARD COMMITTEE meeting 5-16-19	https://reflect-claremont.cablecast.tv/store-3/10375-SAU-6-MEETING-5-16-19-Low-v1.mp4
10407	SAU #6 SCHOOL BOARD meeting of 6-4-19	https://reflect-claremont.cablecast.tv/store-3/10407-SAU-6-SCHOOL-BOARD-6-4-19-Low-v1.mp4
10463	SAU #6 SCHOOL BOARD meeting 7-25-19	https://reflect-claremont.cablecast.tv/store-3/10463-SAU-6-MEETING-7-25-19-Low-v1.mp4
10472	SCHOOL BOARD meeting 7-30	https://reflect-claremont.cablecast.tv/store-3/10472-SCHOOL-BOARD-MEETING-7-31-19-Low-v1.mp4
10506	SCHOOL BOARD meeting 8-21-19	https://reflect-claremont.cablecast.tv/store-3/10506-SCHOOL-BOARD-MEETING-8-21-19-Low-v1.mp4
10521	SCHOOL BOARD meeting 9-4-19	https://reflect-claremont.cablecast.tv/store-3/10521-school-board-9-4-19-13dB-Low-v1.mp4
10522	SAU #6 SCHOOL BOARD meeting 9-5-19	https://reflect-claremont.cablecast.tv/store-3/10522-SAU-SCHOOL-BOARD-0F-9-5-19-Low-v1.mp4
10537	SCHOOL BOARD meeting 9-18-19	https://reflect-claremont.cablecast.tv/store-3/10537-SCHOOL-BOARD-9-18-19-Low-v1.mp4
10558	SCHOOL BOARD meeting 10-2-19	https://reflect-claremont.cablecast.tv/store-3/10558-SCHOOL-BOARD-MEETING-10-1-19-1-Low-v1.mp4
10567	SAU #6 SCHOOL BOARD meeting 10-10-19	https://reflect-claremont.cablecast.tv/store-3/10567-SAU-10-10-19-Low-v1.mp4
10577	CLAREMONT SCHOOL BOARD meeting 10/16	https://reflect-claremont.cablecast.tv/store-3/10577-SCHOOL-BOARD-MEETING-10-17-19-Low-v1.mp4
10605	CLAREMONT SCHOOL BOARD meeting 11-6	https://reflect-claremont.cablecast.tv/store-3/10605-SCHOOL-BOARD-11-6-19-Low-v1.mp4
10623	SCHOOL BOARD MEETING of 11-20-19	https://reflect-claremont.cablecast.tv/store-3/10623-SCHOOL-BOARD-11-20-19-Low-v1.mp4
10638	CLAREMONT SCHOOLS PUBLIC HEARING and SCHOOL BOARD of 12-4-19	https://reflect-claremont.cablecast.tv/store-3/10638-HEARING-SCHOOL-BOARD-MEETING-12-4-19-Low-v1.mp4
10639	SAU #6 SCHOOL BOARD meeting of 12/5/19	https://reflect-claremont.cablecast.tv/store-3/10639-SAU-6-SCHOOL-BOARD-MEETING-125-19-Low-v1.mp4
10675	SAU#6 SCHOOL BOARD Public Hearing 1-2-20	https://reflect-claremont.cablecast.tv/store-3/10675-SAU-6-SCHOOL-BOARD-PUBLIC-HEARING-1-2-20-Low-v1.mp4
10683	CLAREMONT SCHOOL BOARD meeting 1/8/20	https://reflect-claremont.cablecast.tv/store-3/10683-SCHOOL-BOARD-1-8-20-Low-v1.mp4
10694	SCHOOL BOARD PRESENTATION on FY '21 Budget 1-15	https://reflect-claremont.cablecast.tv/store-3/10694-SCHOOL-BOARD-1-15-20-High-v1.mp4
10704	SCHOOL BOARD meeting 1-21-20	https://reflect-claremont.cablecast.tv/store-3/10704-SCHOOL-BOARD-1-21-20-High-v1.mp4
10722	SCHOOL BOARD Deliberative Session on the Budget 2/5/20	https://reflect-claremont.cablecast.tv/store-3/10722-DELIBERATIVE-SESSION-SCHOOL-BOARD-2-3-20-High-v1.mp4
10768	CLAREMONT SCHOOL BOARD meeting of 3/4/20	https://reflect-claremont.cablecast.tv/store-3/10768-SCHOOL-BOARD-3-4-20-High-v1.mp4
10842	SCHOOL BOARD Hearing & Meeting of 5/6/20	https://reflect-claremont.cablecast.tv/store-3/10842-SCHOOL-BOARD-5-6-20-High-v1.mp4
10876	SCHOOL BOARD meeting 6/3/20	https://reflect-claremont.cablecast.tv/store-3/10876-SCHOOL-BOARD-632020-High-v1.mp4
10942	SCHOOL BOARD MEETING - 8-5-20 Includes "Fall 2020 Back to School Plan"	https://reflect-claremont.cablecast.tv/store-3/10942-SCHOOL-BOARD-8-5-20-High-v1.mp4
10974	SCHOOL BOARD meeting 9/2/20	https://reflect-claremont.cablecast.tv/store-3/10974-Claremont-School-Board-9-2-2020-High-v1.mp4
10992	SAU 6 School Board Meeting 9/22	https://reflect-claremont.cablecast.tv/store-3/10992-SAU-6-SCHOOL-BOARD-MEETING-9-22-20-High-v1.mp4
10993	CLAREMONT SCHOOL BOARD meeting of 9/23/20	https://reflect-claremont.cablecast.tv/store-3/10993-SCHOOL-BOARD-MEETING-9-23-20-High-v1.mp4
11007	SCHOOL BOARD meeting 10/7	https://reflect-claremont.cablecast.tv/store-3/11007-SCHOOL-BOARD-of-10-7-20-High-v1.mp4
11056	SCHOOL BOARD live on 12/2/20	https://reflect-claremont.cablecast.tv/store-3/11056-High-v1.mp4
11106	School Board Meeting live on 12/16/20	https://reflect-claremont.cablecast.tv/store-3/11106-School-Board-of-12-16-20-v1/vod.m3u8
11175	School Board Meeting live on 1/6/21	https://reflect-claremont.cablecast.tv/store-3/11175-School-Board-1-6-21-v1/vod.m3u8
11216	School Board live on 1/27/21	https://reflect-claremont.cablecast.tv/store-3/11216-School-Board-of-1-27-21-v1/vod.m3u8
11262	School Board Budget Meeting of 1/13/21	https://reflect-claremont.cablecast.tv/store-3/11262-School-Board-Budget-Meeting-of-1-13-21-v1/vod.m3u8
11276	Claremont School Board: District Meeting Procedures of 2/1/21	https://reflect-claremont.cablecast.tv/store-3/11276-School-Board-2-1-21-v1/vod.m3u8
11281	Claremont School Board: District Meeting Procedures Part Two of 2/4/21	https://reflect-claremont.cablecast.tv/store-3/11281-School-Board-of-2-4-21-v1/vod.m3u8
11390	Claremont School Board Meeting of 3/17/21	https://reflect-claremont.cablecast.tv/store-3/11390-School-Board-of-3-17-21-v1/vod.m3u8
11444	Claremont School Board Meeting of 4/7/21	https://reflect-claremont.cablecast.tv/store-3/11444-School-Board-of-4-7-21-v2/vod.m3u8
11510	Claremont School Board Meeting of 5/5/21	https://reflect-claremont.cablecast.tv/store-3/11510-v1/vod.m3u8
11527	VOD School Board of 4-7-21	https://reflect-claremont.cablecast.tv/store-3/11527-VOD-School-Board-of-4-7-21-v1/vod.m3u8
11649	School Board live on 6/2/21	https://reflect-claremont.cablecast.tv/store-3/11649-v1/vod.m3u8
11776	Claremont School Board of 7/21/21	https://reflect-claremont.cablecast.tv/store-3/11776-School-Board-of-7-21-21-v1/vod.m3u8
11793	Claremont School Board Meeting of 8-4-21	https://reflect-claremont.cablecast.tv/store-3/11793-v1/vod.m3u8
11825	School Board live on 8/18/21	https://reflect-claremont.cablecast.tv/store-3/11825-v1/vod.m3u8
11862	Claremont School Board Meeting of 9/1/21	https://reflect-claremont.cablecast.tv/store-3/11862-v1/vod.m3u8
11886	School Board live on 9/15/21	https://reflect-claremont.cablecast.tv/store-3/11886-v1/vod.m3u8
11963	Claremont School Board of 10/20/21	https://reflect-claremont.cablecast.tv/store-3/11963-v1/vod.m3u8
12005	Claremont School Board of 11/3/21	https://reflect-claremont.cablecast.tv/store-3/12005-School-Board-110321-v1/vod.m3u8
12056	Claremont School Board of 12/1/21	https://reflect-claremont.cablecast.tv/store-3/12056-School-Board-120121-v1/vod.m3u8
12115	Claremont School Board of 1/5/22	https://reflect-claremont.cablecast.tv/store-3/12115-School-Board-010522-v1/vod.m3u8
12151	School Board Meeting live on 1/18/22	https://reflect-claremont.cablecast.tv/store-3/12151-School-Board-011822-v1/vod.m3u8
12180	Claremont School Board of 2/2/22	https://reflect-claremont.cablecast.tv/store-3/12180-022-02-02-School-Board-Meeting-v1/vod.m3u8
12204	School Board Deliberative Session of 2/9/22	https://reflect-claremont.cablecast.tv/store-3/12204-Claremont-School-Board-v2/vod.m3u8
12210	School Board Meeting Emergency Session of 2/16/22	https://reflect-claremont.cablecast.tv/store-3/12210-School-Board-Emergency-Meeting-021622-v1/vod.m3u8
12315	School Board Meeting live on 4/6/22	https://reflect-claremont.cablecast.tv/store-3/12315-School-Board-Meeting-040622-v1/vod.m3u8
12366	School Board Meeting of 5/4/22	https://reflect-claremont.cablecast.tv/store-3/12366-School-Board-Meeting-050422-v1/vod.m3u8
12399	School Board Meeting live on 5/18/22	https://reflect-claremont.cablecast.tv/store-3/12399-ClaremontSchoolBoard051822-v1/vod.m3u8
13420	Claremont School Board live on 6/15/22	https://reflect-claremont.cablecast.tv/store-3/13420-v1/vod.m3u8
13521	Claremont School Board 7/20/22	https://reflect-claremont.cablecast.tv/store-3/13521-SchoolBoardMeeting-072022-v1/vod.m3u8
13556	Claremont School Board Meeting of 8/17/22	https://reflect-claremont.cablecast.tv/store-3/13556-School-Board-Meeting-081722-v1/vod.m3u8
14582	Special Claremont School Board of 8/24/22	https://reflect-claremont.cablecast.tv/store-3/14582-SchoolBoard082422-v1/vod.m3u8
14595	Claremont School Board Meeting of 9/7/22	https://reflect-claremont.cablecast.tv/store-3/14595-SchoolBoard090722-Fixed-v6/vod.m3u8
14627	Claremont School Board Meeting of 9/21/22	https://reflect-claremont.cablecast.tv/store-3/14627-ClaremontSchoolBoard092122-v1/vod.m3u8
14654	Claremont School Board of 10/5/22	https://reflect-claremont.cablecast.tv/store-3/14654-SchoolBoard100522-v1/vod.m3u8
14681	Claremont School Board 10/19/22	https://reflect-claremont.cablecast.tv/store-3/14681-ClaremontSchoolBoard101922-v1/vod.m3u8
14693	Claremont School Board Special Meeting 11/3/22	https://reflect-claremont.cablecast.tv/store-3/14693-Claremont-School-Board-Special-Meeting-110322-v1/vod.m3u8
14728	Claremont School Board 11/17/22	https://reflect-claremont.cablecast.tv/store-3/14728-ClaremontSchoolBoard111722-v1/vod.m3u8
14833	Claremont School Board Meeting 1/11/23	https://reflect-claremont.cablecast.tv/store-3/14833-School-Board-Meeting-011123-v1/vod.m3u8
14835	Claremont School Board Meeting 1/9/23	https://reflect-claremont.cablecast.tv/store-3/14835-School-Board-010923-v1/vod.m3u8
14847	Claremont School Board and SAU6 Public Hearing Budget 1/17/23	https://reflect-claremont.cablecast.tv/store-3/14847-SAU6-ClaremontBudget-v1/vod.m3u8
14875	Claremont School Board Meeting 2/1/23	https://reflect-claremont.cablecast.tv/store-3/14875-Claremont-School-Board-020123-v1/vod.m3u8
14892	Claremont School Board Deliberative Session 2/8/23	https://reflect-claremont.cablecast.tv/store-3/14892-ClaremontDeliberative020823-v1/vod.m3u8
14909	Claremont School Board 2/15/23	https://reflect-claremont.cablecast.tv/store-3/14909-ClaremontSchoolBoard021523-v3/vod.m3u8
14937	Claremont School Board Meeting 3/1/23	https://reflect-claremont.cablecast.tv/store-3/14937-School-Board-030123-v1/vod.m3u8
15003	School Board Meeting live 4/5/23	https://reflect-claremont.cablecast.tv/store-3/15003-CSB-040523-v1/vod.m3u8
15028	Claremont School Board Meeting 4/19/23	https://reflect-claremont.cablecast.tv/store-3/15028-Claremont-School-Board-041923-v1/vod.m3u8
15058	Claremont School Board Meeting 5/3/23	https://reflect-claremont.cablecast.tv/store-3/15058-ClaremontSchoolBoard050323-v1/vod.m3u8
15123	School Board Meeting 6/7/23	https://reflect-claremont.cablecast.tv/store-3/15123-SchoolBoard060723-v1/vod.m3u8
15153	School Board Meeting 6/21/23	https://reflect-claremont.cablecast.tv/store-3/15153-SchoolBoard062123-v1/vod.m3u8
15205	Claremont School Board Meeting 7/19/23	https://reflect-claremont.cablecast.tv/store-3/15205-SchoolBoard071921-v1/vod.m3u8
15228	School Board Meeting 8/2/23	https://reflect-claremont.cablecast.tv/store-3/15228-SchoolBoard080223-v1/vod.m3u8
15240	School Board Meeting 8/9/23	https://reflect-claremont.cablecast.tv/store-3/15240-SchoolBoard080923-v1/vod.m3u8
15253	Claremont School Board Meeting 8/16/23	https://reflect-claremont.cablecast.tv/store-3/15253-SchoolBoard081623-v2/vod.m3u8
15286	Claremont School Board Meeting 9/6/23	https://reflect-claremont.cablecast.tv/store-3/15286-SchoolBoard090623-v1/vod.m3u8
15311	Claremont School Board Meeting 9/20/23	https://reflect-claremont.cablecast.tv/store-3/15311-30917-FAITH-LIFE-Fellowship-v1/vod.m3u8
15336	Claremont School Board 10/4/23	https://reflect-claremont.cablecast.tv/store-3/15336-DN-Monday-October-2-2023-v1/vod.m3u8
15357	Claremont School Board 10/18/23	https://reflect-claremont.cablecast.tv/store-3/15357-SchoolBoard101823-v1/vod.m3u8
15385	Claremont School Board 11/1/23	https://reflect-claremont.cablecast.tv/store-3/15385-SchoolBoard110123-v1/vod.m3u8
15413	Claremont School Board 11/15/23	https://reflect-claremont.cablecast.tv/store-3/15413-schoolboard111523-v1/vod.m3u8
15443	Claremont School Board Finance Committee - 11/30/23	https://reflect-claremont.cablecast.tv/store-3/15443-School-Board-Finance-Mtg-113023-v1/vod.m3u8
15444	Claremont School Board Finance Committee - 12/1/23	https://reflect-claremont.cablecast.tv/store-3/15444-SchoolBoardFinance120123-v1/vod.m3u8
15451	School Board Finance Mtg 12/18/23	https://reflect-claremont.cablecast.tv/store-3/15451-SchoolBoardFinance121823-v1/vod.m3u8
15452	Claremont School Board Finance Committee 12/6/23	https://reflect-claremont.cablecast.tv/store-3/15452-SchoolBoardFinance120623-v1/vod.m3u8
15453	School Board Meeting 12/6/23	https://reflect-claremont.cablecast.tv/store-3/15453-SchoolBoard120623-v1/vod.m3u8
15471	School Board Finance Mtg 12/13/23	https://reflect-claremont.cablecast.tv/store-3/15471-SchoolBoardFinance121323-v1/vod.m3u8
15483	Claremont School Board 12/20/23	https://reflect-claremont.cablecast.tv/store-3/15483-SchoolBoard122023-v1/vod.m3u8
15505	School Board Meeting 1/3/23	https://reflect-claremont.cablecast.tv/store-3/15505-School-Board-010323-v1/vod.m3u8
15510	School Board Finance Meeting 1/5/23	https://reflect-claremont.cablecast.tv/store-3/15510-SchoolBoardFin010524-v1/vod.m3u8
15531	Claremont School Board 1/17/24	https://reflect-claremont.cablecast.tv/store-3/15531-CSB-011724-v2/vod.m3u8
15552	Claremont School Deliberative Session 2/3/24	https://reflect-claremont.cablecast.tv/store-3/15552-School-Board-Deliberative-020324-v1/vod.m3u8
15585	School Board Meeting 2/21/24	https://reflect-claremont.cablecast.tv/store-3/15585-SchoolBoard022124-v1/vod.m3u8
15638	School Board Meeting 3/20/24	https://reflect-claremont.cablecast.tv/store-3/15638-School-Board-Meeting-032024-v2/vod.m3u8
15693	School Board Meeting 4/17/24	https://reflect-claremont.cablecast.tv/store-3/15693-SchoolBoardMtg041724-v2/vod.m3u8
15722	School Board Meeting 5/15/24	https://reflect-claremont.cablecast.tv/store-3/15722-SchoolBoard051524-v2/vod.m3u8
15786	Claremont School Board 6/5/24	https://reflect-claremont.cablecast.tv/store-3/15786-SchoolBoard060524-v2/vod.m3u8
15814	School Board Meeting 6/20/24	https://reflect-claremont.cablecast.tv/store-3/15814-SchoolBoard062024-v2/vod.m3u8
15947	Claremont School Board 8/21/24	https://reflect-claremont.cablecast.tv/store-3/15947-SchoolBoard082124-v2/vod.m3u8
15994	Claremont School Board - 09/4/24	https://reflect-claremont.cablecast.tv/store-3/15994-SchoolBoard090424-v2/vod.m3u8
16021	Claremont School Board - 9/18/24	https://reflect-claremont.cablecast.tv/store-3/16021-SchoolBoard091824-v2/vod.m3u8
16046	Claremont School Board and City Council Mtg - 9/30/24	https://reflect-claremont.cablecast.tv/store-3/16046-SchoolBoardCityCouncil093024-v3/vod.m3u8
16049	School Board Meeting - 10/2/24	https://reflect-claremont.cablecast.tv/store-3/16049-SchoolBoard100224-v1/vod.m3u8
16070	School Board Meeting - 10/16/24	https://reflect-claremont.cablecast.tv/store-3/16070-SchoolBoard101624-JN-fix-v3/vod.m3u8
16155	Finance Committee School Board 11/19/24	https://reflect-claremont.cablecast.tv/store-3/16155-SchoolBoardFinance111924-v1/vod.m3u8
16157	School Board Meeting 11/20/24	https://reflect-claremont.cablecast.tv/store-3/16157-SchoolBaord112024-v2/vod.m3u8
16192	School Board Meeting 12/4/24	https://reflect-claremont.cablecast.tv/store-3/16192-SchoolBoard120424-v1/vod.m3u8
16215	School Board Finance Meeting 12/13/24	https://reflect-claremont.cablecast.tv/store-3/16215-SchoolBoardFinance121324-v1/vod.m3u8
16222	School Board 12/18/24	https://reflect-claremont.cablecast.tv/store-3/16222-SchoolBoard128124-v1/vod.m3u8
16226	School Board Finance Meeting 12/18/24	https://reflect-claremont.cablecast.tv/store-3/16226-SchoolBoardFinance121824-v1/vod.m3u8
16246	School Board Finance Meeting 1/6/24	https://reflect-claremont.cablecast.tv/store-3/16246-SchoolBoardFinance010625-v1/vod.m3u8
16253	School Board Meeting - 1/7/24	https://reflect-claremont.cablecast.tv/store-3/16253-SchoolBoard010725-v1/vod.m3u8
16266	Claremont School Board - 1/15/25	https://reflect-claremont.cablecast.tv/store-3/16266-SchoolBoard011525-v1/vod.m3u8
16286	School Board Meeting 1/21/25	https://reflect-claremont.cablecast.tv/store-3/16286-SchoolBoard-012125-v1/vod.m3u8
16322	School Board Meeting - 2/5/25	https://reflect-claremont.cablecast.tv/store-3/16322-School-Board-020525-v1/vod.m3u8
16351	Claremont School Board - 2/19/25	https://reflect-claremont.cablecast.tv/store-3/16351-School-Board-021925-v1/vod.m3u8
16371	School Board Meeting - 3/5/25	https://reflect-claremont.cablecast.tv/store-3/16371-SchoolBoard030525-v1/vod.m3u8
16433	School Board Meeting - 4/2/25	https://reflect-claremont.cablecast.tv/store-3/16433-SchoolBoard-040225-v1/vod.m3u8
16477	School Board Meeting - 4/16/25	https://reflect-claremont.cablecast.tv/store-3/16477-SchoolBoard041625-v1/vod.m3u8
16556	School Board - 5/21/25	https://reflect-claremont.cablecast.tv/store-3/16556-SchoolBoard052125-v1/vod.m3u8
16580	School Board Meeting - 6/3/25	https://reflect-claremont.cablecast.tv/store-3/16580-SchoolBoard060325-v1/vod.m3u8
16602	School Board - 6/18/25	https://reflect-claremont.cablecast.tv/store-3/16602-SchoolBoard061825-v1/vod.m3u8
16764	School Board Meeting 8/14/25	https://reflect-claremont.cablecast.tv/store-3/16764-School-Board-081425-v1/vod.m3u8
16776	School Board Meeting - 8/20/25	https://reflect-claremont.cablecast.tv/store-3/16776-SchoolBoard082025-v2/vod.m3u8
16786	School Board Meeting 8/25/25	https://reflect-claremont.cablecast.tv/store-3/16786-School-Board-082525-v1/vod.m3u8
16813	School Board Meeting - 9/3/25	https://reflect-claremont.cablecast.tv/store-3/16813-SchoolBoard090325-v1/vod.m3u8
16831	Claremont School Board - 9/10/25	https://reflect-claremont.cablecast.tv/store-3/16831-School-Board-091025-v1/vod.m3u8
16857	School Board Meeting - 9/17/25	https://reflect-claremont.cablecast.tv/store-3/16857-SchoolBoard091725-v1/vod.m3u8
16872	Claremont School Board - 10/1/25	https://reflect-claremont.cablecast.tv/store-3/16872-SchoolBoard100125-v1/vod.m3u8
16881	Special School Board Meeting 10/6/25	https://reflect-claremont.cablecast.tv/store-3/16881-SchoolBoard100625-v1/vod.m3u8
16896	Claremont School Board 10/15/25	https://reflect-claremont.cablecast.tv/store-3/16896-SchoolBoard101525-v1/vod.m3u8
16951	Claremont School Board - 11/5/25	https://reflect-claremont.cablecast.tv/store-3/16951-SchoolBoard110525-v1/vod.m3u8
16958	Claremont School Board - School Board Vacancy Discussion - 11/5/25	https://reflect-claremont.cablecast.tv/store-3/16958-CSB-Vacancy110525-v1/vod.m3u8
16982	Claremont School Board 11/19/26	https://reflect-claremont.cablecast.tv/store-3/16982-SchoolBoard111925-v3/vod.m3u8
17017	School Board Meeting - 12/3/25	https://reflect-claremont.cablecast.tv/store-3/17017-SchoolBoard120325-v1/vod.m3u8
17029	Claremont School Board - Finance Committee - 12/10/25	https://reflect-claremont.cablecast.tv/store-3/17029-SchoolBoardFinance121025-v2/vod.m3u8
17037	Claremont School Board : Finance Committee - 12/12/25	https://reflect-claremont.cablecast.tv/store-3/17037-SchoolBoard-Finance-121225-v1/vod.m3u8
17046	Claremont School Board: 12/17/25	https://reflect-claremont.cablecast.tv/store-3/17046-BSOTB-December-2025-HD-v1/vod.m3u8
17092	Claremont School Board - 1/7/25	https://reflect-claremont.cablecast.tv/store-3/17092-SchoolBoard010726-v1/vod.m3u8
17095	Claremont School Board 1/21/26	https://reflect-claremont.cablecast.tv/store-3/17095-SchoolBoard012126-v1/vod.m3u8
17116	School Board - Public Hearing Proposed New Budgets 1/20/25	https://reflect-claremont.cablecast.tv/store-3/17116-SchoolBoardPublicHearing012026-v1/vod.m3u8
17125	Claremont School Board Deliberative Session - 2/7/26	https://reflect-claremont.cablecast.tv/store-3/17125-CSB-Deliberative-020726-v1/vod.m3u8
17134	Claremont School Board - 2/4/26	https://reflect-claremont.cablecast.tv/store-3/17134-SchoolBoard020426-v1/vod.m3u8
17159	Claremont School Board 2/18/26	https://reflect-claremont.cablecast.tv/store-3/17159-SchoolBoard-021826-v1/vod.m3u8
17168	Claremont School Board - Article 8 Discussion - 2/18/26	https://reflect-claremont.cablecast.tv/store-3/17168-SchoolBoard-Article8Discussion021826-v1/vod.m3u8
17201	Claremont School Board - 3/4/26	https://reflect-claremont.cablecast.tv/store-3/17201-SchoolBoard030426-v1/vod.m3u8
17241	Claremont School Board - 3/18/26	https://reflect-claremont.cablecast.tv/store-3/17241-SchoolBoard031826-v2/vod.m3u8
17291	School Board Meeting 4/1/26	https://reflect-claremont.cablecast.tv/store-3/17291-SchoolBoard-040126-v1/vod.m3u8
17300	Claremont School Board - Dr. Tim Broderick Interview 4/6/26	https://reflect-claremont.cablecast.tv/store-3/17300-CSB-Superintendent-Broderick-Int-040625-v1/vod.m3u8
17323	Claremont School Board - 4/15/26	https://reflect-claremont.cablecast.tv/store-3/17323-School-Board-041526-v1/vod.m3u8
17348	Claremont School Board 5/6/26	https://reflect-claremont.cablecast.tv/store-3/17348-SchoolBoard050626-v1/vod.m3u8
17373	Claremont School Board - 5/20/26	https://reflect-claremont.cablecast.tv/store-3/17373-SchoolBoard052026-v1/vod.m3u8
17397	Claremont School Board - 6/3/26	https://reflect-claremont.cablecast.tv/store-3/17397-SchoolBoard060326-v1/vod.m3u8
17418	Claremont School Board - 6/17/26	https://reflect-claremont.cablecast.tv/store-3/17418-SchoolBoard061726-v1/vod.m3u8
17431	School Board Finance Committee - 6/19/26	https://reflect-claremont.cablecast.tv/store-3/17431-SchoolBoardFinance061926-v2/vod.m3u8
17473	Claremont School Board 7/21/26	https://reflect-claremont.cablecast.tv/store-3/17473-SchoolBoard072126-v2/vod.m3u8
17489	Claremont School Board - 8/5/26	https://reflect-claremont.cablecast.tv/store-3/17489-SchoolBoard080526-v2/vod.m3u8
17512	Claremont School Board - 7/29/26	https://reflect-claremont.cablecast.tv/store-3/17512-ClaremontSchoolBoard072926-v4/vod.m3u8
17529	Claremont School Board 8/19/26	https://reflect-claremont.cablecast.tv/store-3/17529-CSB-081926-v2/vod.m3u8
17530	Claremont School Board Finance - 8/12/26	https://reflect-claremont.cablecast.tv/store-3/17530-CSB-Finance-081226-v2/vod.m3u8
17574	Claremont School Board - Handbook Discussion - 9/2/26	https://reflect-claremont.cablecast.tv/store-3/17574-CSB-090226-HandbookDiscussion-v3/vod.m3u8
17575	Claremont School Board -Athlete's Handbook Discussion - 9/2/26	https://reflect-claremont.cablecast.tv/store-3/17575-CSB-090326-AthleticsHandbookMess-v2/vod.m3u8
17594	Claremont School Board - 9/16/26	https://reflect-claremont.cablecast.tv/store-3/17594-CSB-091626-v3/vod.m3u8
