3507	BUILD YOUR FUTURE at the Sugar River Valley Regional Technical Center	no include match
4505	PSA SHEDS FOR SALE (SRVRTC) education EVERGREEN	no include match
4785	Claremont Soup Kitchen & Food Pantry	no include match
5506	CLAREMONT COMMUNITY TELEVISION INC. Montage of memories on your channels 8 & 10 :  TV Made by You !	no include match
8980	SUGAR RIVER VALLEY REGIONAL TECH CENTERS -- a future with a career	no include match
9158	STEVENS HIGH SCHOOL CLASS NIGHT 2017	no include match
9159	STEVENS HIGH SCHOOL COMMENCEMENT 2017	no include match
9317	CLAREMONT MAKERSPACE - community creative-hub with equipment, tools and educational resources - What Will You Make?	no include match
9345	CLAREMONT SENIOR CENTER Nice People !  Come see for yourself ...	no include match
9830	STEVENS HIGH SCHOOL CLASS NIGHT 2018	no include match
9832	STEVENS HIGH SCHOOL GRADUATION 2018	no include match
9858	2018 CLAREMONT MIDDLE SCHOOL 8TH GRADE RECOGNITION NIGHT	no include match
10000	NH EDUCATION FUNDING 101 a primer and overview - event sponsored by districts in the region	no include match
10273	SCHOOL BOARD CANDIDATE FORUM of 3-5	matched exclude
10394	2019 STEVENS HIGH SCHOOL COMMENCEMENT and "Class of 2019 Memories"	no include match
10423	CLAREMONT MIDDLE SCHOOL 8TH GRADE RECOGNITION NIGHT	no include match
10624	SCHOOL DISTRICT MEETING - hearing on warrant for Special Education funding 11-21-19	no include match
10649	SPECIAL SCHOOL DISTRICT MEETING regarding funding warrant 12-12-19	no include match
10666	MAPLE AVENUE ELEMENTARY SCHOOL- holiday concert	no include match
10898	STEVENS HIGH SCHOOL 2020 CLASS NIGHT	no include match
10915	CONGRATULATIONS STUDENTS ! from Middle & Elementary Schools Teachers & Staff	no include match
11008	NH SCHOOL FUNDING FAIRNESS PROJECT FORUM 10/8 with NH House, Senate & Executive Council candidates *	no include match
11648	Stevens High School Graduation 6/10/21	no include match
11997	Elementary School Restructuring Discussion with Mike Tempesta 10/25/21	no include match
12245	School Board Candidate Forum of 3/2/22 candidates	matched exclude
13445	Stevens High School Graduation 2022 (June 9th)	no include match
14601	Claremont a Living History Part 2 - Episode 2 - Trudee Bacon	no include match
14618	Claremont a Living History Part 2 - Episode 3 - Christine and Clay Hawkins	no include match
14938	Your Candidates with Kevin Tyson - School Board 2023 - Frank Sprague	matched exclude
14939	Your Candidates with Kevin Tyson - School Board 2023 - Arlene Hawkins	matched exclude
14940	Your Candidates with Kevin Tyson - School Board 2023 - Nick Stone	matched exclude
15110	NH School Funding and Fairness - Claremont NH - 5/25/23	no include match
15176	Claremont a Living History Part 2 - Episode 6 - Raymond Gagnon 3/21/23	no include match
15319	Spirits of Claremont -5- Fiske Free Library 150th Anniversary	no include match
15343	NH Public School Minimum Standards Listening Session - Plainfield NH 9/19/23	no include match
16265	School Funding and Property Taxes in Sullivan County - Fair Funding Project	no include match
16370	School Board Candidates Forum - 3/4/25	matched exclude
17471	Calvary Baptist Church - 7/12/26	no include match
17544	Calvary Baptist Church - 8/16/26	no include match
17569	Calvary Baptist Church - 8/23/26	no include match
17585	Creature Feature - Livingston Presents - House on Skull Mountain 1974	no include match
17586	Open Mic Live - Episode 13 - Faux in Love - Live Claremont	no include match
17590	Cinemaniacs 9/14/26	no include match
17591	Democracy Now - 9/14/26	no include match
17592	Democracy Now - 9/15/26	no include match
17593	REMIX Church - Expansion	no include match
17595	Creature Feature - Livingston Presents - Fantasies 1982	no include match
17596	Both Sides of the Bars - September 2026	no include match
17597	Open Mic Live - Episode 14 - Blow Flies	no include match
17599	Cinemaniacs - 9/21/26	no include match
17601	White House Chronicle - How True Disruption Reshapes Industries	no include match
17602	White House Chronicle - The Arrival of Driverless Cars	no include match
17604	REMIX Church - Patient Processing	no include match
17605	Calvary Baptist Church - 9/13/26	no include match
17606	Democracy Now - 9/21/26	no include match
17607	Democracy Now - 9/22/26	no include match
17610	Cinemaniacs 9/28/26	no include match
17613	Grace River Church - 9/13/26	no include match
17614	Grace River Church Evening 9/13/26	no include match
17615	Grace River Church - 9/20/26	no include match
17616	Grace River Church Evening 9/20/26	no include match
17617	Creature Feature - Livingston Presents - The Witchmaker 1969	no include match
17618	Open Mic Live - Episode 15 - Chodus - Live Main Street Museum	no include match
17620	Sugar River Report - Guy Santagate Portrait Unveiling 9/23/26	no include match
