2026-09-23	17608	https://reflect-claremont.cablecast.tv/store-3/17608-CityCouncil-092326-v2/vod.mp4	City Council - 9/23/26
2026-09-09	17581	https://reflect-claremont.cablecast.tv/store-3/17581-CityCouncil090926-v2/vod.mp4	City Council - 9/9/26
2026-08-26	17549	https://reflect-claremont.cablecast.tv/store-3/17549-CityHall-082626-v2/vod.mp4	City Council - 8/26/26
2026-08-12	17521	https://reflect-claremont.cablecast.tv/store-3/17521-CityCouncil081226-v4/vod.mp4	City Council - 8/11/26
2026-07-22	17474	https://reflect-claremont.cablecast.tv/store-3/17474-CityCouncil072226-v2/vod.mp4	City Council 7/22/26
2026-07-08	17450	https://reflect-claremont.cablecast.tv/store-3/17450-CityCouncil070826-v2/vod.mp4	City Council - 7/8/26
2026-06-30	17438	https://reflect-claremont.cablecast.tv/store-3/17438-CityCouncil-Special-063026-v2/vod.mp4	City Council Special Meeting - 6/30/26
2026-06-24	17428	https://reflect-claremont.cablecast.tv/store-3/17428-CityCouncil062426-v4/vod.mp4	City Council 6/24/26
2026-06-10	17404	https://reflect-claremont.cablecast.tv/store-3/17404-CityCouncil061026-v1/vod.mp4	City Council - 6/10/26
2026-06-09	17403	https://reflect-claremont.cablecast.tv/store-3/17403-CityCouncilSpecial-060926-v1/vod.mp4	Special City Council - 6/9/26
2026-05-27	17383	https://reflect-claremont.cablecast.tv/store-3/17383-CityCouncil052726-v1/vod.mp4	City Council - 5/27/26
2026-05-13	17364	https://reflect-claremont.cablecast.tv/store-3/17364-CityCouncil051326-v1/vod.mp4	City Council - 5/13/26
2026-05-09	17360	https://reflect-claremont.cablecast.tv/store-3/17360-CityCouncil-050926-v1/vod.mp4	City Special Council Budget Meeting - 5/9/26
2026-05-05	17347	https://reflect-claremont.cablecast.tv/store-3/17347-CityCouncilBudget050526-v1/vod.mp4	City Council - Special Budget Meeting - 5/5/26
2026-04-22	17333	https://reflect-claremont.cablecast.tv/store-3/17333-CityCouncil042226-v1/vod.mp4	City Council - 4/22/26
2026-04-08	17302	https://reflect-claremont.cablecast.tv/store-3/17302-CityCouncil040826-v1/vod.mp4	City Council - 4/8/26
2026-03-25	17268	https://reflect-claremont.cablecast.tv/store-3/17268-CityCouncil032526-v1/vod.mp4	City Council - 3/25/26
2026-03-17	17243	https://reflect-claremont.cablecast.tv/store-3/17243-CityCouncil-CDA-031726-v3/vod.mp4	Special City Council CDA Meeting - 3/17/26
2026-03-11	17229	https://reflect-claremont.cablecast.tv/store-3/17229-CityCouncil031126-v1/vod.mp4	City Council - 3/11/26
2026-02-25	17188	https://reflect-claremont.cablecast.tv/store-3/17188-CityCouncil022526-v1/vod.mp4	City Council - 2/25/26
2026-02-11	17143	https://reflect-claremont.cablecast.tv/store-3/17143-CityCouncil021126-v1/vod.mp4	City Council - 2/11/26
2026-01-28	17128	https://reflect-claremont.cablecast.tv/store-3/17128-CityCouncil012826-v1/vod.mp4	City Council - 1/28/26
2026-01-14	17105	https://reflect-claremont.cablecast.tv/store-3/17105-CityCouncil011426-v1/vod.mp4	City Council 1/14/26
2026-01-06	17085	https://reflect-claremont.cablecast.tv/store-3/17085-CityCouncil010625-v1/vod.mp4	Special City Council 1/6/25
2025-12-17	17043	https://reflect-claremont.cablecast.tv/store-3/17043-CityCouncil121725-v1/vod.mp4	Special City Council - 12/17/25
2025-12-10	17027	https://reflect-claremont.cablecast.tv/store-3/17027-CityCouncil121025-v1/vod.mp4	City Council - 12/10/25
2025-12-01	17014	https://reflect-claremont.cablecast.tv/store-3/17014-CityCouncil120125-v1/vod.mp4	City Council Special Meeting - 12/1/25
2025-11-11	16966	https://reflect-claremont.cablecast.tv/store-3/16966-CityCouncil111225-v1/vod.mp4	City Council 11/12/25
2025-10-22	16930	https://reflect-claremont.cablecast.tv/store-3/16930-CityCouncil102225-v1/vod.mp4	City Council 10/22/25
2025-10-06	16884	https://reflect-claremont.cablecast.tv/store-3/16884-CityCouncil100825-v1/vod.mp4	Claremont City Council - 10/8/25
2025-09-26	16871	https://reflect-claremont.cablecast.tv/store-3/16871-CityCouncil093025-v1/vod.mp4	Special City Council - 9/30/25
2025-09-24	16863	https://reflect-claremont.cablecast.tv/store-3/16863-CityCouncil092425-v1/vod.mp4	City Council - 9/24/25
2025-09-10	16832	https://reflect-claremont.cablecast.tv/store-3/16832-CityCouncil091025-v1/vod.mp4	City Council - 9/10/25
2025-09-02	16811	https://reflect-claremont.cablecast.tv/store-3/16811-CityCouncilSpecial090225-v1/vod.mp4	Special City Council - 9/2/25
2025-08-27	16790	https://reflect-claremont.cablecast.tv/store-3/16790-CityCouncil082725-v1/vod.mp4	City Council - 8/27/25
2025-08-13	16751	https://reflect-claremont.cablecast.tv/store-3/16751-City-Council-081325-v1/vod.mp4	City Council - 8/13/25
2025-07-23	16684	https://reflect-claremont.cablecast.tv/store-3/16684-CityCouncil-072325-v1/vod.mp4	City Council 7/23/25
2025-07-09	16651	https://reflect-claremont.cablecast.tv/store-3/16651-CityCouncil070925-v1/vod.mp4	City Council 7/9/25
2025-06-25	16619	https://reflect-claremont.cablecast.tv/store-3/16619-CityCouncil062525-v1/vod.mp4	City Council 6/25/25
2025-06-23	16611	https://reflect-claremont.cablecast.tv/store-3/16611-CityCouncil062325-v1/vod.mp4	Special City Council Meeting - 6/23/25
2025-06-11	16592	https://reflect-claremont.cablecast.tv/store-3/16592-CityCouncil061125-v1/vod.mp4	City Council Meeting 6/11/25
2025-06-04	16581	https://reflect-claremont.cablecast.tv/store-3/16581-CityCouncilBudget060425-v1/vod.mp4	City Council Budget Meeting - 6/4/25
2025-05-28	16567	https://reflect-claremont.cablecast.tv/store-3/16567-CityCouncil052825-v1/vod.mp4	City Council Meeting 5/28/25
2025-05-14	16545	https://reflect-claremont.cablecast.tv/store-3/16545-CityCountil051425-v1/vod.mp4	City Council Meeting - 5/14/25
2025-05-07	16531	https://reflect-claremont.cablecast.tv/store-3/16531-CityCouncilBudgetMtg050725-v1/vod.mp4	City Council Budget Meeting - 5/7/25
2025-04-23	16501	https://reflect-claremont.cablecast.tv/store-3/16501-CityCounci042325-v1/vod.mp4	City Council - 4/23/25
2025-04-09	16449	https://reflect-claremont.cablecast.tv/store-3/16449-CityCouncil040925-v1/vod.mp4	City Council - 4/9/25
2025-03-12	16388	https://reflect-claremont.cablecast.tv/store-3/16388-CityCouncil-031225-v1/vod.mp4	City Council - 3/12/25
2025-02-26	16362	https://reflect-claremont.cablecast.tv/store-3/16362-CityCouncil022625-v1/vod.mp4	City Council 2/26/25
2025-02-12	16341	https://reflect-claremont.cablecast.tv/store-3/16341-CityCouncil021225-v1/vod.mp4	City Council - 2/12/25
2025-01-08	16257	https://reflect-claremont.cablecast.tv/store-3/16257-CityCouncil-010825-v1/vod.mp4	City Council 1/8/25
2024-12-11	16187	https://reflect-claremont.cablecast.tv/store-3/16187-CityCouncil121124-v1/vod.mp4	City Council Meeting 12/11/24
2024-11-13	16147	https://reflect-claremont.cablecast.tv/store-3/16147-CityCouncil111324-v1/vod.mp4	City Council 11/13/24
2024-11-06	16134	https://reflect-claremont.cablecast.tv/store-3/16134-CityCouncil110724-v1/vod.mp4	City Council Special Meeting 11/6/24
2024-10-23	16100	https://reflect-claremont.cablecast.tv/store-3/16100-CityCouncil102324-v2/vod.mp4	City Council - 10/23/24
2024-10-09	16061	https://reflect-claremont.cablecast.tv/store-3/16061-CityCouncil100924-v3/vod.mp4	City Council - 10/9/24
2024-09-30	16046	https://reflect-claremont.cablecast.tv/store-3/16046-SchoolBoardCityCouncil093024-v3/vod.mp4	Claremont School Board and City Council Mtg - 9/30/24
2024-09-25	16033	https://reflect-claremont.cablecast.tv/store-3/16033-CityCouncil092524-v2/vod.mp4	City Council - 9/25/24
2024-09-11	16003	https://reflect-claremont.cablecast.tv/store-3/16003-ClaremontCityCouncil091124-v2/vod.mp4	City Council - 9/11/24
2024-08-28	15974	https://reflect-claremont.cablecast.tv/store-3/15974-CityCouncil082824-v2/vod.mp4	City Council - 8/28/24
2024-08-12	15929	https://reflect-claremont.cablecast.tv/store-3/15929-CityCouncil081424-v1/vod.mp4	City Council - 8/14/24
2024-07-10	15842	https://reflect-claremont.cablecast.tv/store-3/15842-CityCouncil071024-v2/vod.mp4	City Council 7/10/24
2024-06-25	15822	https://reflect-claremont.cablecast.tv/store-3/15822-CityCouncil062624-v2/vod.mp4	City Council - 6/26/24
2024-06-19	15816	https://reflect-claremont.cablecast.tv/store-3/15816-CityCouncilSA-061924-v2/vod.mp4	City Council Special Assessment 6/19/24
2024-06-12	15798	https://reflect-claremont.cablecast.tv/store-3/15798-CityCouncil061224-v2/vod.mp4	City Council 6/12/24
2024-05-29	15772	https://reflect-claremont.cablecast.tv/store-3/15772-CityCouncil052924-v2/vod.mp4	Claremont City Council 5/29/24
2024-05-22	15758	https://reflect-claremont.cablecast.tv/store-3/15758-CityCouncil052224-v2/vod.mp4	City Council 5/22/24
2024-05-15	15745	https://reflect-claremont.cablecast.tv/store-3/15745-CityCouncil051524-v2/vod.mp4	City Council 5/15/24
2024-05-08	15733	https://reflect-claremont.cablecast.tv/store-3/15733-CityCouncil050824-v2/vod.mp4	City Council 5/8/24
2024-04-24	15714	https://reflect-claremont.cablecast.tv/store-3/15714-CityCouncil-JonStone-042424-v2/vod.mp4	City Council - Jon Stone Discussion Edit - 4/24/24
2024-04-23	15707	https://reflect-claremont.cablecast.tv/store-3/15707-CityCouncil042424-v3/vod.mp4	City Council 4/24/24
2024-04-10	15681	https://reflect-claremont.cablecast.tv/store-3/15681-CityCouncil041024-v2/vod.mp4	City Council 4/10/24
2024-03-27	15653	https://reflect-claremont.cablecast.tv/store-3/15653-CityCouncil032724-v3/vod.mp4	City Council 3/27/24
2024-03-18	15637	https://reflect-claremont.cablecast.tv/store-3/15637-CityCouncilWorkshop031824-v1/vod.mp4	City Council Workshop Meeting 3/18/24
2024-03-13	15626	https://reflect-claremont.cablecast.tv/store-3/15626-CityCouncil031424-v1/vod.mp4	City Council 3/13/24
2024-02-28	15598	https://reflect-claremont.cablecast.tv/store-3/15598-City-Council-022824-v1/vod.mp4	City Council 2/28/24
2024-02-14	15572	https://reflect-claremont.cablecast.tv/store-3/15572-City-Council-021424-v1/vod.mp4	City Council 2/14/24
2024-01-24	15540	https://reflect-claremont.cablecast.tv/store-3/15540-CityCouncil012424-v1/vod.mp4	City Council Meeting 1/24/24
2024-01-10	15520	https://reflect-claremont.cablecast.tv/store-3/15520-CityCouncil011024-v1/vod.mp4	City Council 1/10/23
2024-01-03	15504	https://reflect-claremont.cablecast.tv/store-3/15504-CityCouncil010324-v1/vod.mp4	City Council Seating New Councilors 1/3/24
2023-12-13	15469	https://reflect-claremont.cablecast.tv/store-3/15469-CityCouncil121323-v1/vod.mp4	City Council 12/13/23
2023-11-09	15287	https://reflect-claremont.cablecast.tv/store-3/15287-CityCouncil-Canvas-110923-v1/vod.mp4	City Council Canvas the Vote - Claremont Elections 2023
2023-11-08	15399	https://reflect-claremont.cablecast.tv/store-3/15399-CityCouncil110823-v2/vod.mp4	City Council - 11/8/23
2023-10-25	15369	https://reflect-claremont.cablecast.tv/store-3/15369-CityCouncil102523-v2/vod.mp4	City Council 10/25/23
2023-10-11	15344	https://reflect-claremont.cablecast.tv/store-3/15344-CityCouncil101123-v1/vod.mp4	City Council 10/11/23
2023-09-27	15320	https://reflect-claremont.cablecast.tv/store-3/15320-CityCouncil-092723-v1/vod.mp4	City Council 9/27/23
2023-09-13	15298	https://reflect-claremont.cablecast.tv/store-3/15298-CityCouncil091423-v1/vod.mp4	City Council 9/13/23
2023-08-22	15268	https://reflect-claremont.cablecast.tv/store-3/15268-CityCouncil082323-v1/vod.mp4	City Council Meeting 8/23/23
2023-08-09	15241	https://reflect-claremont.cablecast.tv/store-3/15241-CityCouncil080923-v2/vod.mp4	City Council Meeting 8/9/23
2023-07-26	15215	https://reflect-claremont.cablecast.tv/store-3/15215-CityCouncil072623-v1/vod.mp4	City Council Meeting 7/26/23
2023-07-12	15192	https://reflect-claremont.cablecast.tv/store-3/15192-CityCouncil-7122023-v1/vod.mp4	City Council 7/12/23
2023-06-28	15164	https://reflect-claremont.cablecast.tv/store-3/15164-CityCouncil062823-v1/vod.mp4	City Council Meeting 6/28/23
2023-06-21	15152	https://reflect-claremont.cablecast.tv/store-3/15152-citycouncil062123-v1/vod.mp4	Special City Council Councilor Hearing - 6/21/23
2023-06-14	15141	https://reflect-claremont.cablecast.tv/store-3/15141-CityCouncil061423-v1/vod.mp4	City Council 6/14/23
2023-05-10	15069	https://reflect-claremont.cablecast.tv/store-3/15069-CityCouncil051023-v1/vod.mp4	City Council live 5/10/23
2023-04-26	15044	https://reflect-claremont.cablecast.tv/store-3/15044-CityCouncil042623-v1/vod.mp4	City Council Meeting 4/26/23
2023-04-12	15014	https://reflect-claremont.cablecast.tv/store-3/15014-CityCouncil041223-v1/vod.mp4	City Council live 4/12/23
2023-03-22	14966	https://reflect-claremont.cablecast.tv/store-3/14966-CityCouncil032223-v1/vod.mp4	City Council live on  3/22/23
2023-03-08	14953	https://reflect-claremont.cablecast.tv/store-3/14953-City-Council-030823-v1/vod.mp4	Claremont City Council live on 3/8/23
2023-02-22	14923	https://reflect-claremont.cablecast.tv/store-3/14923-Claremont-City-Council-022223-v1/vod.mp4	Claremont City Council - 2/22/23
2023-02-08	14891	https://reflect-claremont.cablecast.tv/store-3/14891-CityCouncil020823-v1/vod.mp4	Claremont City Council - 2/8/23
2023-02-01	14874	https://reflect-claremont.cablecast.tv/store-3/14874-CityCouncilSpecial020123-v1/vod.mp4	Special Claremont City Council Meeting 2/1/23
2023-01-25	14859	https://reflect-claremont.cablecast.tv/store-3/14859-City-Council-012523-v1/vod.mp4	City Council Meeting - 1/25/23
2023-01-11	14834	https://reflect-claremont.cablecast.tv/store-3/14834-Claremont-City-Council-011123-v1/vod.mp4	City Council Meeting 1/11/23
2022-12-14	14785	https://reflect-claremont.cablecast.tv/store-3/14785-CityCouncil121422-v1/vod.mp4	City Council Meeting live on 12/14/22
2022-12-13	14784	https://reflect-claremont.cablecast.tv/store-3/14784-AdHocMtg121322-v1/vod.mp4	Special Ad Hoc City Council Meeting live on 12/13/22
2022-11-30	14741	https://reflect-claremont.cablecast.tv/store-3/14741-AdHocCityCouncil113022-v1/vod.mp4	Special Ad Hoc Committee of the Claremont City Council 11/30/22
2022-11-16	14734	https://reflect-claremont.cablecast.tv/store-3/14734-CityCouncilAdHoc111622-v1/vod.mp4	Special Claremont City Council Ad Hoc Committee Meeting - 11/16/22
2022-11-09	14709	https://reflect-claremont.cablecast.tv/store-3/14709-CityCouncil110922-v1/vod.mp4	Claremont City Council live on 11/9/22
2022-10-26	14683	https://reflect-claremont.cablecast.tv/store-3/14683-City-Council-102622-v1/vod.mp4	Claremont City Council Meeting live on 10/26/22
2022-10-12	14656	https://reflect-claremont.cablecast.tv/store-3/14656-CityCouncil101222-v1/vod.mp4	Claremont City Council Meeting live on 10/12/22
2022-09-28	14629	https://reflect-claremont.cablecast.tv/store-3/14629-CityCouncil-092822-v1/vod.mp4	City Council Meeting of 9/28/22
2022-09-14	14612	https://reflect-claremont.cablecast.tv/store-3/14612-v1/vod.mp4	City Council Meeting live on 9/14/22
2022-09-02	14602	https://reflect-claremont.cablecast.tv/store-3/14602-City-Council-Special-Meeting-090722-v1/vod.mp4	City Council Special Meeting - 9/7/22
2022-08-24	14563	https://reflect-claremont.cablecast.tv/store-3/14563-v1/vod.mp4	Claremont City Council live on 8/24/22
2022-08-10	13542	https://reflect-claremont.cablecast.tv/store-3/13542-City-Council-081022-v1/vod.mp4	City Council Meeting of 8/10/22
2022-07-27	13525	https://reflect-claremont.cablecast.tv/store-3/13525-v1/vod.mp4	City Council Meeting of 7/27/22
2022-07-13	13501	https://reflect-claremont.cablecast.tv/store-3/13501-v1/vod.mp4	City Council Meeting of 7/13/22
2022-06-22	13459	https://reflect-claremont.cablecast.tv/store-3/13459-ClaremontCityCouncil062222-v1/vod.mp4	City Council Meeting of 6/22/22
2022-06-09	13436	https://reflect-claremont.cablecast.tv/store-3/13436-ClaremontCityCouncil-060822-v1/vod.mp4	City Council 6/8/22
2022-05-25	12411	https://reflect-claremont.cablecast.tv/store-3/12411-ClaremontCityCouncil052522-v1/vod.mp4	City Council Meeting live on 5/25/22
2022-05-14	12390	https://reflect-claremont.cablecast.tv/store-3/12390-ClaremontBudgetMeeting051422-v1/vod.mp4	City Council Budget Meeting 5/14/22
2022-05-11	12373	https://reflect-claremont.cablecast.tv/store-3/12373-CityCouncil051122-v1/vod.mp4	City Council Meeting of 5/11/22
2022-04-27	12355	https://reflect-claremont.cablecast.tv/store-3/12355-City-Council-042822-v1/vod.mp4	City Council Meeting of 4/27/22
2022-04-13	12295	https://reflect-claremont.cablecast.tv/store-3/12295-v1/vod.mp4	City Council Meeting of 4/13/22
2022-03-23	12286	https://reflect-claremont.cablecast.tv/store-3/12286-Claremont-City-Council-032322-v1/vod.mp4	City Council of 3/23/22
2022-03-09	12264	https://reflect-claremont.cablecast.tv/store-3/12264-Claremont-City-Council-030922-v1/vod.mp4	City Council Meeting of 3/9/22
2022-02-23	12227	https://reflect-claremont.cablecast.tv/store-3/12227-Claremont-City-Council-022322-v1/vod.mp4	City Council Meeting 2/23/22
2022-02-09	12203	https://reflect-claremont.cablecast.tv/store-3/12203-City-Council-020922-v1/vod.mp4	City Council of 2/9/22
2022-01-26	12179	https://reflect-claremont.cablecast.tv/store-3/12179-City-Council-012622-v1/vod.mp4	City Council Meeting of 1/26/22
2022-01-12	12150	https://reflect-claremont.cablecast.tv/store-3/12150-City-Council-011222-v1/vod.mp4	City Council Meeting of 1/12/22
2022-01-05	12134	https://reflect-claremont.cablecast.tv/store-3/12134-City-Council-010522-Swearing-In-v1/vod.mp4	City Council Meeting of 1/5/22 - Swearing In
2021-12-21	12103	https://reflect-claremont.cablecast.tv/store-3/12103-City-Coucil-122121-Special-v2/vod.mp4	City Council - 12/21/21 - Special Session
2021-12-14	12087	https://reflect-claremont.cablecast.tv/store-3/12087-City-Council-121421-Special-v2/vod.mp4	City Council - 12/14/21 - Special Session
2021-12-08	12078	https://reflect-claremont.cablecast.tv/store-3/12078-City-Council-120821-v1/vod.mp4	City Council Meeting live on 12/8/21
2021-11-10	12017	https://reflect-claremont.cablecast.tv/store-3/12017-Claremont-City-Council-111121-v1/vod.mp4	City Council Meeting of 11/10/21
2021-11-04	12004	https://reflect-claremont.cablecast.tv/store-3/12004-CityCouncil-110521-v1/vod.mp4	City Council Meeting 11/4/21
2021-10-27	11993	https://reflect-claremont.cablecast.tv/store-3/11993-City-Council-102721-v1/vod.mp4	City Council of 10/27/21
2021-10-13	11965	https://reflect-claremont.cablecast.tv/store-3/11965-City-Council-101321-v1/vod.mp4	City Council 10/13/21
2021-09-22	11882	https://reflect-claremont.cablecast.tv/store-3/11882-City-Council-092221-v1/vod.mp4	City Council Meeting live on 9/22/21
2021-08-19	11843	https://reflect-claremont.cablecast.tv/store-3/11843-v1/vod.mp4	City Council of 8/25/21
2021-08-18	11826	https://reflect-claremont.cablecast.tv/store-3/11826-City-Council-081821-v1/vod.mp4	City Council Special Meeting live on 8/18/21
2021-08-11	11814	https://reflect-claremont.cablecast.tv/store-3/11814-v1/vod.mp4	City Council Meeting live on 8/11/21
2021-07-28	11761	https://reflect-claremont.cablecast.tv/store-3/11761-Claremont-City-Council-072821-v1/vod.mp4	City Council Meeting 7/28/21
2021-06-30	11725	https://reflect-claremont.cablecast.tv/store-3/11725-Claremont-City-Council-Meeting-063021-v1/vod.mp4	City Council Meeting live on 6/30/21
2021-06-22	11697	https://reflect-claremont.cablecast.tv/store-3/11697-Claremont-City-Council-Budget-Meeting-062221-v1/vod.mp4	City Council Meeting Budget live on 6/22/21
2021-06-15	11698	https://reflect-claremont.cablecast.tv/store-3/11698-v1/vod.mp4	City Council Meeting live on 6/23/21
2021-06-09	11652	https://reflect-claremont.cablecast.tv/store-3/11652-v1/vod.mp4	City Council Meeting live on 6/9/21
2021-06-07	11682	https://reflect-claremont.cablecast.tv/store-3/11682-City-Council-of-6-5-21-Part-One-v1/vod.mp4	City Council of 6-5-21 Part One
2021-06-07	11683	https://reflect-claremont.cablecast.tv/store-3/11683-City-Council-of-6-5-21-Part-Two-v1/vod.mp4	City Council of 6-5-21 Part Two
2021-05-24	11635	https://reflect-claremont.cablecast.tv/store-3/11635-City-Council-of-5-26-21-v1/vod.mp4	City Council meeting live on 5/26/21
2021-05-12	11512	https://reflect-claremont.cablecast.tv/store-3/11512-City-Council-of-5-12-21-v1/vod.mp4	City Council Meeting live on 5/12/21
2021-04-28	11508	https://reflect-claremont.cablecast.tv/store-3/11508-City-Council-meeting-of-4-28-21-v1/vod.mp4	City Council of 4/28/21
2021-04-14	11470	https://reflect-claremont.cablecast.tv/store-3/11470-City-Council-of-4-14-21-official-file-v1/vod.mp4	City Council of 4/14/21
2021-03-24	11443	https://reflect-claremont.cablecast.tv/store-3/11443-City-Council-of-3-24-21-v1/vod.mp4	City Council of 3/24/21
2021-03-10	11426	https://reflect-claremont.cablecast.tv/store-3/11426-City-Council-of-3-10-21-v1/vod.mp4	City Council of 3/10/21
2021-02-24	11325	https://reflect-claremont.cablecast.tv/store-3/11325-City-Council-Meeting-2-24-21-v1/vod.mp4	City Council of 2/24/21
2021-02-10	11218	https://reflect-claremont.cablecast.tv/store-3/11218-City-Council-of-2-10-21-v1/vod.mp4	Council live on 2/10/21
2021-01-27	11213	https://reflect-claremont.cablecast.tv/store-3/11213-City-Council-v1/vod.mp4	City Council of 1/27/21
2021-01-13	11178	https://reflect-claremont.cablecast.tv/store-3/11178-City-Council-of-1-13-21-v1/vod.mp4	City Council meeting live on 1/13/21
2020-12-09	11104	https://reflect-claremont.cablecast.tv/store-3/11104-City-Council-of-12-9-20-High-v1.mp4	City Council Meeting live on 12/9/20
2020-11-12	11049	https://reflect-claremont.cablecast.tv/store-3/11049-new-CITY-COUNCIL-of-11-12-20-High-v1.mp4	CITY COUNCIL meeting LIVE on 11-12
2020-11-07	11046	https://reflect-claremont.cablecast.tv/store-3/11046-city-council-SPECIAL-MEETING-11-4-20-ELEMENTS-High-v1.mp4	CITY COUNCIL special meeting of 11-4-20
2020-10-28	11032	https://reflect-claremont.cablecast.tv/store-3/11032-CITY-COUNCIL-10-28-20-High-v1.mp4	CITY COUNCIL meeting 10/28/20
2020-10-14	11013	https://reflect-claremont.cablecast.tv/store-3/11013-city-council-10-14-20-High-v1.mp4	CITY COUNCIL meeting 10/14/20
2020-09-30	11001	https://reflect-claremont.cablecast.tv/store-3/11001-City-Council-Meeting-9-30-20-High-v1.mp4	CITY COUNCIL meeting 9/30/20
2020-09-23	10995	https://reflect-claremont.cablecast.tv/store-3/10995-CITY-COUNCIL-9-23-20-High-v1.mp4	CITY COUNCIL MEETING 9/23/20
2020-09-09	10983	https://reflect-claremont.cablecast.tv/store-3/10983-CITY-COUNCIL-OF-9-9-20-High-v1.mp4	CITY COUNCIL meeting 9/9/2020
2020-08-26	10965	https://reflect-claremont.cablecast.tv/store-3/10965-CITY-COUNCIL-MEETING-8-26-20-High-v1.mp4	CITY COUNCIL meeting on 8/26/20
2020-08-12	10948	https://reflect-claremont.cablecast.tv/store-3/10948-CITY-COUNCIL-8-12-20-High-v1.mp4	CITY COUNCIL MEETING  - 8/12/20
2020-07-22	10928	https://reflect-claremont.cablecast.tv/store-3/10928-CITY-COUNCIL-7-22-20-High-v1.mp4	CITY COUNCIL meeting of 7/22/20
2020-07-08	10918	https://reflect-claremont.cablecast.tv/store-3/10918-city-council-meeting-FACEBOOK-to-ELEMENTS-High-v1.mp4	CITY COUNCIL meeting 7/8/20
2020-06-17	10896	https://reflect-claremont.cablecast.tv/store-3/10896-CITY-COUNCIL-High-v1.mp4	DON'T PLAY ON AIR CITY COUNCIL MEETING - Budget 6/17/20
2020-06-10	10891	https://reflect-claremont.cablecast.tv/store-3/10891-CITY-COUNCIL-6-10-20-High-v1.mp4	CITY COUNCIL of 6/10/20 - BUDGET
2020-05-30	10886	https://reflect-claremont.cablecast.tv/store-3/10886-CITY-COUNCIL-BUDGET-PART-TWO-5-30-20-High-v1.mp4	PART TWO -- CITY COUNCIL budget - 5/30/20
2020-05-30	10885	https://reflect-claremont.cablecast.tv/store-3/10885-CITY-COUNCIL-5-30-20-PART-1-High-v1.mp4	PART ONE - CITY COUNCIL MEETING - Budget 5-30-20
2020-05-27	10870	https://reflect-claremont.cablecast.tv/store-3/10870-CITY-COUNCIL-5-27-20-High-v1.mp4	CITY COUNCIL meeting 5/27/20 via ZOOM
2020-05-13	10848	https://reflect-claremont.cablecast.tv/store-3/10848-CITY-COUNCIL-5-13-20-High-v1.mp4	CITY COUNCIL MEETING 5/13/20
2020-04-22	10816	https://reflect-claremont.cablecast.tv/store-3/10816-CITY-COUNCIL-4-22-20-High-v1.mp4	CITY COUNCIL MEETING 4-22-20
2020-04-08	10801	https://reflect-claremont.cablecast.tv/store-3/10801-CITY-COUNCIL-4-8-20-High-v1.mp4	CITY COUNCIL MEETING 4/8/20
2020-03-25	10791	https://reflect-claremont.cablecast.tv/store-3/10791-CITY-COUNCIL-3-25-20-Copy-High-v1.mp4	CITY COUNCIL meeting 3/25/20
2020-03-16	10786	https://reflect-claremont.cablecast.tv/store-3/10786-SP-CITY-COUNCIL-re-COVID-19-3-16-20-High-v1.mp4	CITY COUNCIL meeting 3/16 : official response to the COVID-19 virus pandemic 3/16
2020-03-11	10777	https://reflect-claremont.cablecast.tv/store-3/10777-CITY-COUNCIL-3-11-20-High-v1.mp4	CITY COUNCIL meeting 3-11-20
2020-03-05	10767	https://reflect-claremont.cablecast.tv/store-3/10767-sp-CITY-COUNCIL-compensation-High-v1.mp4	CITY COUNCIL "Compensation Study Presentation" of 3/5/20
2020-02-26	10759	https://reflect-claremont.cablecast.tv/store-3/10759-CITY-COUNCIL-2-26-20-High-v1.mp4	CITY COUNCIL meeting 2/26/20
2020-02-12	10740	https://reflect-claremont.cablecast.tv/store-3/10740-CITY-COUNCIL-2-12-20-High-v2.mp4	CITY COUNCIL meeting 2/12/20
2020-01-22	10705	https://reflect-claremont.cablecast.tv/store-3/10705-CITY-COUNCIL-1-22-20-High-v1.mp4	CITY COUNCIL meeting 1/22/2020
2020-01-08	10682	https://reflect-claremont.cablecast.tv/store-3/10682-city-council-1-8-20-Low-v1.mp4	CITY COUNCIL meeting 1-8-20
2020-01-02	10674	https://reflect-claremont.cablecast.tv/store-3/10674-CITY-COUNCIL-MEETING-1-2-20-Low-v1.mp4	CITY COUNCIL meeting 1/2/20
2019-12-11	10648	https://reflect-claremont.cablecast.tv/store-3/10648-CITY-COUNCIL-12-11-19-Low-v1.mp4	CITY COUNCIL meeting 12-11-19
2019-12-03	10578	https://reflect-claremont.cablecast.tv/store-3/10578-CENSUS-BUREAU-AT-CITY-COUNCIL-9-25-19-COUNCIL-Low-v1.mp4	THE 2020 US CENSUS presentation at City Council outlining procedure & available jobs ---  10-13-19 ACTUAL PREMIERE
2019-11-13	10615	https://reflect-claremont.cablecast.tv/store-3/10615-CITY-COUNCIL-MEETING-Low-v1.mp4	CITY COUNCIL meeting 11-13-19
2019-11-07	10610	https://reflect-claremont.cablecast.tv/store-3/10610-SP-CITY-COUNCIL-CANVASS-THE-VOTE-11-6-19-Low-v1.mp4	SPECIAL CITY COUNCIL MTG. "Canvass the Vote" - results of 11/6 election
2019-10-23	10586	https://reflect-claremont.cablecast.tv/store-3/10586-CITY-COUNCIL-10-23-19-Low-v1.mp4	CITY COUNCIL meeting 10-23-19
2019-10-09	10565	https://reflect-claremont.cablecast.tv/store-3/10565-CITY-COUNCIL-10-9-19-Low-v1.mp4	CITY COUNCIL meeting 10/9 *
2019-09-25	10547	https://reflect-claremont.cablecast.tv/store-3/10547-city-council-9-25-19-Low-v1.mp4	CITY COUNCIL meeting 9-25
2019-09-11	10530	https://reflect-claremont.cablecast.tv/store-3/10530-CITY-COUNCIL-9-11-19-Low-v1.mp4	CITY COUNCIL meeting 9-11
2019-08-14	10493	https://reflect-claremont.cablecast.tv/store-3/10493-CITY-COUNCIL-MEETING-8-14-19-Low-v1.mp4	CITY COUNCIL meeting of 8-14-19
2019-08-07	10483	https://reflect-claremont.cablecast.tv/store-3/10483-CITY-COUNCIL-8-7-19-Low-v1.mp4	CITY COUNCIL meeting 8/7 /19
2019-08-01	10478	https://reflect-claremont.cablecast.tv/store-3/10478-city-council-8-1-19-Low-v1.mp4	CITY COUNCIL meeting - includes update of City Manager search 8-1-19
2019-07-24	10462	https://reflect-claremont.cablecast.tv/store-3/10462-city-council-7-24-19-Low-v1.mp4	CITY COUNCIL meeting 7-24-19
2019-07-10	10448	https://reflect-claremont.cablecast.tv/store-3/10448-CITY-COUNCIL-7-10-19-Low-v1.mp4	CITY COUNCIL meeting 7-10-19
2019-06-26	10434	https://reflect-claremont.cablecast.tv/store-3/10434-CITY-COUNCIL-6-26-19-Low-v1.mp4	CITY COUNCIL meeting 6-26
2019-06-19	10422	https://reflect-claremont.cablecast.tv/store-3/10422-city-council-6-19-19-Low-v1.mp4	CITY COUNCIL meeting 6/19
2019-06-12	10418	https://reflect-claremont.cablecast.tv/store-3/10418-CITY-COUNCIL-6-12-19-Low-v1.mp4	CITY COUNCIL MEETING of 6-12-19 *
2019-05-22	10390	https://reflect-claremont.cablecast.tv/store-3/10390-CITY-COUNCIL-5-22-19-Low-v1.mp4	CITY COUNCIL meeting 5-22-19 *
2019-05-11	10379	https://reflect-claremont.cablecast.tv/store-3/10379-PART-2-CITY-COUNCIL-BUDGET-5-11-19-Low-v2.mp4	(Part 2) CITY COUNCIL Meeting - Budget 5-11-19 *
2019-05-11	10370	https://reflect-claremont.cablecast.tv/store-3/10370-PART-1-CITY-COUNCIL-BUDGET-5-11-19-Low-v1.mp4	(Part 1) CITY COUNCIL Meeting - Budget 5-11-19 *
2019-05-08	10359	https://reflect-claremont.cablecast.tv/store-3/10359-CITY-COUNCIL-5-8-19-Low-v2.mp4	CITY COUNCIL meeting 5-8-19
2019-05-06	10358	https://reflect-claremont.cablecast.tv/store-3/10358-JOINT-SCHOOL-BOARD-CITY-COUNCIL-MEETING-5-6-19-Low-v1.mp4	JOINT MEETING of the CITY COUNCIL & SCHOOL BOARD 5-6-19
2019-04-24	10340	https://reflect-claremont.cablecast.tv/store-3/10340-CITY-COUNCIL-4-24-19-Low-v1.mp4	CITY COUNCIL meeting 4-24
2019-04-23	10339	https://reflect-claremont.cablecast.tv/store-3/10339-CITY-COUNCIL-sp-meeting-4-23-19-Low-v1.mp4	CITY COUNCIL special meeting of 4-23-19
2019-04-10	10328	https://reflect-claremont.cablecast.tv/store-3/10328-CITY-COUNCIL-4-10-19-Low-v1.mp4	CITY COUNCIL meeting of 4-10-19
2019-04-02	10311	https://reflect-claremont.cablecast.tv/store-3/10311-sp-city-council-4-2-19-Low-v1.mp4	CITY COUNCIL special meeting of 4-2 - manager search issues
2019-03-27	10302	https://reflect-claremont.cablecast.tv/store-3/10302-CITY-COUNCIL-3-27-19-Low-v1.mp4	CITY COUNCIL meeting of 3-27
2019-03-26	10303	https://reflect-claremont.cablecast.tv/store-3/10303-CITY-COUNCIL-3-26-19-Low-v1.mp4	CITY COUNCIL meeting of 3-26 - City Manager search issues
2019-03-18	10291	https://reflect-claremont.cablecast.tv/store-3/10291-CITY-COUNCIL-3-18-19-Low-v1.mp4	CITY COUNCIL meeting with NH Municipal Association 3-18
2019-03-13	10283	https://reflect-claremont.cablecast.tv/store-3/10283-CITY-COUNCIL-3-13-19-Low-v2.mp4	CITY COUNCIL meeting of 3-13-19
2019-02-27	10264	https://reflect-claremont.cablecast.tv/store-3/10264-CITY-COUNCIL-2-27-19-Low-v1.mp4	CITY COUNCIL meeting of 2-27 *
2019-02-13	10244	https://reflect-claremont.cablecast.tv/store-3/10244-city-council-2-13-19-Low-v1.mp4	CITY COUNCIL meeting of 2-13-19 *
2019-01-23	10213	https://reflect-claremont.cablecast.tv/store-3/10213-C-COUNCIL-1-23-19-Low-v1.mp4	CLAREMONT CITY COUNCIL meeting of 1-23-19
2019-01-04	10194	https://reflect-claremont.cablecast.tv/store-3/10194-COUNCIL-1-9-19-Low-v1.mp4	CITY COUNCIL meeting of 1/9/19
2019-01-02	10191	https://reflect-claremont.cablecast.tv/store-3/10191-CITY-COUNCIL-1-2-19-Low-v1.mp4	CITY COUNCIL MEETING of 1-2
2018-12-12	10150	https://reflect-claremont.cablecast.tv/store-3/10150-8GA-CITY-COUNCIL-12-12-Low-v1.mp4	CITY COUNCIL MEETING 12-12
2018-11-26	10127	https://reflect-claremont.cablecast.tv/store-3/10127-8GA-SPECIAL-CITY-COUNCIL-11-26-Low-v1.mp4	SPECIAL CITY COUNCIL MEETING 11-26
2018-11-13	10103	https://reflect-claremont.cablecast.tv/store-3/10103-CITY-COUNCIL-11-13-18-Low-v1.mp4	CITY COUNCIL MEETING of 11-13
2018-10-24	10073	https://reflect-claremont.cablecast.tv/store-3/10073-8GA-CITY-COUNCIL-10-24-Low-v1.mp4	CITY COUNCIL MEETING 10-24
2018-10-10	10050	https://reflect-claremont.cablecast.tv/store-3/10050-8GA-CITY-COUNCIL-10-10-18-Low-v1.mp4	CITY COUNCIL 10-10
2018-09-26	10023	https://reflect-claremont.cablecast.tv/store-3/10023-8GA-CITY-COUNCIL-9-26-Low-v1.mp4	CITY COUNCIL MEETING 9-26
2018-09-19	10017	https://reflect-claremont.cablecast.tv/store-3/10017-8GA-CITY-COUNCIL-9-19-ABATEMENTS-ASSESSMENTS-Low-v1.mp4	SPECIAL CITY COUNCIL MEETING  9-19 - Abatement / Assessment Discussion
2018-09-12	9998	https://reflect-claremont.cablecast.tv/store-3/9998-8GA-CITY-COUNCIL-9-12-Low-v1.mp4	CITY COUNCIL MEETING 9-12
2018-09-10	9996	https://reflect-claremont.cablecast.tv/store-3/9996-8GA-SPECIAL-CITY-COUNCIL-9-10-Biomass-and-Net-Mete-Low-v1.mp4	SPECIAL CITY COUNCIL MEETING- Biomass & Net Metering 9-10
2018-08-22	9963	https://reflect-claremont.cablecast.tv/store-3/9963-8GA-CITY-COUNCIL-8-22-Low-v1.mp4	CITY COUNCIL MEETING 8-22
2018-08-09	9953	https://reflect-claremont.cablecast.tv/store-3/9953-SCHOOL-CITY-JOINT-MTG-8-9-18-Low-v1.mp4	JOINT MEETING of the CITY COUNCIL & SCHOOL BOARD of 8-9
2018-08-08	9943	https://reflect-claremont.cablecast.tv/store-3/9943-8GA-CITY-COUNCIL-8-8-Low-v1.mp4	CITY COUNCIL MEETING 8-8
2018-07-11	9896	https://reflect-claremont.cablecast.tv/store-3/9896-8GA-CITY-COUNCIL-7-11-Low-v1.mp4	CITY COUNCIL MEETING 7-11
2018-06-27	9865	https://reflect-claremont.cablecast.tv/store-3/9865-8GA-CITY-COUNCIL-MEETING-6-27-Low-v1.mp4	CITY COUNCIL MEETING 6-27
2018-06-13	9844	https://reflect-claremont.cablecast.tv/store-3/9844-8GA-CITY-COUNCIL-MEETING-6-13-Low-v1.mp4	CITY COUNCIL MEETING 6-13
2018-05-31	9817	https://reflect-claremont.cablecast.tv/store-3/9817-18GA-CITY-COUNCIL-BUDGET-MEETING-5-31-Low-v1.mp4	CITY COUNCIL BUDGET MEETING 5-31
2018-05-23	9800	https://reflect-claremont.cablecast.tv/store-3/9800-8GA-CITY-COUNCIL-MEETING-5-23-Low-v1.mp4	CITY COUNCIL MEETING 5-23
2018-05-12	9787	https://reflect-claremont.cablecast.tv/store-3/9787-18GA-CITY-COUNCIL-BUDGET-MEETING-5-12-Low-v1.mp4	CITY COUNCIL MEETING - 2019 budget session 5-12
2018-05-09	9774	https://reflect-claremont.cablecast.tv/store-3/9774-8GA-CITY-COUNCIL-MEETING-5-9-Low-v1.mp4	CITY COUNCIL MEETING 5-9
2018-04-11	9725	https://reflect-claremont.cablecast.tv/store-3/9725-8GA-CITY-COUNCIL-MEETING-4-11-Low-v1.mp4	CITY COUNCIL MEETING 4-11
2018-03-28	9695	https://reflect-claremont.cablecast.tv/store-3/9695-8GA-CITY-COUNCIL-3-28-Low-v1.mp4	CITY COUNCIL MEETING 3-28
2018-03-14	9668	https://reflect-claremont.cablecast.tv/store-3/9668-8GA-CITY-COUNCIL-MEETING-3-14-Low-v1.mp4	CITY COUNCIL MEETING 3-14
2018-02-28	9640	https://reflect-claremont.cablecast.tv/store-3/9640-8GA-CITY-COUNCIL-MEETING-2-28-Low-v1.mp4	CITY COUNCIL MEETING 2-28
2018-02-14	9614	https://reflect-claremont.cablecast.tv/store-3/9614-8GA-CITY-COUNCIL-MEETING-2-14-Low-v1.mp4	CITY COUNCIL MEETING 2-14
2018-01-24	9575	https://reflect-claremont.cablecast.tv/store-3/9575-8GA-CITY-COUNCIL-MEETING-1-24-Low-v1.mp4	CITY COUNCIL MEETING 1-24 *
2018-01-10	9543	https://reflect-claremont.cablecast.tv/store-3/9543-7GA-CITY-COUNCIL-1-10-Low-v1.mp4	CITY COUNCIL MEETING 1-10 *
2018-01-03	9531	https://reflect-claremont.cablecast.tv/store-3/9531-7GA-CITY-COUNCIL-Oath-of-Office-for-New-Council-1-Low-v1.mp4	CITY COUNCIL- Oath of Office for New Council 1-3-18
2017-12-13	9492	https://reflect-claremont.cablecast.tv/store-3/9492-7GA-CITY-COUNCIL-MEETING-12-13-17-Low-v1.mp4	CITY COUNCIL MEETING 12-13 *
2017-11-29	9452	https://reflect-claremont.cablecast.tv/store-3/9452-7GA-CITY-COUNCIL-MEETING-11-29-17-High-v1.mp4	CITY COUNCIL MEETING 11-29-17
2017-11-09	9455	https://reflect-claremont.cablecast.tv/store-3/9455-city-council-canvass-of-vote-11-9-17-High-v1.mp4	CITY COUNCIL - CANVASS OF THE VOTE from 11-7-17 election *
2017-11-08	9428	https://reflect-claremont.cablecast.tv/store-3/9428-CITY-COUNCIL-MEETING-11-8-17-High-v1.mp4	CITY COUNCIL MEETING 11-8
2017-10-30	9430	https://reflect-claremont.cablecast.tv/store-3/9430-7GA-CLAREMONT-CITY-COUNCIL-CANDIDATE-FORUM-High-v1.mp4	CLAREMONT CITY COUNCIL CANDIDATE FORUM *
2017-10-25	9396	https://reflect-claremont.cablecast.tv/store-3/9396-7GA-CITY-COUNCIL-MEETING-10-25-17-High-v1.mp4	CITY COUNCIL MEETING 10-25
2017-10-19	9383	https://reflect-claremont.cablecast.tv/store-3/9383-7GA-CITY-COUNCIL-10-19-17-KENO-Public-Hearing-High-v1.mp4	CITY COUNCIL: Public Hearing - Keno games 10-19
2017-10-11	9366	https://reflect-claremont.cablecast.tv/store-3/9366-CITY-COUNCIL-OF-10-11-17-High-v1.mp4	CITY COUNCIL MEETING 10-11-17
2017-09-28	9357	https://reflect-claremont.cablecast.tv/store-3/9357-CITY-COUNCIL-SCHOOL-BRD-JOINT-MTG-9-28-17-High-v1.mp4	CITY COUNCIL / SCHOOL BOARD JOINT MEETING 9-28-17
2017-09-27	9341	https://reflect-claremont.cablecast.tv/store-3/9341-7GA-CITY-COUNCIL-MEETING-9-27-17-High-v1.mp4	CITY COUNCIL MEETING 9-27-17
2017-09-21	9329	https://reflect-claremont.cablecast.tv/store-3/9329-High-v1.mp4	SPECIAL CITY COUNCIL: Councillor candidate interviews 9/21
2017-09-15	9327	https://reflect-claremont.cablecast.tv/store-3/9327-CITY-COUNCIL-Legislative-Strategy-Wrkshop-9-15-17-High-v1.mp4	CITY COUNCIL: Legislative Strategy Workshop 9-15
2017-09-13	9314	https://reflect-claremont.cablecast.tv/store-3/9314-7GA-CITY-COUNCIL-MEETING-9-13-17-High-v1.mp4	CITY COUNCIL MEETING 9-13-17
2017-08-23	9277	https://reflect-claremont.cablecast.tv/store-3/9277-7GA-CITY-COUNCIL-MEETING-8-23-17-High-v1.mp4	CITY COUNCIL MEETING 8-23-17
2017-08-09	9256	https://reflect-claremont.cablecast.tv/store-3/9256-7GA-CITY-COUNCIL-8-9-17-High-v1.mp4	CITY COUNCIL MEETING 8-9-17 *
2017-07-12	9212	https://reflect-claremont.cablecast.tv/store-3/9212-7GA-CITY-COUNCIL-MEETING-7-12-17-High-v1.mp4	CITY COUNCIL MEETING 7-12-17
2017-06-28	9181	https://reflect-claremont.cablecast.tv/store-3/9181-7GA-CITY-COUNCIL-MEETING-6-28-17-High-v1.mp4	CITY COUNCIL MEETING 6-28-17
2017-06-22	9170	https://reflect-claremont.cablecast.tv/store-3/9170-SCHOOL-CITY-JOINT-MEETING-6-22-17-High-v1.mp4	CITY COUNCIL & SCHOOL BOARD MEETING - 6-22
2017-06-14	9154	https://reflect-claremont.cablecast.tv/store-3/9154-17GA-CITY-COUNCIL-6-14-17-High-v1.mp4	CITY COUNCIL BUDGET MEETING 6-14-17 *
2017-05-31	9134	https://reflect-claremont.cablecast.tv/store-3/9134-7GA-CITY-COUNCIL-BUDGET-MEETING-5-31-17-High-v1.mp4	CITY COUNCIL BUDGET MEETING 5-31-17 *
2017-05-24	9112	https://reflect-claremont.cablecast.tv/store-3/9112-7GA-CITY-COUNCIL-BUDGET-MEETING-5-24-17-High-v1.mp4	CITY COUNCIL BUDGET MEETING 5-24-17
2017-05-18	9099	https://reflect-claremont.cablecast.tv/store-3/9099-7GA-CITY-COUNCIL-BUDGET-MEETING-5-18-17-High-v1.mp4	CITY COUNCIL BUDGET MEETING 5-18-17
2017-05-11	9087	https://reflect-claremont.cablecast.tv/store-3/9087-7GA-CITY-COUNCIL-BUDGET-MEETING-5-11-17-High-v1.mp4	CITY COUNCIL BUDGET MEETING 5-11-17
2017-05-10	9086	https://reflect-claremont.cablecast.tv/store-3/9086-7GA-CITY-COUNCIL-MEETING-5-10-17-High-v1.mp4	CITY COUNCIL MEETING 5-10-17
2017-04-26	9055	https://reflect-claremont.cablecast.tv/store-3/9055-7GA-CITY-COUNCIL-MEETING-4-26-17-High-v1.mp4	CITY COUNCIL MEETING 4-26-17
2017-04-12	9030	https://reflect-claremont.cablecast.tv/store-3/9030-7GA-CITY-COUNCIL-MEETING-4-12-17-High-v1.mp4	CITY COUNCIL MEETING 4-12-17
2017-03-30	9010	https://reflect-claremont.cablecast.tv/store-3/9010-7GAi-CITY-AND-SCHOOL-JOINT-MEETING-3-28-17-High-v1.mp4	JOINT MEETING OF CITY COUNCIL AND SCHOOL BOARD 3-30-17
2017-03-22	8990	https://reflect-claremont.cablecast.tv/store-3/8990-7GA-CITY-COUNCIL-MEETING-3-22-17-High-v1.mp4	CITY COUNCIL MEETING 3-22-17
2017-03-08	8961	https://reflect-claremont.cablecast.tv/store-3/8961-7PB-CITY-COUNCIL-MEETING-3-8-17-High-v1.mp4	CITY COUNCIL MEETING 3-8-17
2017-02-22	8938	https://reflect-claremont.cablecast.tv/store-3/8938-7GA-CITY-COUNCIL-MEETING-2-22-17-High-v1.mp4	CITY COUNCIL MEETING 2-22-17
2017-02-09	8910	https://reflect-claremont.cablecast.tv/store-3/8910-7GA-CITY-COUNCIL-MEETING-2-15-17-High-v1.mp4	CITY COUNCIL MEETING 2-15-17
2017-01-25	8885	https://reflect-claremont.cablecast.tv/store-3/8885-7GA-CITY-COUNCIL-MEETING-1-25-17-High-v1.mp4	CITY COUNCIL MEETING 1-25-17
2017-01-24	8884	https://reflect-claremont.cablecast.tv/store-3/8884-7GA-CITY-COUNCIL-SCHOOL-BOARD-1-24-17-High-v1.mp4	CITY COUNCIL / SCHOOL BOARD MEETING 1-24-17
2017-01-11	8857	https://reflect-claremont.cablecast.tv/store-3/8857-7GAi-CITY-COUNCIL-1-11-17-High-v1.mp4	CITY COUNCIL MEETING 1-11-17
2016-12-28	8833	https://reflect-claremont.cablecast.tv/store-3/8833-6GA-CITY-COUNCIL-MEETING-12-28-16-High-v1.mp4	CITY COUNCIL MEETING 12-28-16
2016-12-14	8802	https://reflect-claremont.cablecast.tv/store-3/8802-6GA-CITY-COUNCIL-12-14-16-High-v1.mp4	CITY COUNCIL MEETING 12-14-16
2016-11-15	8761	https://reflect-claremont.cablecast.tv/store-3/8761-6GA-JOINT-MEETING-City-Council-School-Board-11-1-High-v1.mp4	JOINT MEETING- CITY COUNCIL & SCHOOL BOARD 11-15-16
2016-11-09	8746	https://reflect-claremont.cablecast.tv/store-3/8746-CITY-COUNCIL-11-10-16-High-v1.mp4	CITY COUNCIL of 11-9-16
2016-10-26	8713	https://reflect-claremont.cablecast.tv/store-3/8713-6GA-CITY-COUNCIL-10-26-16-High-v1.mp4	CITY COUNCIL MEETING 10-26-16
2016-10-12	8693	https://reflect-claremont.cablecast.tv/store-3/8693-6GA-CITY-COUNCIL-10-12-16-High-v1.mp4	CITY COUNCIL MEETING 10-12-16
2016-09-28	8664	https://reflect-claremont.cablecast.tv/store-3/8664-6GA-CITY-COUNCIL-MEETING-9-28-16-High-v1.mp4	CITY COUNCIL MEETING 9-28-16
2016-09-09	8641	https://reflect-claremont.cablecast.tv/store-3/8641-6GA-CITY-COUNCIL-MEETING-on-public-transportation-High-v1.mp4	CITY COUNCIL- special meeting of 9-9 : public transit curtailment and changes
2016-09-06	8633	https://reflect-claremont.cablecast.tv/store-3/8633-6GA-CITY-COUNCIL-9-14-16-High-v1.mp4	CITY COUNCIL MEETING 9-14-16
2016-08-24	8596	https://reflect-claremont.cablecast.tv/store-3/8596-6GA-CITY-COUNCIL-8-24-16-High-v1.mp4	CITY COUNCIL 8-24-16
2016-08-17	8591	https://reflect-claremont.cablecast.tv/store-3/8591-6GA-CITY-COUNCIL-SPECIAL-PUBLIC-MEETING-8-17-16-High-v1.mp4	CITY COUNCIL- Special Public Meeting 8-17-16
2016-08-10	8569	https://reflect-claremont.cablecast.tv/store-3/8569-CITY-COUNCIL-8-10-16-High-v1.mp4	CITY COUNCIL MEETING 8-10-16
2016-08-09	8568	https://reflect-claremont.cablecast.tv/store-3/8568-JOINT-MEETING-OF-CITY-COUNCIL-SCHOOL-BOARD-8-9-High-v1.mp4	JOINT MEETING OF CITY COUNCIL & SCHOOL BOARD 8-9-16
2016-08-03	8565	https://reflect-claremont.cablecast.tv/store-3/8565-SPECIAL-CITY-COUNCIL-MEETING-8-3-16-High-v1.mp4	SPECIAL CITY COUNCIL MEETING 8-3-16
2016-07-27	8542	https://reflect-claremont.cablecast.tv/store-3/8542-CITY-COUNCIL-7-27-16-High-v1.mp4	CITY COUNCIL MEETING 7-27-16
2016-06-02	8429	https://reflect-claremont.cablecast.tv/store-3/8429-CITY-COUNCIL-BUDGET-SESSION-6-2-16-High-v1.mp4	CITY COUNCIL BUDGET SESSION 6-2-16
2016-05-31	8443	https://reflect-claremont.cablecast.tv/store-3/8443-CITY-COUNCIL-6-8-16-High-v1.mp4	CITY COUNCIL MEETING 6-8-16
2016-05-25	8417	https://reflect-claremont.cablecast.tv/store-3/8417-CITY-COUNCIL-BUDGET-SESSION-5-25-16-High-v1.mp4	CITY COUNCIL BUDGET SESSION 5-25-16
2016-05-19	8405	https://reflect-claremont.cablecast.tv/store-3/8405-CITY-COUNCIL-BUDGET-SESSION-5-19-16-High-v1.mp4	CITY COUNCIL BUDGET SESSION 5-19-16
2016-05-11	8391	https://reflect-claremont.cablecast.tv/store-3/8391-CITY-COUNCIL-5-11-16-High-v1.mp4	CITY COUNCIL MEETING 5-11-16
2016-04-27	8358	https://reflect-claremont.cablecast.tv/store-3/8358-CITY_COUNCIL_MEETING_4-27-16-High.mp4	CITY COUNCIL MEETING 4-27-16
2016-04-13	8327	https://reflect-claremont.cablecast.tv/store-3/8327-_CITY_COUNCIL_MEETING_4-13-16-High.mp4	CITY COUNCIL MEETING 4-13-16
2016-03-23	8280	https://reflect-claremont.cablecast.tv/store-3/8280-_CITY_COUNCIL_MEETING_3-23-16-High.mp4	CITY COUNCIL MEETING 3-23-16
2016-03-09	8245	https://reflect-claremont.cablecast.tv/store-3/8245-CITY_COUNCIL_3-9-16-High.mp4	CITY COUNCIL 3-9-16
2016-02-10	8184	https://reflect-claremont.cablecast.tv/store-3/8184-CITY_COUNCIL_MEETING_2-10-16-High.mp4	CITY COUNCIL MEETING 2-10-16
2015-10-28	7945	https://reflect-claremont.cablecast.tv/store-3/7945-YOUR_VOTE-_choice_candidates_for_City_Council-Low.mp4	YOUR VOTE- choice candidates for City Council
2015-05-13	7554	https://reflect-claremont.cablecast.tv/store-3/7554-CLAREMONT_CITY_COUNCIL_5_13-Low.mp4	CLAREMONT CITY COUNCIL 5/13
2014-09-10	7005	https://reflect-claremont.cablecast.tv/store-3/7005-CLAREMONT_CITY_COUNCIL_9_10-Low.mp4	CLAREMONT CITY COUNCIL 9/10
2014-08-27	6977	https://reflect-claremont.cablecast.tv/store-3/6977-CLAREMONT_CITY_COUNCIL_8_27-Low.mp4	CLAREMONT CITY COUNCIL 8/27
2014-08-13	6945	https://reflect-claremont.cablecast.tv/store-3/6945-Low.mp4	CITY COUNCIL MEETING of 8/13
2014-07-23	6889	https://reflect-claremont.cablecast.tv/store-3/6889-Low.mp4	CLAREMONT CITY COUNCIL MEETING 7/23
2014-07-09	6856	https://reflect-claremont.cablecast.tv/store-3/6856-Low.mp4	CITY COUNCIL MEETING of 7/9
2014-03-31	6610	https://reflect-claremont.cablecast.tv/store-3/6610-Low.mp4	CITY COUNCIL special meeting of 3/31
2014-03-12	6566	https://reflect-claremont.cablecast.tv/store-3/6566-Medium.mp4	CITY COUNCIL MEETING of 3/12
